{
    "splines": [
        {
            "controlPoints": [
                {
                    "position": {
                        "x": 1.7559752464294434,
                        "y": 0.0,
                        "z": 0.0
                    },
                    "handleL": {
                        "x": 0.31323325634002686,
                        "y": -4.229208946228027,
                        "z": -0.4200299382209778
                    },
                    "handleR": {
                        "x": 4.955700874328613,
                        "y": 9.3795747756958,
                        "z": 0.9315459728240967
                    },
                    "tilt": 0.0
                },
                {
                    "position": {
                        "x": 26.658554077148438,
                        "y": 0.8475813865661621,
                        "z": 5.403733253479004
                    },
                    "handleL": {
                        "x": 16.87436294555664,
                        "y": 0.4530705213546753,
                        "z": 3.6158814430236816
                    },
                    "handleR": {
                        "x": 37.18244552612305,
                        "y": 1.2719179391860962,
                        "z": 7.326749801635742
                    },
                    "tilt": 0.0
                },
                {
                    "position": {
                        "x": 53.75476837158203,
                        "y": 2.108489990234375,
                        "z": 9.437156677246094
                    },
                    "handleL": {
                        "x": 38.22320556640625,
                        "y": -2.3190622329711914,
                        "z": 6.095157146453857
                    },
                    "handleR": {
                        "x": 62.17378616333008,
                        "y": 4.508482933044434,
                        "z": 11.248716354370117
                    },
                    "tilt": 0.0
                },
                {
                    "position": {
                        "x": 57.04668426513672,
                        "y": -14.06125545501709,
                        "z": 17.16718292236328
                    },
                    "handleL": {
                        "x": 75.58103942871094,
                        "y": -9.804044723510742,
                        "z": 16.109086990356445
                    },
                    "handleR": {
                        "x": 23.686744689941406,
                        "y": -21.723798751831055,
                        "z": 19.07164764404297
                    },
                    "tilt": 0.0
                },
                {
                    "position": {
                        "x": 38.99940872192383,
                        "y": -57.53337097167969,
                        "z": 17.91759490966797
                    },
                    "handleL": {
                        "x": 56.99333190917969,
                        "y": -61.24897003173828,
                        "z": 17.479097366333008
                    },
                    "handleR": {
                        "x": 16.09847068786621,
                        "y": -52.80451202392578,
                        "z": 18.475671768188477
                    },
                    "tilt": 0.0
                },
                {
                    "position": {
                        "x": 10.285837173461914,
                        "y": -7.52842378616333,
                        "z": 1.6508673429489136
                    },
                    "handleL": {
                        "x": 24.19488525390625,
                        "y": -24.492786407470703,
                        "z": 6.37868070602417
                    },
                    "handleR": {
                        "x": 7.504027843475342,
                        "y": -4.1355509757995605,
                        "z": 0.7053046822547913
                    },
                    "tilt": 0.0
                }
            ],
            "closed": true
        }
    ]
}