# Blender 4.4.0
# www.blender.org
o Icosphere
v -0.945950 9.163331 0.414880
v -0.920929 9.146105 0.468559
v -0.954795 9.092913 0.421867
v -0.959333 9.029894 0.365245
v -0.960108 9.138025 0.391320
v -0.969913 9.107179 0.365216
v -0.965591 9.067728 0.313532
v -0.969562 9.147065 0.328363
v -0.970373 9.126083 0.299398
v -0.934177 9.012453 0.268735
v -0.936971 9.058995 0.230927
v -0.950791 9.149889 0.224080
v -0.879403 9.070057 0.128302
v -0.915798 9.144506 0.151206
v -0.736271 9.083988 0.003810
v -0.862264 9.089081 0.100524
v -0.708498 9.091597 -0.023691
v -0.728851 9.163055 -0.004750
v -0.873994 9.140329 0.107173
v -0.649377 9.135928 0.552563
v -0.657294 8.984141 0.518013
v -0.667599 9.042744 0.503954
v -0.661078 9.071874 0.501976
v -0.671540 9.099824 0.472423
v -0.679129 8.929460 0.509626
v -0.677130 8.869941 0.496123
v -0.656495 8.940278 0.517615
v -0.664219 8.912786 0.508367
v -0.824712 9.025379 0.536856
v -0.796746 8.928046 0.532465
v -0.822287 8.970160 0.541059
v -0.672306 8.980284 0.512365
v -0.896567 9.101025 0.507734
v -0.836827 9.092723 0.511015
v -0.870168 9.070838 0.526897
v -0.882096 9.045557 0.525025
v -0.862572 9.001808 0.536445
v -0.688584 9.050845 0.495445
v -0.688597 9.018342 0.507535
v -0.684134 9.122551 0.451849
v -0.878862 9.127062 0.495180
v -0.678537 9.139973 0.450745
v -0.689783 9.091659 0.471194
v -0.659329 8.815847 0.483854
v -0.683639 8.796894 0.455016
v -0.857640 8.896104 0.488770
v -0.825698 8.877152 0.506953
v -0.801285 8.887473 0.519598
v -0.681692 8.832795 0.480321
v -0.912295 8.968973 0.461144
v -0.841232 8.938361 0.531476
v -0.928990 9.024792 0.461143
v -0.919374 9.090175 0.484702
v -0.908012 9.136320 0.483762
v -0.693435 8.752948 0.411375
v -0.683742 8.737745 0.402913
v -0.670025 8.767803 0.438878
v -0.779153 8.780736 0.427595
v -0.815900 8.810061 0.445139
v -0.799256 8.837618 0.486526
v -0.911990 8.920283 0.369290
v -0.883598 8.890189 0.428243
v -0.955976 9.037004 0.401013
v -0.609588 8.382442 0.328970
v -0.635217 8.448107 0.317069
v -0.603405 8.461228 0.388848
v -0.695778 8.679895 0.336271
v -0.674194 8.595455 0.344535
v -0.767632 8.720548 0.275591
v -0.803562 8.766690 0.384155
v -0.781542 8.737630 0.342458
v -0.690893 8.705856 0.370075
v -0.725295 8.703148 0.338094
v -0.932161 8.969411 0.327065
v -0.671960 8.473560 0.258840
v -0.702883 8.666496 0.292136
v -0.700437 8.648025 0.252066
v -0.711251 8.666566 0.238637
v -0.814816 8.798099 0.274240
v -0.814644 8.826373 0.228043
v -0.705723 8.667846 0.184904
v -0.810074 8.879419 0.161893
v -0.688349 8.503887 0.231835
v -0.673201 8.462282 0.141536
v -0.696402 8.534258 0.216030
v -0.756414 8.729852 0.201492
v -0.696118 8.688603 0.115200
v -0.694538 8.650321 0.124027
v -0.749031 8.776905 0.128827
v -0.796334 8.941730 0.096218
v -0.757132 8.966278 0.047503
v -0.630096 9.173466 0.620386
v -0.637610 8.994731 0.585063
v -0.615084 8.923063 0.621254
v -0.595390 9.030272 0.700796
v -0.621329 9.048811 0.643974
v -0.656564 8.876620 0.504283
v -0.607156 8.792215 0.560654
v -0.630628 8.713464 0.479511
v -0.656729 8.663689 0.419044
v -0.602590 8.562816 0.437376
v -0.561872 8.129639 0.381473
v -0.606090 8.359251 0.293527
v -0.595508 8.213575 0.212229
v -0.592417 8.181492 0.157390
v -0.621896 8.306925 0.208923
v -0.644091 8.311112 0.144754
v -0.615194 8.256057 0.165002
v -0.660728 8.399518 0.196754
v -0.588589 9.167730 0.727397
v -0.542090 9.152420 0.802664
v -0.569128 8.950268 0.715121
v -0.535622 9.027102 0.788518
v -0.523341 8.746238 0.656348
v -0.543710 8.576029 0.548003
v -0.575143 8.441108 0.446010
v -0.566692 8.658811 0.532299
v -0.494886 8.010185 0.540955
v -0.499483 7.740279 0.426199
v -0.525864 7.795843 0.336216
v -0.479909 7.605146 0.398809
v -0.474868 7.510983 0.242843
v -0.490676 7.586666 0.217352
v -0.570140 8.090098 0.246674
v -0.561261 8.042013 0.147606
v -0.480730 8.928795 0.808946
v -0.494523 9.049023 0.835171
v -0.489136 9.174109 0.857036
v -0.434299 9.188022 0.895839
v -0.486248 8.686883 0.696039
v -0.536010 8.855081 0.707291
v -0.480817 8.814235 0.745732
v -0.505050 8.577260 0.639324
v -0.408216 7.738036 0.616065
v -0.463184 7.866931 0.570935
v -0.441156 8.046912 0.666352
v -0.428839 7.802827 0.614615
v -0.460768 7.613974 0.459137
v -0.443493 7.518155 0.411853
v -0.431480 7.447031 0.332725
v -0.440933 7.573092 0.466949
v -0.451263 7.448353 0.263868
v -0.410252 7.473922 0.407644
v -0.459621 7.526142 0.376434
v -0.430223 7.412512 0.261855
v -0.412758 7.389328 0.153223
v -0.477972 7.567334 0.160733
v -0.451841 7.458375 0.173730
v -0.437343 7.415447 0.202568
v -0.323104 8.700514 0.880181
v -0.379556 8.968472 0.900066
v -0.415352 9.075377 0.900173
v -0.346351 8.079306 0.829602
v -0.394875 8.774945 0.825900
v -0.452236 8.761823 0.761205
v -0.419475 8.835181 0.817546
v -0.382843 7.991526 0.767001
v -0.337449 7.957346 0.816406
v -0.288136 7.770889 0.745279
v -0.401465 7.920416 0.714754
v -0.375993 7.878702 0.738040
v -0.356124 7.632965 0.601168
v -0.381897 7.685903 0.616769
v -0.417834 7.538568 0.468103
v -0.384305 7.411808 0.345337
v -0.385797 7.387755 0.297574
v -0.400963 7.376695 0.232977
v -0.347723 7.342475 0.223080
v -0.407555 7.377571 0.185173
v -0.364659 7.347266 0.134275
v -0.327341 9.135618 0.952455
v -0.312296 9.042510 0.951169
v -0.336227 8.865507 0.887702
v -0.315949 8.803267 0.891282
v -0.298662 8.014312 0.868326
v -0.274717 7.886182 0.821755
v -0.409325 8.674078 0.800333
v -0.230471 7.604832 0.658120
v -0.343048 7.528774 0.521729
v -0.210954 7.397554 0.465771
v -0.323273 7.405451 0.392717
v -0.269952 7.322352 0.283489
v -0.291925 7.311949 0.159617
v -0.224224 9.076432 0.990959
v -0.232100 8.766209 0.935843
v -0.241408 8.952664 0.961789
v -0.245048 8.886289 0.939257
v -0.262180 8.095995 0.909738
v -0.227152 8.058053 0.925989
v -0.206751 7.903040 0.864029
v -0.273516 8.013100 0.885263
v -0.193235 7.450609 0.536658
v -0.213926 7.333804 0.366131
v -0.180430 7.274456 0.161660
v -0.172420 9.006754 0.996629
v -0.202040 9.154993 0.999411
v -0.183058 8.768332 0.954553
v -0.186083 8.164025 0.952667
v -0.095691 8.738210 0.979610
v -0.175503 8.892303 0.965374
v -0.159846 8.067532 0.953427
v -0.123107 7.995340 0.933524
v -0.208559 7.718476 0.751814
v -0.124655 7.644159 0.725564
v -0.122122 7.505470 0.614827
v -0.113606 7.339862 0.438308
v -0.148779 7.295635 0.336886
v -0.200036 7.285436 0.238456
v -0.116284 9.180495 1.020487
v -0.114768 8.907858 0.983522
v -0.029619 8.845229 0.987723
v -0.090039 8.976768 1.006272
v -0.104768 9.070239 1.019753
v -0.095179 8.085380 0.973834
v -0.078975 8.234863 0.986663
v -0.119690 8.826996 0.973720
v -0.020620 8.012653 0.954549
v -0.103048 7.856003 0.869059
v -0.100653 7.744786 0.801661
v -0.014104 7.511491 0.637709
v -0.099150 7.394570 0.513377
v -0.046931 7.433237 0.563152
v -0.025518 7.362502 0.488820
v -0.031007 7.313880 0.421368
v -0.075149 7.295573 0.378891
v -0.124279 7.268681 0.270248
v -0.066618 7.262624 0.294500
v -0.008285 9.188824 1.036159
v -0.019659 8.901754 0.993769
v 0.013944 9.077875 1.028651
v -0.006796 8.730473 0.987987
v -0.011803 8.108454 0.989656
v -0.009176 7.888250 0.894934
v -0.000340 7.764969 0.823547
v 0.001096 7.245301 0.215932
v 0.026196 7.254238 0.274370
v -0.915598 9.189268 0.423949
v -0.860819 9.207686 0.397081
v -0.933257 9.181189 0.418078
v -0.715820 9.193610 0.402273
v -0.868780 9.155272 0.467425
v -0.901753 9.167050 0.457808
v -0.716539 9.269580 0.325295
v -0.705811 9.243966 0.366266
v -0.728686 9.246452 0.336850
v -0.715339 9.236287 0.360982
v -0.715514 9.381421 0.336860
v -0.937789 9.210824 0.357042
v -0.918499 9.208974 0.386784
v -0.958631 9.180529 0.352275
v -0.883879 9.231402 0.342034
v -0.764954 9.257810 0.298598
v -0.911716 9.234651 0.308460
v -0.755153 9.278699 0.246048
v -0.727859 9.271317 0.299448
v -0.725533 9.283198 0.289238
v -0.953741 9.205482 0.306384
v -0.962417 9.172488 0.273564
v -0.882468 9.243368 0.245040
v -0.782971 9.273335 0.195454
v -0.749385 9.297385 0.163720
v -0.741549 9.296943 0.220380
v -0.745848 9.397676 0.189205
v -0.930325 9.225141 0.263160
v -0.946407 9.204757 0.242495
v -0.939697 9.179277 0.196713
v -0.912973 9.222898 0.212953
v -0.764675 9.280941 0.153119
v -0.733758 9.543356 0.104492
v -0.916825 9.201239 0.177972
v -0.893772 9.179324 0.136449
v -0.785015 9.245072 0.099403
v -0.754044 9.287289 0.117563
v -0.753086 9.259270 0.066598
v -0.750929 9.307045 0.021523
v -0.753251 9.414979 0.066881
v -0.714927 9.587810 0.041398
v -0.750487 9.182151 0.022618
v -0.742292 9.207672 0.021716
v -0.743047 9.429611 -0.009924
v -0.719682 9.551351 -0.006717
v -0.648334 9.280759 0.573407
v -0.689461 9.255969 0.433113
v -0.687851 9.366711 0.447067
v -0.664701 9.512974 0.476953
v -0.689085 9.148640 0.438029
v -0.697119 9.213633 0.397249
v -0.737077 9.157629 0.431564
v -0.687837 9.179231 0.426349
v -0.710339 9.492045 0.328984
v -0.696043 9.562068 0.329037
v -0.719335 9.568618 0.215796
v -0.670619 9.676170 0.244769
v -0.691996 9.651627 0.111102
v -0.643018 9.726741 0.127097
v -0.665790 9.677801 0.008430
v -0.596812 9.328218 0.695562
v -0.589794 9.468502 0.669203
v -0.647239 9.408991 0.567051
v -0.623100 9.543493 0.564434
v -0.576141 9.649681 0.556955
v -0.600788 9.660604 0.500506
v -0.656059 9.616965 0.412837
v -0.601917 9.702224 0.430834
v -0.634774 9.709196 0.312750
v -0.591427 9.777934 0.230100
v -0.585162 9.790094 0.120040
v -0.586905 9.776494 0.005378
v -0.546919 9.296600 0.780920
v -0.535026 9.428614 0.758256
v -0.527767 9.532214 0.718087
v -0.592255 9.582308 0.596060
v -0.537842 9.626215 0.635502
v -0.484301 9.690710 0.628762
v -0.527037 9.732633 0.519628
v -0.553165 9.756513 0.429033
v -0.571801 9.776601 0.322751
v -0.526015 9.835298 0.226865
v -0.531562 9.836549 0.096947
v -0.497048 9.855401 -0.005602
v -0.495201 9.301365 0.836055
v -0.465844 9.477870 0.797931
v -0.465851 9.624225 0.711766
v -0.493610 9.793805 0.463334
v -0.467498 9.854785 0.348033
v -0.400970 9.920564 0.226299
v -0.436487 9.904918 0.110378
v -0.434742 9.307476 0.881309
v -0.316055 9.192680 0.956786
v -0.394388 9.566232 0.800388
v -0.400892 9.412856 0.867083
v -0.413856 9.667560 0.718049
v -0.425542 9.755345 0.609916
v -0.424784 9.835457 0.475251
v -0.343946 9.875617 0.486280
v -0.360408 9.943557 -0.003162
v -0.315396 9.315630 0.938998
v -0.313381 9.474821 0.880647
v -0.300953 9.597503 0.830518
v -0.338870 9.651408 0.780335
v -0.372063 9.696895 0.723002
v -0.341603 9.818007 0.594693
v -0.297153 9.775691 0.686366
v -0.366057 9.916105 0.347165
v -0.306345 9.928925 0.393698
v -0.262745 9.994141 0.118983
v -0.240434 9.269120 0.975654
v -0.234540 9.366651 0.950517
v -0.210701 9.567893 0.877686
v -0.251002 9.682090 0.802738
v -0.208253 9.744460 0.767814
v -0.288014 9.729548 0.743826
v -0.219788 9.814335 0.681767
v -0.229220 9.899465 0.534872
v -0.224390 9.936405 0.460480
v -0.217507 9.976828 0.342867
v -0.228167 10.004768 0.012349
v -0.089414 9.259404 1.016784
v -0.157253 9.332386 0.981579
v -0.121948 9.417411 0.958350
v -0.161270 9.694931 0.821352
v -0.124354 9.805954 0.726136
v -0.171652 9.865377 0.625030
v -0.127493 9.927381 0.536360
v -0.145733 10.003950 0.319388
v -0.238729 9.992220 0.242751
v -0.105742 10.029659 0.229545
v -0.117365 10.040157 0.108266
v -0.055900 9.353305 0.993311
v -0.134466 9.546421 0.903377
v -0.014284 9.481853 0.945419
v -0.087515 9.624698 0.873818
v -0.094283 9.705519 0.824210
v -0.103604 9.761354 0.777309
v -0.082124 9.864431 0.657399
v -0.019784 9.949596 0.523776
v -0.100307 9.973456 0.439338
v -0.087233 10.046697 0.007254
v -0.007726 9.271062 1.024965
v 0.041633 9.309997 1.011806
v -0.000241 9.372482 0.990582
v 0.018374 9.588257 0.896417
v 0.001719 9.675096 0.850260
v 0.003886 9.756515 0.790189
v 0.005685 9.826856 0.716046
v 0.016200 9.889148 0.631120
v -0.029154 10.009175 0.362339
v 0.017848 10.038250 0.231337
v -0.034371 10.051009 0.129143
v 0.004162 10.057837 0.020312
v -0.191501 7.846226 -0.444250
v -0.266079 7.900047 -0.495371
v -0.239765 7.887361 -0.555181
v -0.217530 7.893535 -0.607504
v -0.197904 7.841270 -0.513297
v -0.188774 7.840641 -0.561613
v -0.155024 7.835806 -0.625998
v -0.019826 7.841704 -0.340034
v -0.097225 7.850103 -0.346569
v -0.102733 7.809397 -0.450878
v -0.105340 7.788693 -0.551219
v -0.066448 7.782751 -0.520947
v -0.112110 7.798432 -0.616246
v -0.052413 7.809665 -0.680305
v -0.119596 7.834403 -0.661993
v -0.136798 7.886894 -0.687600
v -0.077002 7.838284 -0.692166
v -0.071588 7.864861 -0.710298
v -0.036994 7.799223 -0.446775
v -0.036344 7.770730 -0.602249
v 0.000763 7.774977 -0.523366
v -0.033131 7.781102 -0.645589
v -0.006888 7.801423 -0.684090
v 0.024377 7.778446 -0.641630
v -0.062732 7.911592 -0.723856
v 0.000713 7.841635 -0.713189
v 0.004851 7.880200 -0.727367
v -0.681625 9.175470 -0.194527
v -0.729701 9.206959 -0.033745
v -0.700230 8.829675 0.032061
v -0.694596 8.741612 0.066968
v -0.678504 8.883659 -0.012650
v -0.688495 9.010742 -0.029665
v -0.683668 8.952313 -0.021030
v -0.657925 8.942117 -0.137352
v -0.681881 8.763618 0.025104
v -0.657572 8.853990 -0.152126
v -0.665032 9.067661 -0.233195
v -0.664316 9.141216 -0.281136
v -0.652904 8.946896 -0.213137
v -0.666968 8.990605 -0.346679
v -0.664254 9.081980 -0.375809
v -0.653370 9.214319 -0.326339
v -0.642785 8.286732 0.083636
v -0.671629 8.444555 0.110713
v -0.667093 8.356081 0.050422
v -0.681472 8.437386 0.038467
v -0.672546 8.636095 0.028644
v -0.681289 8.503436 0.022055
v -0.632584 8.378716 -0.069899
v -0.664770 8.612660 -0.074431
v -0.654908 8.735805 -0.110400
v -0.659069 8.494208 -0.075471
v -0.671649 8.687943 -0.139176
v -0.666682 8.521232 -0.042411
v -0.667568 8.576608 -0.084291
v -0.658756 8.775898 -0.172983
v -0.705239 8.563636 -0.174252
v -0.655942 8.814516 -0.234368
v -0.658537 8.904397 -0.349406
v -0.704877 8.522088 -0.190009
v -0.708412 8.567088 -0.303812
v -0.708659 8.686303 -0.270806
v -0.711638 8.638901 -0.224868
v -0.717386 8.616572 -0.267011
v -0.701349 8.719120 -0.310003
v -0.673816 8.776696 -0.329120
v -0.654584 8.820430 -0.279799
v -0.644561 8.809936 -0.360696
v -0.645356 8.846576 -0.396078
v -0.653701 8.935854 -0.396659
v -0.639342 8.929959 -0.428901
v -0.643695 9.104977 -0.450247
v -0.640780 9.020377 -0.434763
v -0.617751 9.104218 -0.511034
v -0.704505 8.699602 -0.346751
v -0.711041 8.641385 -0.339033
v -0.689589 8.674635 -0.407408
v -0.685663 8.626710 -0.411123
v -0.651390 8.776551 -0.376349
v -0.673791 8.757616 -0.385567
v -0.629897 8.792720 -0.384362
v -0.626434 8.779615 -0.398070
v -0.620995 8.786637 -0.397982
v -0.607692 8.775458 -0.418001
v -0.625810 8.795857 -0.390407
v -0.616959 8.800498 -0.412158
v -0.615350 8.834715 -0.483269
v -0.593980 8.795962 -0.462943
v -0.647485 8.720778 -0.447848
v -0.633852 8.756001 -0.418895
v -0.571793 8.142109 0.070018
v -0.600971 8.211014 0.100524
v -0.571893 8.162268 0.020621
v -0.522741 8.098506 -0.041313
v -0.579799 8.168094 -0.071942
v -0.620589 8.237748 -0.037754
v -0.595379 8.209602 -0.107361
v -0.642870 8.309638 -0.025717
v -0.557512 8.149831 -0.149951
v -0.606696 8.319036 -0.117019
v -0.644480 8.424957 -0.075120
v -0.660493 8.391739 -0.176304
v -0.607308 8.298680 -0.216147
v -0.678852 8.460796 -0.134952
v -0.692770 8.471181 -0.190561
v -0.591714 8.288576 -0.290697
v -0.678827 8.452254 -0.246381
v -0.616293 8.942052 -0.457653
v -0.622397 8.999359 -0.454191
v -0.603257 8.375517 -0.339973
v -0.669643 8.496943 -0.330110
v -0.660665 8.553720 -0.411562
v -0.615953 8.442109 -0.366335
v -0.566482 8.418949 -0.398272
v -0.599032 8.519691 -0.467729
v -0.604623 8.783411 -0.421640
v -0.614784 8.789529 -0.406504
v -0.592583 8.776109 -0.442378
v -0.606750 8.781178 -0.416761
v -0.598383 8.777565 -0.430543
v -0.601158 8.776743 -0.425529
v -0.599314 8.829484 -0.513191
v -0.606268 8.912182 -0.475651
v -0.593611 8.973678 -0.474057
v -0.602391 9.084105 -0.525102
v -0.543772 8.467851 -0.460899
v -0.559129 8.519906 -0.528763
v -0.644771 8.661237 -0.482006
v -0.597826 8.726390 -0.469699
v -0.599447 8.699795 -0.501493
v -0.615283 8.598865 -0.510662
v -0.626523 8.684722 -0.501243
v -0.596627 8.755451 -0.444142
v -0.595590 8.769304 -0.436789
v -0.567847 8.727179 -0.480462
v -0.589713 8.760698 -0.446942
v -0.586889 8.764685 -0.449140
v -0.580694 8.752557 -0.458613
v -0.578679 8.756396 -0.459780
v -0.569000 8.747826 -0.471033
v -0.596584 8.774788 -0.433581
v -0.578585 8.760343 -0.459949
v -0.584924 8.869482 -0.520636
v -0.551287 8.831438 -0.556463
v -0.595820 9.134445 -0.550329
v -0.573279 8.602134 -0.561645
v -0.577146 8.650175 -0.553799
v -0.549518 8.693116 -0.519278
v -0.578438 8.555054 -0.536620
v -0.570533 8.741037 -0.470923
v -0.537862 8.747720 -0.526110
v -0.540472 8.015201 0.082791
v -0.452501 7.531814 0.113031
v -0.426837 7.438524 0.124452
v -0.417622 7.523724 0.061416
v -0.515294 8.047521 -0.002000
v -0.479923 7.890017 0.014510
v -0.478049 8.006365 -0.040143
v -0.435616 7.999414 -0.087099
v -0.445205 8.037859 -0.117799
v -0.492387 8.064075 -0.066242
v -0.518580 8.097543 -0.160136
v -0.556233 8.171201 -0.184346
v -0.399309 8.007666 -0.322912
v -0.504787 8.097546 -0.236948
v -0.496718 8.118508 -0.305193
v -0.552690 8.213627 -0.228000
v -0.508192 8.169446 -0.337791
v -0.542599 8.222974 -0.322392
v -0.513006 8.224113 -0.388894
v -0.530968 8.256852 -0.373657
v -0.472396 8.252353 -0.460475
v -0.565856 8.365119 -0.371142
v -0.536355 8.308020 -0.387707
v -0.513843 8.347372 -0.408731
v -0.468296 8.380513 -0.444467
v -0.483201 8.438151 -0.456309
v -0.573041 8.924688 -0.485660
v -0.543441 8.919567 -0.486514
v -0.526653 8.902097 -0.490203
v -0.595239 9.023937 -0.493061
v -0.580532 8.998644 -0.486442
v -0.571497 8.964201 -0.480143
v -0.552824 8.948122 -0.478625
v -0.550243 8.989481 -0.479528
v -0.563643 9.024162 -0.503028
v -0.539419 9.037084 -0.511541
v -0.510948 8.477705 -0.524667
v -0.452837 8.448309 -0.525865
v -0.550005 8.890908 -0.511795
v -0.523502 8.884782 -0.518583
v -0.521433 9.133342 -0.611360
v -0.539182 9.167774 -0.616303
v -0.538991 9.074021 -0.549568
v -0.518679 8.521158 -0.567534
v -0.430110 8.457364 -0.563483
v -0.528567 8.645394 -0.575424
v -0.527278 8.554719 -0.582842
v -0.529020 8.598224 -0.588199
v -0.545264 8.723694 -0.497756
v -0.491282 8.674471 -0.561119
v -0.566523 8.756130 -0.476643
v -0.452440 8.669908 -0.581345
v -0.505651 8.785727 -0.578366
v -0.484506 8.862457 -0.570760
v -0.440634 8.838689 -0.596157
v -0.423248 8.756936 -0.606930
v -0.377107 7.413964 0.067719
v -0.345485 7.362716 0.074331
v -0.393703 7.385940 0.114668
v -0.328336 7.332524 0.103483
v -0.430128 7.917653 -0.055190
v -0.376393 7.589919 -0.003661
v -0.342637 7.468121 0.012662
v -0.444745 8.027955 -0.098790
v -0.397114 8.007387 -0.125115
v -0.372218 7.980962 -0.119920
v -0.383288 7.927608 -0.092364
v -0.380004 8.004084 -0.142270
v -0.481339 8.061358 -0.162671
v -0.472700 8.056074 -0.116580
v -0.380585 7.988308 -0.245594
v -0.394010 7.997924 -0.278711
v -0.421148 8.043154 -0.356839
v -0.475343 8.887453 -0.444240
v -0.422300 8.919078 -0.420474
v -0.443017 8.894911 -0.425210
v -0.495096 8.980069 -0.445558
v -0.484293 8.936854 -0.433472
v -0.442929 8.967789 -0.430244
v -0.350323 7.974525 -0.434614
v -0.420293 8.079252 -0.422899
v -0.406577 8.135191 -0.492337
v -0.433261 8.394268 -0.462561
v -0.406570 8.400461 -0.472070
v -0.488253 8.870798 -0.505898
v -0.418401 8.828146 -0.461217
v -0.478688 9.023269 -0.467205
v -0.505520 9.054037 -0.527507
v -0.446997 9.008167 -0.449604
v -0.365328 8.075202 -0.522377
v -0.387371 8.182369 -0.532702
v -0.383541 8.234588 -0.537649
v -0.454702 8.278668 -0.472959
v -0.388140 8.304506 -0.514178
v -0.446762 8.421447 -0.476596
v -0.332303 8.353369 -0.544263
v -0.459483 8.861271 -0.543624
v -0.470368 9.066270 -0.563338
v -0.344168 8.354869 -0.568690
v -0.358386 8.384882 -0.589235
v -0.402816 8.460287 -0.588478
v -0.444455 8.578991 -0.612837
v -0.450013 8.533860 -0.606031
v -0.446629 8.855127 -0.583954
v -0.481821 9.089751 -0.601388
v -0.415880 9.088348 -0.747069
v -0.402094 9.039348 -0.633322
v -0.378365 8.470603 -0.608881
v -0.451258 8.620771 -0.596005
v -0.395238 8.627136 -0.632739
v -0.448402 8.703369 -0.599475
v -0.286258 7.327963 0.058201
v -0.290336 7.355116 0.032365
v -0.295018 7.427536 -0.001505
v -0.333932 7.904030 -0.108994
v -0.295841 7.562326 -0.043898
v -0.357775 7.995088 -0.162406
v -0.320197 7.983214 -0.149330
v -0.318506 7.945056 -0.310202
v -0.311382 7.961730 -0.233888
v -0.316229 7.936028 -0.425533
v -0.266355 7.895939 -0.433183
v -0.409196 8.843254 -0.440307
v -0.377161 8.883470 -0.427487
v -0.363777 8.833323 -0.440984
v -0.404449 8.985914 -0.442982
v -0.377471 8.952051 -0.436781
v -0.344867 8.919349 -0.444339
v -0.365722 8.793059 -0.516226
v -0.346933 8.801739 -0.461991
v -0.341423 8.782900 -0.488501
v -0.390647 9.019961 -0.470718
v -0.435211 9.044646 -0.486614
v -0.399589 9.050281 -0.524376
v -0.316308 7.952998 -0.487735
v -0.338370 8.002497 -0.508570
v -0.381462 8.837491 -0.588767
v -0.318486 8.826376 -0.608630
v -0.425533 9.053923 -0.577145
v -0.342711 9.029496 -0.548823
v -0.332799 8.092269 -0.582471
v -0.334187 8.142167 -0.595110
v -0.333860 8.227938 -0.590420
v -0.316353 8.197572 -0.608389
v -0.283145 8.319421 -0.590719
v -0.374156 8.836319 -0.606968
v -0.285324 8.816690 -0.649502
v -0.308463 8.826320 -0.630266
v -0.284047 8.099550 -0.634219
v -0.161026 8.160310 -0.699952
v -0.240104 8.263227 -0.651810
v -0.261278 8.308484 -0.606697
v -0.337750 8.392965 -0.625561
v -0.300713 8.323367 -0.636984
v -0.355680 8.435542 -0.613747
v -0.317818 8.480064 -0.639318
v -0.270243 8.467402 -0.664260
v -0.384561 8.567970 -0.640132
v -0.358475 8.667834 -0.654368
v -0.259246 8.605492 -0.676274
v -0.349088 8.765644 -0.640547
v -0.324899 8.715191 -0.665774
v -0.375201 9.042238 -0.750846
v -0.246770 8.544280 -0.665651
v -0.230589 7.296946 0.077391
v -0.227838 7.381782 -0.010963
v -0.213728 7.317739 0.023056
v -0.207692 7.585227 -0.072583
v -0.304803 7.960729 -0.138175
v -0.274252 7.966063 -0.152055
v -0.262462 7.971626 -0.164439
v -0.208865 7.957625 -0.176672
v -0.252953 7.909674 -0.135250
v -0.208899 7.940401 -0.155448
v -0.194992 7.893970 -0.307985
v -0.290098 8.789498 -0.492208
v -0.291205 8.777243 -0.518620
v -0.301545 8.814055 -0.469851
v -0.322018 8.866247 -0.449819
v -0.258080 8.815930 -0.505667
v -0.247561 8.844402 -0.511361
v -0.258788 8.796796 -0.521412
v -0.230842 8.835604 -0.549510
v -0.332748 8.975166 -0.473694
v -0.280412 8.930855 -0.500112
v -0.299258 8.990943 -0.526413
v -0.342282 9.023781 -0.516974
v -0.275122 7.937746 -0.559661
v -0.312590 8.783075 -0.545549
v -0.273064 8.791672 -0.558056
v -0.259438 8.794241 -0.544106
v -0.272947 8.834409 -0.618002
v -0.238063 8.818905 -0.554873
v -0.334864 9.007139 -0.618186
v -0.274824 8.983555 -0.611581
v -0.265109 7.963539 -0.597599
v -0.254449 8.841551 -0.641012
v -0.240209 8.833872 -0.661482
v -0.414353 9.063288 -0.687014
v -0.284136 9.001959 -0.692583
v -0.219174 7.964614 -0.649644
v -0.190427 7.897028 -0.644528
v -0.205330 8.079654 -0.685254
v -0.175966 8.237203 -0.692803
v -0.218201 8.283457 -0.635033
v -0.258566 8.302476 -0.624612
v -0.220677 8.286856 -0.643047
v -0.220014 8.290641 -0.626988
v -0.183076 8.276340 -0.640461
v -0.247341 8.312663 -0.715090
v -0.248425 8.710224 -0.695996
v -0.264696 8.758678 -0.680875
v -0.232637 8.772714 -0.699220
v -0.280466 9.008060 -0.751392
v -0.183614 8.293597 -0.748847
v -0.243699 8.330863 -0.731212
v -0.223536 8.370348 -0.728821
v -0.219200 8.555152 -0.682799
v -0.214946 8.596523 -0.703584
v -0.223713 8.656460 -0.708235
v -0.208460 8.653166 -0.727071
v -0.209680 8.631230 -0.732038
v -0.209970 8.596479 -0.723507
v -0.182754 7.289570 0.047574
v -0.183988 7.394412 -0.024001
v -0.152990 7.851535 -0.134502
v -0.135590 7.524912 -0.062354
v -0.188513 7.950613 -0.168534
v -0.148067 7.931046 -0.157744
v -0.241078 8.851682 -0.611126
v -0.222132 8.895253 -0.570108
v -0.219529 8.893847 -0.623030
v -0.229135 8.938278 -0.587975
v -0.248631 8.963786 -0.589697
v -0.234125 8.862679 -0.630752
v -0.216219 8.867680 -0.659112
v -0.210406 8.910026 -0.650661
v -0.261123 8.981615 -0.639404
v -0.216887 8.932479 -0.632357
v -0.226570 8.958857 -0.639914
v -0.240708 8.985834 -0.675248
v -0.204705 8.961581 -0.626099
v -0.120247 8.264973 -0.648559
v -0.190659 8.826644 -0.715508
v -0.195972 8.872908 -0.677613
v -0.180591 8.916455 -0.695562
v -0.176242 8.990449 -0.779751
v -0.177117 8.962051 -0.731294
v -0.210087 9.000162 -0.765904
v -0.226624 9.012732 -0.774875
v -0.096646 8.135875 -0.731574
v -0.138634 8.229912 -0.723772
v -0.159336 8.246650 -0.692080
v -0.154304 8.265510 -0.656406
v -0.152880 8.266561 -0.660017
v -0.145719 8.246228 -0.696584
v -0.156758 8.279122 -0.733582
v -0.198043 8.309516 -0.757311
v -0.186058 8.481385 -0.714389
v -0.191384 8.775569 -0.760817
v -0.191046 8.770377 -0.783306
v -0.205222 8.769439 -0.735094
v -0.167127 8.850711 -0.856362
v -0.180365 8.322737 -0.770560
v -0.110303 8.299789 -0.784422
v -0.177302 8.361835 -0.752290
v -0.189877 8.546204 -0.729605
v -0.173724 8.514450 -0.730299
v -0.199625 8.605342 -0.848196
v -0.222636 8.639134 -0.823642
v -0.226204 8.673726 -0.828686
v -0.218849 8.717537 -0.832281
v -0.192363 8.803820 -0.864598
v -0.179307 8.639501 -0.909411
v -0.195603 8.679288 -0.942296
v -0.211021 8.734839 -0.922788
v -0.206231 8.775677 -0.906311
v -0.164118 8.770298 -1.087033
v -0.153236 8.665697 -0.974841
v -0.151030 8.702178 -1.049784
v -0.166987 8.731158 -1.050726
v -0.116887 7.260959 0.108239
v -0.086952 7.252211 0.201723
v -0.081329 7.262532 0.062482
v -0.141379 7.325966 0.001292
v -0.117814 7.284062 0.030525
v -0.133723 7.379600 -0.021786
v -0.005600 7.279043 0.025572
v -0.098974 7.916965 -0.151417
v -0.123997 7.941263 -0.179364
v -0.080803 7.935780 -0.165265
v -0.008404 7.932806 -0.171395
v -0.160352 8.933629 -0.742879
v -0.159269 8.883742 -0.747372
v -0.141539 8.980641 -0.833683
v -0.116234 7.929863 -0.709539
v -0.078724 8.050937 -0.737019
v -0.119192 8.208913 -0.742730
v -0.074019 8.260709 -0.677739
v -0.055633 8.253080 -0.707674
v -0.060687 8.260224 -0.699528
v -0.147151 8.897576 -0.800001
v -0.129466 8.949040 -0.896126
v -0.048147 8.135462 -0.751721
v -0.094373 8.226133 -0.745146
v -0.045686 8.193173 -0.761579
v -0.121037 8.316861 -0.784532
v -0.074926 8.280647 -0.766818
v -0.054755 8.289405 -0.779215
v -0.117288 8.354664 -0.760409
v -0.161619 8.459985 -0.730216
v -0.128228 8.427660 -0.740141
v -0.072659 8.415243 -0.738266
v -0.148053 8.499607 -0.749400
v -0.121349 8.458549 -0.743779
v -0.112874 8.479007 -0.755553
v -0.120492 8.985364 -0.889930
v -0.169765 9.045813 -0.823280
v -0.138276 9.024141 -0.847295
v -0.101684 9.021203 -0.884668
v -0.161281 8.563473 -0.820935
v -0.096873 8.515258 -0.811625
v -0.104759 8.550890 -0.846115
v -0.050141 8.541037 -0.897700
v -0.129474 8.622360 -0.894249
v -0.156040 8.873847 -0.978434
v -0.138179 8.911760 -0.943611
v -0.103815 8.952939 -0.978444
v -0.099225 8.984068 -0.928075
v -0.109553 8.636001 -0.948948
v -0.104664 8.612914 -0.901780
v -0.108371 8.658246 -1.042495
v -0.078483 8.584371 -0.927755
v -0.087604 8.619699 -0.987811
v -0.176262 8.826054 -0.989336
v -0.128052 8.893311 -1.102844
v -0.119700 8.922598 -1.041044
v -0.094599 8.932253 -1.115929
v -0.144263 8.750564 -1.132540
v -0.114100 8.719541 -1.166218
v -0.151929 8.832581 -1.107183
v -0.135483 8.791558 -1.208228
v -0.092791 8.896898 -1.273508
v -0.079006 8.929046 -1.198056
v -0.122413 8.835712 -1.262486
v -0.117225 8.773202 -1.263241
v -0.035416 7.247962 0.123707
v 0.001963 7.259601 0.052061
v 0.042020 7.252977 0.084646
v 0.007693 7.388315 -0.022429
v 0.120907 7.337827 -0.005625
v -0.004060 7.499675 -0.051145
v 0.001627 7.887289 -0.129822
v -0.003273 7.936263 -0.151720
v -0.030051 8.070574 -0.752168
v -0.001915 8.131066 -0.760661
v 0.013866 8.197390 -0.764286
v -0.026670 8.229189 -0.747598
v 0.095301 8.236912 -0.734264
v -0.036228 8.258727 -0.710782
v 0.039059 8.273793 -0.754177
v 0.059813 8.253338 -0.707372
v -0.070673 8.307251 -0.790106
v 0.000389 8.307099 -0.783871
v -0.000709 8.351687 -0.746776
v -0.032973 8.444417 -0.750412
v 0.002124 8.393764 -0.733251
v -0.074273 8.484398 -0.782375
v -0.004613 8.524441 -0.889394
v -0.052901 8.980817 -0.958233
v -0.063413 9.004783 -0.922024
v -0.060864 9.037969 -0.890489
v 0.021613 9.023149 -0.908920
v -0.050280 8.600282 -0.999736
v 0.020021 8.601383 -1.024324
v 0.003148 8.956429 -1.102740
v -0.025052 8.961700 -1.021180
v 0.043802 8.961610 -1.006224
v -0.066199 8.678999 -1.170483
v -0.019958 8.637990 -1.105634
v -0.071669 8.948825 -1.074198
v -0.048594 8.949102 -1.157876
v 0.000172 8.954009 -1.188726
v -0.024782 8.682913 -1.230044
v -0.028285 8.942204 -1.270166
v -0.063343 8.927296 -1.272327
v 0.026322 8.944432 -1.256933
v -0.079796 8.748188 -1.367876
v -0.117098 8.808361 -1.305394
v -0.096932 8.792637 -1.400849
v -0.101476 8.825295 -1.387838
v -0.080372 8.852311 -1.438594
v -0.080008 8.799578 -1.512643
v -0.056314 8.788240 -1.614942
v -0.072013 8.756618 -1.542689
v -0.047097 8.718470 -1.341658
v 0.012273 8.925367 -1.368094
v -0.055339 8.732667 -1.442821
v -0.033559 8.723805 -1.478986
v -0.010440 8.714732 -1.363190
v -0.047153 8.920985 -1.346177
v -0.020127 8.927516 -1.363667
v -0.056777 8.890693 -1.419701
v -0.003268 8.719269 -1.509561
v -0.018601 8.893684 -1.458052
v -0.051086 8.721493 -1.571351
v -0.041477 8.838491 -1.556591
v -0.004140 8.809188 -1.624557
v -0.022221 8.698652 -1.627273
v -0.041335 8.791710 -1.646311
v -0.051679 8.707984 -1.687412
v -0.026282 8.782158 -1.670790
v -0.026689 8.663746 -1.783917
v -0.009236 8.661771 -1.748501
v -0.059429 8.743049 -1.655764
v -0.032349 8.733779 -1.733083
v -0.040796 8.689256 -1.758761
v -0.042629 8.720202 -1.733502
v -0.011939 8.718840 -1.764734
v -0.016412 8.652778 -1.804189
v -0.012648 8.660277 -1.824391
v 0.010348 8.655354 -1.815630
v -0.022853 8.677509 -1.806985
v -0.737018 9.309682 -0.051334
v -0.715040 9.448582 -0.103793
v -0.659258 9.617766 -0.118576
v -0.620592 9.710647 -0.075228
v -0.684668 9.565093 -0.107971
v -0.665985 9.273514 -0.268556
v -0.662113 9.518237 -0.200025
v -0.592095 9.399572 -0.410898
v -0.629205 9.314230 -0.363575
v -0.582301 9.666157 -0.230136
v -0.596164 9.591826 -0.276569
v -0.616947 9.238726 -0.490823
v -0.561931 9.446801 -0.442240
v -0.521714 9.801713 -0.121713
v -0.524915 9.756536 -0.205931
v -0.473752 9.757015 -0.291737
v -0.501503 9.661248 -0.364062
v -0.611630 9.166629 -0.526402
v -0.586518 9.306236 -0.530303
v -0.517953 9.484464 -0.484903
v -0.579921 9.256426 -0.575613
v -0.559102 9.332582 -0.568053
v -0.533952 9.341147 -0.599400
v -0.539185 9.273520 -0.631024
v -0.454854 9.857902 -0.119974
v -0.402798 9.750063 -0.395007
v -0.478546 9.499674 -0.518734
v -0.401459 9.662490 -0.482482
v -0.526098 9.237469 -0.654271
v -0.440675 9.435363 -0.601286
v -0.483175 9.202228 -0.705033
v -0.450217 9.214206 -0.745828
v -0.484924 9.271790 -0.693911
v -0.492779 9.355378 -0.628884
v -0.411005 9.849225 -0.226897
v -0.384635 9.827426 -0.305938
v -0.322224 9.823826 -0.381758
v -0.402702 9.489676 -0.594521
v -0.360580 9.586882 -0.574897
v -0.354153 9.395308 -0.683331
v -0.436686 9.169597 -0.762628
v -0.431111 9.138277 -0.760106
v -0.455246 9.259639 -0.723042
v -0.423636 9.251991 -0.744896
v -0.353193 9.922707 -0.131996
v -0.301268 9.899173 -0.270865
v -0.214282 9.917230 -0.319999
v -0.339245 9.758343 -0.449977
v -0.286529 9.717127 -0.538744
v -0.244472 9.794251 -0.485798
v -0.248008 9.653786 -0.616972
v -0.372898 9.091253 -0.797212
v -0.346671 9.327748 -0.723886
v -0.288292 9.374743 -0.725756
v -0.382857 9.140297 -0.801846
v -0.390162 9.190998 -0.787860
v -0.207093 9.997492 -0.099889
v -0.221688 9.956226 -0.221589
v -0.222504 9.864121 -0.405270
v -0.203942 9.741611 -0.569536
v -0.206165 9.588917 -0.678837
v -0.307887 9.546658 -0.640675
v -0.336025 9.092007 -0.811499
v -0.333681 9.137419 -0.816517
v -0.240253 9.143369 -0.828746
v -0.305913 9.280006 -0.759237
v -0.331635 9.167853 -0.808807
v -0.221323 9.334099 -0.759480
v -0.146375 9.838601 -0.484677
v -0.169397 9.703252 -0.621955
v -0.257671 9.025742 -0.781956
v -0.139579 9.557725 -0.719857
v -0.227290 9.076837 -0.822447
v -0.215066 9.122629 -0.834085
v -0.259275 9.247349 -0.782395
v -0.184867 9.241064 -0.798842
v -0.057521 10.044859 -0.043833
v -0.125794 10.004383 -0.169941
v -0.024234 10.004267 -0.216372
v -0.101806 9.979413 -0.256482
v -0.103422 9.924301 -0.369976
v -0.084920 9.794592 -0.560888
v -0.079388 9.872209 -0.459641
v -0.096094 9.719085 -0.633961
v -0.035120 9.610924 -0.717696
v -0.092206 9.663448 -0.679541
v -0.135450 9.305595 -0.785757
v -0.088033 9.533580 -0.740122
v -0.140813 9.081377 -0.843326
v 0.025276 10.052181 -0.030984
v 0.019324 9.957868 -0.325381
v 0.009690 9.889653 -0.446338
v 0.017015 9.789847 -0.577856
v 0.000090 9.724427 -0.641871
v 0.021327 9.596369 -0.726515
v -0.005653 9.515469 -0.752083
v -0.081550 9.068692 -0.864190
v -0.026945 9.113468 -0.854844
v 0.004698 9.201066 -0.827590
v 0.102017 9.161793 1.023505
v 0.092864 8.835940 0.979836
v 0.020506 8.976509 1.012662
v 0.004365 8.145710 0.993329
v 0.105680 8.736259 0.977967
v 0.082325 8.226129 0.985730
v 0.088107 8.060744 0.968786
v -0.002781 7.614322 0.719640
v 0.096631 7.455704 0.576418
v 0.021982 7.320007 0.432511
v 0.054610 7.398508 0.527607
v 0.106751 7.276477 0.315566
v 0.018974 7.271097 0.338080
v 0.108441 7.263357 0.262159
v 0.094059 8.901598 0.985511
v 0.172691 8.925865 0.975101
v 0.163491 8.823363 0.962220
v 0.159878 8.150341 0.961984
v 0.102979 8.084150 0.972215
v 0.090694 7.877408 0.882159
v 0.089341 7.763037 0.815235
v 0.092574 7.612776 0.709195
v 0.155751 7.534523 0.629836
v 0.094042 7.322135 0.419955
v 0.132497 7.261467 0.202583
v 0.131917 9.028760 1.010590
v 0.202802 9.079494 0.998178
v 0.224309 8.747201 0.939237
v 0.246568 8.870131 0.936114
v 0.167832 8.055078 0.947016
v 0.159927 7.885140 0.870438
v 0.214942 7.954048 0.886123
v 0.188348 7.731834 0.769625
v 0.211077 7.662182 0.709684
v 0.158327 7.398793 0.495467
v 0.213329 7.356077 0.404025
v 0.156696 7.304813 0.352367
v 0.225381 9.171011 0.992564
v 0.199869 8.887119 0.956922
v 0.239694 8.966982 0.966482
v 0.317343 9.053779 0.950985
v 0.218330 8.076288 0.933735
v 0.262263 8.096262 0.908867
v 0.265307 8.032814 0.897052
v 0.285730 8.621162 0.904033
v 0.303193 8.800224 0.898340
v 0.276598 7.888865 0.822343
v 0.285625 7.760231 0.739338
v 0.240714 7.585095 0.636167
v 0.220184 7.441614 0.513070
v 0.248583 7.310687 0.273707
v 0.264449 7.305070 0.209146
v 0.326054 9.162703 0.953193
v 0.358945 8.942686 0.903164
v 0.362704 8.699589 0.847480
v 0.362754 8.835601 0.862533
v 0.306076 8.886449 0.910521
v 0.383110 8.877798 0.861636
v 0.315397 8.057457 0.860421
v 0.333540 7.938580 0.810579
v 0.341724 7.977224 0.818144
v 0.347694 7.609747 0.589359
v 0.349992 7.526103 0.512367
v 0.379062 7.445356 0.400334
v 0.351420 7.376369 0.318399
v 0.320966 7.324322 0.142931
v 0.360378 7.347673 0.217485
v 0.401855 9.026728 0.900970
v 0.435767 9.177649 0.895350
v 0.467485 8.967985 0.835347
v 0.422237 8.606907 0.777852
v 0.398578 8.769175 0.820410
v 0.426504 8.844092 0.813876
v 0.454779 8.747252 0.754937
v 0.384802 8.084567 0.777482
v 0.375485 7.892010 0.744937
v 0.390052 7.919555 0.735361
v 0.378702 7.666931 0.607565
v 0.396895 7.734148 0.629899
v 0.414874 7.523080 0.456007
v 0.441454 7.561647 0.458799
v 0.407497 7.421494 0.331515
v 0.401865 7.388235 0.271606
v 0.423923 7.394613 0.213605
v 0.396361 7.367117 0.183334
v 0.498664 9.108966 0.842997
v 0.469404 8.821093 0.761457
v 0.510538 8.970983 0.796366
v 0.530703 8.769540 0.658870
v 0.438790 8.048061 0.672520
v 0.512505 8.694550 0.655502
v 0.456732 7.845000 0.575697
v 0.499974 8.601040 0.655479
v 0.490717 7.965246 0.540151
v 0.428463 7.729178 0.577520
v 0.464476 7.548248 0.389276
v 0.427861 7.472894 0.382606
v 0.447357 7.501798 0.380038
v 0.483798 7.576217 0.327356
v 0.437757 7.427565 0.274261
v 0.488762 7.573968 0.226733
v 0.457482 7.459327 0.256111
v 0.407642 7.388245 0.139100
v 0.439321 7.424077 0.178246
v 0.471344 7.524037 0.172586
v 0.473112 7.619990 0.113776
v 0.562844 9.025578 0.752126
v 0.583015 9.108092 0.734706
v 0.554500 9.154593 0.786491
v 0.559464 8.933547 0.721461
v 0.544040 8.856538 0.696762
v 0.620581 8.752383 0.516202
v 0.546363 8.576704 0.542259
v 0.569890 8.661366 0.529460
v 0.543182 8.308345 0.489223
v 0.489946 7.679147 0.423016
v 0.525931 7.899725 0.414213
v 0.466535 7.609337 0.444251
v 0.526621 7.798336 0.332561
v 0.576412 8.117790 0.223879
v 0.538562 7.982374 0.097668
v 0.560343 8.033195 0.157312
v 0.589343 8.171402 0.130356
v 0.604861 9.038125 0.682807
v 0.614148 9.175515 0.666000
v 0.612764 8.929057 0.629224
v 0.641230 8.987105 0.572449
v 0.626052 9.059996 0.630869
v 0.645344 9.145308 0.568938
v 0.659042 8.814596 0.483012
v 0.657844 8.860986 0.499349
v 0.654685 8.907722 0.516791
v 0.660006 8.893715 0.505178
v 0.604173 8.541198 0.425487
v 0.664761 8.778280 0.454073
v 0.564247 8.145029 0.377636
v 0.583954 8.467907 0.436938
v 0.605782 8.375825 0.341508
v 0.595045 8.300249 0.299017
v 0.609429 8.367565 0.294237
v 0.609792 8.257879 0.193701
v 0.647863 8.316373 0.139036
v 0.661097 8.402353 0.196728
v 0.659445 9.005248 0.513736
v 0.661855 9.039817 0.507576
v 0.662594 9.068546 0.497890
v 0.672425 9.105582 0.467858
v 0.677175 8.879094 0.499139
v 0.657772 8.962090 0.517567
v 0.674353 8.929388 0.509116
v 0.679547 8.978675 0.512780
v 0.791933 8.910804 0.527863
v 0.796363 8.978730 0.537538
v 0.828883 8.959086 0.539641
v 0.855027 9.042434 0.536487
v 0.861430 8.996717 0.535163
v 0.847982 8.949557 0.531450
v 0.691487 9.029208 0.504577
v 0.689295 9.084252 0.476537
v 0.827304 9.050723 0.529401
v 0.876513 9.038669 0.530291
v 0.684387 9.122682 0.451178
v 0.847518 9.119965 0.494233
v 0.879858 9.083592 0.521246
v 0.909272 9.119261 0.492929
v 0.681647 8.833514 0.480909
v 0.810399 8.843132 0.487372
v 0.784574 8.812179 0.464168
v 0.797761 8.865681 0.506944
v 0.824904 8.908973 0.525142
v 0.911106 8.999788 0.479954
v 0.914406 8.969200 0.458498
v 0.910349 9.078341 0.496341
v 0.940756 9.085664 0.449788
v 0.882886 9.142020 0.483704
v 0.666127 8.660351 0.402444
v 0.672112 8.601851 0.353731
v 0.680190 8.746804 0.412090
v 0.688581 8.708857 0.377244
v 0.699240 8.738616 0.395047
v 0.683434 8.798592 0.456880
v 0.809475 8.794607 0.429553
v 0.835435 8.867205 0.492205
v 0.876461 8.886990 0.443354
v 0.903831 8.911329 0.391902
v 0.948897 9.007443 0.387429
v 0.952877 9.048608 0.420200
v 0.628792 8.435955 0.320005
v 0.726272 8.715705 0.355737
v 0.695298 8.674184 0.333652
v 0.780978 8.761987 0.399775
v 0.765337 8.719928 0.319478
v 0.806737 8.768637 0.378462
v 0.895288 8.895042 0.350599
v 0.944654 8.993483 0.340245
v 0.670228 8.475625 0.264940
v 0.700083 8.654021 0.272790
v 0.700856 8.647930 0.192465
v 0.706016 8.667115 0.281182
v 0.703489 8.679989 0.321673
v 0.787762 8.742585 0.313124
v 0.814963 8.808290 0.255366
v 0.922007 8.964674 0.295365
v 0.690687 8.512992 0.234654
v 0.696723 8.543386 0.205389
v 0.708234 8.665936 0.201845
v 0.757356 8.718339 0.231543
v 0.809149 8.874139 0.164638
v 0.671625 8.440966 0.166501
v 0.695180 8.694863 0.104499
v 0.752709 8.740407 0.175655
v 0.743737 8.790695 0.110257
v 0.792106 8.936960 0.093048
v 0.912864 9.153788 0.468614
v 0.936399 9.153516 0.438768
v 0.968881 9.081141 0.367232
v 0.960747 9.124677 0.400002
v 0.964632 9.063095 0.310011
v 0.972216 9.133248 0.325478
v 0.920592 9.045211 0.208816
v 0.938534 9.111365 0.205739
v 0.961430 9.160133 0.256366
v 0.940145 9.158513 0.196278
v 0.874381 9.100052 0.108634
v 0.917036 9.156242 0.152957
v 0.793357 8.980563 0.075483
v 0.696407 9.045184 -0.027181
v 0.716898 9.121397 -0.016809
v 0.733546 9.127883 0.000599
v 0.889459 9.171471 0.126724
v 0.751058 9.178041 0.022513
v 0.736759 9.186403 0.007795
v 0.092414 9.261971 1.015922
v 0.064508 9.483027 0.940178
v 0.120832 9.651467 0.855407
v 0.106166 9.708890 0.820655
v 0.116081 9.750185 0.786396
v 0.100099 9.857841 0.663940
v 0.118695 9.935172 0.526704
v 0.034108 10.002508 0.382588
v 0.098542 10.006447 0.343111
v 0.030597 10.052455 0.116601
v 0.126706 10.027119 0.216266
v 0.087479 10.047301 0.074752
v 0.234005 9.279137 0.976037
v 0.125050 9.803584 0.728853
v 0.104135 9.966390 0.456618
v 0.116284 10.037066 -0.008850
v 0.172176 9.364659 0.968448
v 0.139171 9.535209 0.907343
v 0.231971 9.539126 0.883177
v 0.235484 9.618354 0.844679
v 0.235306 9.699403 0.796600
v 0.214043 9.801036 0.701825
v 0.228809 9.849699 0.623294
v 0.229615 9.935840 0.458656
v 0.166476 10.000968 0.308107
v 0.238514 9.996005 0.218608
v 0.257657 9.993177 0.006882
v 0.318499 9.331069 0.932530
v 0.266288 9.420067 0.919950
v 0.320257 9.540437 0.849560
v 0.229583 9.753018 0.751288
v 0.297830 9.875831 0.528059
v 0.326687 9.918265 0.402501
v 0.272308 9.963722 0.316968
v 0.205883 10.014878 0.117015
v 0.329088 9.269158 0.941777
v 0.345003 9.614275 0.802117
v 0.365741 9.698230 0.726688
v 0.320765 9.779184 0.667946
v 0.371812 9.937674 0.005510
v 0.435578 9.268567 0.888262
v 0.396228 9.393123 0.877043
v 0.420962 9.448920 0.840046
v 0.461389 9.622520 0.717939
v 0.421598 9.735598 0.639895
v 0.411668 9.788549 0.574980
v 0.388963 9.852211 0.483896
v 0.429604 9.864468 0.395022
v 0.387608 9.916132 0.295842
v 0.397250 9.923318 0.214446
v 0.340247 9.958125 0.116412
v 0.503726 9.218182 0.841282
v 0.490560 9.396494 0.811192
v 0.511652 9.294748 0.821196
v 0.463311 9.512714 0.782496
v 0.539961 9.433513 0.750302
v 0.510634 9.675326 0.615687
v 0.525254 9.729394 0.528063
v 0.480171 9.797441 0.473094
v 0.536638 9.827195 0.230778
v 0.479676 9.876986 0.101762
v 0.498101 9.856453 0.005992
v 0.548758 9.298999 0.778439
v 0.612988 9.291696 0.666647
v 0.537626 9.505919 0.720811
v 0.596496 9.408369 0.679502
v 0.527242 9.609921 0.662325
v 0.587738 9.512075 0.650204
v 0.606924 9.580089 0.572913
v 0.574609 9.643400 0.566608
v 0.589324 9.684198 0.489586
v 0.541531 9.770446 0.422357
v 0.571029 9.774638 0.332173
v 0.499231 9.839340 0.315049
v 0.575954 9.786684 0.003525
v 0.631359 9.409315 0.604970
v 0.624986 9.505897 0.581325
v 0.658877 9.626929 0.392445
v 0.606251 9.708087 0.407342
v 0.634580 9.710658 0.309783
v 0.634741 9.732803 0.216001
v 0.589916 9.785915 0.123994
v 0.625311 9.738046 0.033099
v 0.654465 9.268031 0.552249
v 0.663725 9.387843 0.522564
v 0.690658 9.189267 0.418534
v 0.689813 9.304711 0.434315
v 0.666226 9.475216 0.489529
v 0.665879 9.543159 0.452226
v 0.681707 9.143957 0.445037
v 0.697559 9.178631 0.418480
v 0.702856 9.518217 0.342325
v 0.709338 9.601527 0.209917
v 0.674817 9.671904 0.228642
v 0.662160 9.699199 0.114931
v 0.715193 9.602109 0.100878
v 0.670343 9.669177 0.008362
v 0.749170 9.172774 0.422068
v 0.885671 9.185566 0.435001
v 0.922378 9.183275 0.429452
v 0.864570 9.214200 0.384505
v 0.702659 9.224239 0.382415
v 0.710443 9.255888 0.349913
v 0.733835 9.231191 0.356812
v 0.718098 9.242002 0.352472
v 0.703341 9.376571 0.387731
v 0.714111 9.489714 0.310393
v 0.948511 9.176787 0.392150
v 0.915097 9.215693 0.373994
v 0.940405 9.206232 0.363086
v 0.957173 9.186496 0.348092
v 0.761496 9.257081 0.303878
v 0.727637 9.267505 0.307740
v 0.887419 9.235696 0.326852
v 0.756542 9.279008 0.238362
v 0.726305 9.285009 0.286194
v 0.740742 9.395029 0.221137
v 0.957946 9.196371 0.305298
v 0.931593 9.226015 0.271477
v 0.919648 9.229793 0.315963
v 0.879149 9.244342 0.267825
v 0.758925 9.285308 0.192289
v 0.741779 9.297206 0.217112
v 0.723417 9.550976 0.209188
v 0.939430 9.200498 0.212035
v 0.950318 9.204746 0.258913
v 0.912271 9.202118 0.174204
v 0.768980 9.273930 0.134689
v 0.751422 9.294107 0.153202
v 0.891224 9.235554 0.217206
v 0.754251 9.402246 0.090854
v 0.739458 9.510254 0.123672
v 0.784289 9.238896 0.091421
v 0.748956 9.224971 0.039647
v 0.754732 9.282108 0.108743
v 0.754489 9.266179 0.078532
v 0.732727 9.513790 0.011954
v 0.748466 9.303237 0.002400
v 0.741086 9.429057 -0.023995
v 0.034603 7.803543 -0.433180
v 0.062414 7.780972 -0.524818
v 0.034606 7.770773 -0.605601
v 0.059701 7.812849 -0.681714
v 0.111202 7.799203 -0.619229
v 0.074650 7.868719 -0.711314
v 0.067883 7.852056 -0.330671
v 0.117523 7.815654 -0.442155
v 0.104242 7.787835 -0.555996
v 0.132815 7.831409 -0.647814
v 0.122107 7.865707 -0.685388
v 0.193587 7.838904 -0.534313
v 0.176170 7.842641 -0.600749
v 0.228192 7.881794 -0.575576
v 0.167354 7.931863 -0.680953
v 0.184934 7.893374 -0.648228
v 0.193813 7.843766 -0.460911
v 0.249390 7.881157 -0.456146
v 0.049224 7.247167 0.155713
v 0.169195 7.407448 -0.029987
v 0.001166 7.920454 -0.140979
v 0.077349 7.935727 -0.164018
v 0.072823 7.934973 -0.176932
v 0.121075 7.918955 -0.153919
v 0.096295 7.908854 -0.714732
v 0.012981 7.999215 -0.741667
v 0.018327 8.070974 -0.754195
v 0.072985 8.209053 -0.757703
v 0.103061 8.224830 -0.745231
v 0.046874 8.258909 -0.709404
v 0.077132 8.309423 -0.789241
v 0.078333 8.402189 -0.740310
v 0.058248 8.434718 -0.741730
v 0.007852 8.466915 -0.784050
v 0.053779 8.456225 -0.757313
v 0.089241 8.491018 -0.781006
v 0.111437 8.459496 -0.744752
v 0.087927 9.063566 -0.864083
v 0.033490 8.531794 -0.893540
v 0.086755 8.547505 -0.865524
v 0.044245 8.978683 -0.966558
v 0.088162 8.999486 -0.920832
v 0.065328 8.606474 -1.004624
v 0.071877 8.565961 -0.915479
v 0.044278 8.956751 -1.038562
v 0.052975 8.639005 -1.093441
v 0.053308 8.946590 -1.163635
v 0.096704 8.926600 -1.126190
v 0.084739 8.928147 -1.176902
v 0.025532 8.677442 -1.207489
v 0.068549 8.929081 -1.236419
v 0.110296 7.264792 0.067626
v 0.174827 7.287816 0.046641
v 0.116992 7.287264 0.027075
v 0.129878 7.862816 -0.135922
v 0.164515 7.947549 -0.179704
v 0.167741 8.888049 -0.721161
v 0.171856 8.854791 -0.728189
v 0.139660 8.983909 -0.839868
v 0.091075 8.060652 -0.733338
v 0.072853 8.261165 -0.677119
v 0.088264 8.273191 -0.745102
v 0.066448 8.259434 -0.694159
v 0.121752 8.264288 -0.650158
v 0.110486 8.261308 -0.663136
v 0.157717 8.278256 -0.732287
v 0.150144 8.887321 -0.803982
v 0.148483 8.917253 -0.778529
v 0.226397 9.013006 -0.776519
v 0.054019 8.139648 -0.750838
v 0.113577 8.141011 -0.724829
v 0.119215 8.208778 -0.743567
v 0.098543 8.301877 -0.787072
v 0.064551 8.290321 -0.780891
v 0.156613 8.323429 -0.777216
v 0.148249 8.303209 -0.777272
v 0.168988 8.293193 -0.758948
v 0.096493 8.352708 -0.759335
v 0.157267 8.362378 -0.756042
v 0.130385 8.431598 -0.739260
v 0.146365 8.477025 -0.738361
v 0.163312 8.447569 -0.731124
v 0.153010 8.506255 -0.752836
v 0.177826 8.506855 -0.722466
v 0.162163 8.859218 -0.852286
v 0.128443 8.951612 -0.897016
v 0.129169 8.921451 -0.954131
v 0.100778 9.025447 -0.883164
v 0.129042 9.027615 -0.854445
v 0.171952 9.049067 -0.824322
v 0.110505 8.538462 -0.830490
v 0.130134 8.560659 -0.834025
v 0.164423 8.568476 -0.825995
v 0.130599 8.627816 -0.901371
v 0.174893 8.837450 -0.953928
v 0.094871 8.958913 -0.979364
v 0.116031 8.986003 -0.901603
v 0.088341 8.614879 -0.973936
v 0.103522 8.609159 -0.903369
v 0.111395 8.639797 -0.955293
v 0.103626 8.643588 -1.019888
v 0.176775 8.699806 -0.993747
v 0.141422 8.669821 -1.002123
v 0.156559 8.794197 -1.107117
v 0.134520 8.895293 -1.033212
v 0.163118 8.830478 -1.045377
v 0.084347 8.942421 -1.062320
v 0.088948 8.674513 -1.120840
v 0.134861 8.703509 -1.087630
v 0.147515 8.746391 -1.113179
v 0.141792 8.841839 -1.138455
v 0.128432 8.838018 -1.207774
v 0.112509 8.890128 -1.183562
v 0.107784 8.736454 -1.220996
v 0.118160 8.796763 -1.270179
v 0.274781 7.310378 0.089058
v 0.194776 7.278932 0.146775
v 0.193228 7.326399 0.009585
v 0.160814 7.529755 -0.064405
v 0.208867 7.896688 -0.140269
v 0.161995 7.938936 -0.163062
v 0.246562 7.956308 -0.155138
v 0.240041 7.963863 -0.165916
v 0.232287 8.852982 -0.546240
v 0.221656 8.904384 -0.625477
v 0.229368 8.879466 -0.629296
v 0.225691 8.910169 -0.573063
v 0.229167 8.853183 -0.572124
v 0.255288 8.846223 -0.620720
v 0.233503 8.960663 -0.632503
v 0.218208 8.924882 -0.643615
v 0.244789 8.952203 -0.572587
v 0.216215 8.878789 -0.658415
v 0.233483 8.844188 -0.660948
v 0.246661 8.852307 -0.636323
v 0.232368 8.980672 -0.672729
v 0.254583 8.974501 -0.627874
v 0.282405 8.985294 -0.633745
v 0.230534 7.972290 -0.641453
v 0.161960 8.272381 -0.640442
v 0.211448 8.287088 -0.629772
v 0.222206 8.748865 -0.714618
v 0.208867 8.790939 -0.718121
v 0.249715 8.778869 -0.680108
v 0.203646 8.858662 -0.676424
v 0.165207 8.933875 -0.729176
v 0.183619 8.968755 -0.730752
v 0.170918 8.992988 -0.789838
v 0.201628 8.999190 -0.771134
v 0.274886 9.017603 -0.770576
v 0.279850 9.005913 -0.743879
v 0.278871 9.000952 -0.692324
v 0.191999 8.081342 -0.692488
v 0.166100 8.163507 -0.697234
v 0.141209 8.230566 -0.720953
v 0.146817 8.265989 -0.652304
v 0.187137 8.258303 -0.670232
v 0.149182 8.247732 -0.692927
v 0.200917 8.276369 -0.641486
v 0.253741 8.301404 -0.685188
v 0.227037 8.527744 -0.677158
v 0.194819 8.736445 -0.763500
v 0.198471 8.760248 -0.745519
v 0.204495 8.659746 -0.732601
v 0.231977 8.661352 -0.701266
v 0.182697 8.794888 -0.777532
v 0.196464 8.321738 -0.763379
v 0.220474 8.368930 -0.731404
v 0.181705 8.478186 -0.718176
v 0.192340 8.548584 -0.727109
v 0.201976 8.604855 -0.840387
v 0.218901 8.623040 -0.795277
v 0.223078 8.661225 -0.804313
v 0.200889 8.789724 -0.875283
v 0.216305 8.725183 -0.830135
v 0.210772 8.754437 -0.910585
v 0.188301 8.628398 -0.890550
v 0.171751 8.659891 -0.943076
v 0.205238 8.665670 -0.910409
v 0.203441 8.735310 -0.950948
v 0.224168 8.667000 -0.846857
v 0.173843 8.750197 -1.040461
v 0.298080 7.324690 0.075233
v 0.232728 7.382422 -0.008719
v 0.238734 7.321114 0.031190
v 0.293680 7.396463 0.010340
v 0.268467 7.928252 -0.136406
v 0.326555 7.933117 -0.119398
v 0.251301 7.562886 -0.058506
v 0.284368 7.955006 -0.227024
v 0.327278 7.980957 -0.142716
v 0.314073 7.954885 -0.257202
v 0.308330 7.982187 -0.157710
v 0.341708 8.898873 -0.441967
v 0.294899 8.784375 -0.506123
v 0.327613 8.780852 -0.512425
v 0.323703 8.788960 -0.482085
v 0.251810 8.846922 -0.509886
v 0.246407 8.818741 -0.534283
v 0.269065 8.809711 -0.500207
v 0.301255 8.844105 -0.465187
v 0.295748 8.806042 -0.480880
v 0.281292 8.980213 -0.539457
v 0.283301 8.904026 -0.485977
v 0.326197 8.967428 -0.473296
v 0.319828 9.007403 -0.515152
v 0.286232 8.784435 -0.532460
v 0.305388 8.786371 -0.548278
v 0.257616 8.808601 -0.565865
v 0.266000 8.795878 -0.531082
v 0.276114 8.835814 -0.618735
v 0.319185 8.823983 -0.605589
v 0.303734 9.007307 -0.560852
v 0.354488 9.037339 -0.540231
v 0.441341 9.059950 -0.574192
v 0.278289 8.832582 -0.637300
v 0.323700 8.827748 -0.623831
v 0.324831 8.819435 -0.634839
v 0.408141 9.058038 -0.689394
v 0.339436 9.005932 -0.630446
v 0.280639 8.105432 -0.637657
v 0.311392 8.079335 -0.601288
v 0.200431 8.245540 -0.676181
v 0.251170 8.272892 -0.642858
v 0.213009 8.285514 -0.639984
v 0.253284 8.304618 -0.614396
v 0.251946 8.303037 -0.612880
v 0.344174 8.418782 -0.620277
v 0.254661 8.736521 -0.691250
v 0.344434 8.743408 -0.648795
v 0.268636 8.822309 -0.653905
v 0.232468 8.329794 -0.740552
v 0.318601 8.364009 -0.648429
v 0.223615 8.313699 -0.741904
v 0.210568 8.559548 -0.690849
v 0.253262 8.550490 -0.664458
v 0.225394 8.607861 -0.695681
v 0.269376 8.607338 -0.673961
v 0.210344 8.607756 -0.719589
v 0.362035 7.347249 0.130708
v 0.311624 7.351662 0.051523
v 0.316089 7.536444 -0.027224
v 0.343547 7.416800 0.035139
v 0.350725 7.979373 -0.130783
v 0.381228 7.910854 -0.088474
v 0.406646 7.994473 -0.106792
v 0.351349 7.994330 -0.153315
v 0.382122 8.004823 -0.137519
v 0.345240 7.963085 -0.283948
v 0.307335 7.927938 -0.432458
v 0.411092 8.018598 -0.323860
v 0.377324 8.864819 -0.430472
v 0.421737 8.915255 -0.421712
v 0.416898 8.852368 -0.438057
v 0.379110 8.939282 -0.432108
v 0.401743 9.003107 -0.452332
v 0.415917 8.967075 -0.432483
v 0.461152 8.970543 -0.432805
v 0.452102 9.013041 -0.451969
v 0.344510 7.964999 -0.428186
v 0.379451 8.813878 -0.459530
v 0.375439 8.796867 -0.492746
v 0.346151 8.818502 -0.454648
v 0.441883 8.847964 -0.459509
v 0.363179 9.022400 -0.488799
v 0.417084 9.042097 -0.485527
v 0.426284 9.057835 -0.516808
v 0.333784 7.982472 -0.494951
v 0.265608 7.945426 -0.585805
v 0.423295 8.121706 -0.457700
v 0.388870 8.197291 -0.533423
v 0.391064 8.392265 -0.482401
v 0.343707 8.361078 -0.535092
v 0.349624 8.793035 -0.536042
v 0.407140 8.836443 -0.559660
v 0.494736 9.062800 -0.545769
v 0.348726 8.077952 -0.551894
v 0.333016 8.132999 -0.595198
v 0.343971 8.210229 -0.582473
v 0.295898 8.217800 -0.621797
v 0.276820 8.316163 -0.595432
v 0.295849 8.325573 -0.579412
v 0.349331 8.358566 -0.568668
v 0.372328 8.832067 -0.605591
v 0.430078 8.834338 -0.598966
v 0.403010 9.039006 -0.630740
v 0.299363 8.324394 -0.648121
v 0.299257 8.482795 -0.646594
v 0.332609 8.477711 -0.632933
v 0.382115 8.481023 -0.610085
v 0.381472 8.569298 -0.641030
v 0.378064 8.655951 -0.643697
v 0.300654 8.700186 -0.675254
v 0.350927 8.792794 -0.636538
v 0.416452 8.748878 -0.609840
v 0.392491 9.052387 -0.738991
v 0.392230 7.475460 0.053274
v 0.375989 7.377806 0.095156
v 0.427743 7.459635 0.108871
v 0.384868 7.582490 0.006526
v 0.433506 7.891965 -0.043310
v 0.445852 8.036309 -0.110170
v 0.446849 7.987526 -0.069611
v 0.482420 8.048592 -0.068432
v 0.429120 8.021880 -0.219923
v 0.454198 8.903946 -0.428111
v 0.482702 8.891371 -0.449276
v 0.491601 8.923340 -0.440906
v 0.481089 8.954979 -0.434570
v 0.504856 8.992308 -0.455764
v 0.423462 8.065081 -0.394320
v 0.461067 8.279301 -0.468415
v 0.427696 8.397215 -0.463674
v 0.459627 8.854676 -0.523792
v 0.517825 8.890215 -0.497910
v 0.538266 8.924056 -0.477926
v 0.545016 9.007581 -0.487077
v 0.472545 9.035467 -0.477729
v 0.535579 9.033259 -0.506983
v 0.400146 8.144989 -0.505778
v 0.391013 8.241154 -0.529608
v 0.385025 8.303643 -0.517975
v 0.431595 8.411010 -0.474850
v 0.469922 8.863296 -0.566098
v 0.503021 8.874800 -0.527700
v 0.494417 8.860044 -0.566641
v 0.490782 9.085084 -0.585748
v 0.355436 8.387724 -0.596453
v 0.410363 8.451884 -0.578354
v 0.461253 8.634779 -0.586114
v 0.500186 8.550816 -0.596121
v 0.495042 8.685109 -0.560105
v 0.499703 8.796903 -0.582807
v 0.501026 9.122320 -0.623765
v 0.442791 8.549772 -0.613604
v 0.443810 8.599996 -0.607631
v 0.443759 8.702858 -0.600854
v 0.434902 7.596273 0.056606
v 0.500407 7.883736 0.055815
v 0.471208 7.923888 -0.011986
v 0.488150 8.024026 -0.037282
v 0.521631 8.097775 -0.040368
v 0.496357 8.072680 -0.084997
v 0.511449 8.098282 -0.216931
v 0.566653 8.150141 -0.104584
v 0.557490 8.202695 -0.198242
v 0.499069 8.112772 -0.290946
v 0.536687 8.191954 -0.263393
v 0.561698 8.230699 -0.210408
v 0.501869 8.179653 -0.366220
v 0.548536 8.233065 -0.326401
v 0.525244 8.237994 -0.377916
v 0.595548 8.282334 -0.253614
v 0.475310 8.252348 -0.456847
v 0.478540 8.377541 -0.432708
v 0.532860 8.356130 -0.391353
v 0.550854 8.311514 -0.371925
v 0.490170 8.442561 -0.458785
v 0.583134 8.426417 -0.387079
v 0.581841 8.380688 -0.361744
v 0.553156 8.898336 -0.504406
v 0.566619 8.924601 -0.487048
v 0.548179 8.969719 -0.473744
v 0.570190 8.964593 -0.478239
v 0.552670 9.049402 -0.524802
v 0.581085 9.024794 -0.501257
v 0.588746 8.985718 -0.478224
v 0.445215 8.451231 -0.542435
v 0.555143 8.472884 -0.458566
v 0.568460 8.526635 -0.527993
v 0.574360 8.853575 -0.534919
v 0.535738 8.880690 -0.524408
v 0.533104 9.141989 -0.609348
v 0.476244 8.496766 -0.574348
v 0.534025 8.547463 -0.577576
v 0.520653 8.485872 -0.532549
v 0.577526 8.566948 -0.548228
v 0.533604 8.606925 -0.586748
v 0.572249 8.641250 -0.562174
v 0.535717 8.657029 -0.567002
v 0.556794 8.738482 -0.491085
v 0.576391 8.751369 -0.470290
v 0.580634 8.744271 -0.468794
v 0.448083 8.672866 -0.586737
v 0.553900 8.774047 -0.526552
v 0.501868 8.743250 -0.572577
v 0.543731 8.830486 -0.560362
v 0.520647 8.060876 0.000296
v 0.556702 8.102781 0.061783
v 0.584197 8.180119 0.059354
v 0.608249 8.226394 0.115195
v 0.559185 8.144418 0.009447
v 0.627911 8.251607 -0.030690
v 0.638120 8.277100 0.080172
v 0.632707 8.282537 -0.046205
v 0.574597 8.171708 -0.131019
v 0.609720 8.327013 -0.115278
v 0.634073 8.380635 -0.065010
v 0.643818 8.424068 -0.078114
v 0.642557 8.356257 -0.193453
v 0.661566 8.407149 -0.144869
v 0.622801 8.361936 -0.294051
v 0.660197 8.412118 -0.248394
v 0.687106 8.455688 -0.201898
v 0.638939 8.453173 -0.339420
v 0.602986 8.516579 -0.460658
v 0.648120 8.543232 -0.423147
v 0.700615 8.561542 -0.326106
v 0.613683 8.786595 -0.406536
v 0.608461 8.783966 -0.416299
v 0.612859 8.799347 -0.419881
v 0.617574 8.791683 -0.399716
v 0.612914 8.790666 -0.409369
v 0.595464 8.873450 -0.508088
v 0.605550 8.914243 -0.473402
v 0.619763 8.966040 -0.451412
v 0.624448 8.927492 -0.451791
v 0.614827 9.009637 -0.467362
v 0.604632 9.078545 -0.520469
v 0.610479 9.122077 -0.528396
v 0.662311 8.603356 -0.443532
v 0.613683 8.688255 -0.511984
v 0.604718 8.741595 -0.454914
v 0.662935 8.667633 -0.456754
v 0.640453 8.722088 -0.450884
v 0.582394 8.754707 -0.463736
v 0.588616 8.757113 -0.455777
v 0.582461 8.758330 -0.463210
v 0.586804 8.760333 -0.457276
v 0.584418 8.763437 -0.460044
v 0.592871 8.766026 -0.448150
v 0.605293 8.768269 -0.431700
v 0.609678 8.780476 -0.415393
v 0.581213 8.756932 -0.464721
v 0.596394 8.771321 -0.442072
v 0.602900 8.776980 -0.429443
v 0.598698 8.781236 -0.439162
v 0.607108 8.788221 -0.421934
v 0.592204 8.787465 -0.460420
v 0.572815 9.135758 -0.572727
v 0.565345 8.701643 -0.508128
v 0.618017 8.632460 -0.516770
v 0.671595 8.376165 0.048569
v 0.666485 8.406503 0.130003
v 0.682489 8.468972 0.033547
v 0.672260 8.633828 0.021809
v 0.673066 8.410471 0.016859
v 0.666688 8.561356 -0.053406
v 0.657311 8.729068 -0.085059
v 0.662110 8.497187 -0.081936
v 0.655257 8.477082 -0.057236
v 0.667978 8.598721 -0.089101
v 0.658898 8.725915 -0.122785
v 0.656326 8.794466 -0.180063
v 0.690357 8.477190 -0.156452
v 0.703373 8.545470 -0.170479
v 0.706396 8.607362 -0.186965
v 0.713533 8.636339 -0.225151
v 0.657417 8.815834 -0.241440
v 0.659137 8.909331 -0.348537
v 0.710106 8.541283 -0.237688
v 0.717207 8.615602 -0.285986
v 0.709080 8.695832 -0.302704
v 0.654868 8.818754 -0.284601
v 0.642565 8.840549 -0.400307
v 0.643722 9.025585 -0.430898
v 0.662971 9.002255 -0.383839
v 0.626884 9.141782 -0.494702
v 0.645360 9.148735 -0.434623
v 0.696063 8.635226 -0.389271
v 0.708708 8.643860 -0.348933
v 0.691959 8.709552 -0.389523
v 0.635329 8.765917 -0.406988
v 0.683997 8.756173 -0.355142
v 0.622629 8.793612 -0.391363
v 0.621585 8.788338 -0.395512
v 0.642753 8.809006 -0.359866
v 0.626534 8.782969 -0.395954
v 0.658519 8.779961 -0.361015
v 0.622326 8.797809 -0.394241
v 0.630594 8.809753 -0.387899
v 0.632018 8.803450 -0.377188
v 0.628907 8.798154 -0.380888
v 0.610774 8.830385 -0.493471
v 0.648067 8.927509 -0.410218
v 0.668096 8.748564 -0.408100
v 0.674494 8.538273 0.092195
v 0.684367 8.777628 0.027655
v 0.701333 8.838556 0.029412
v 0.684694 8.954126 -0.019862
v 0.661901 8.828877 -0.103584
v 0.676776 8.882937 -0.015963
v 0.652623 8.945503 -0.196664
v 0.673503 9.120598 -0.204141
v 0.664715 9.055867 -0.237103
v 0.656094 8.870343 -0.200907
v 0.662706 9.152815 -0.307709
v 0.668663 9.218012 -0.257866
v 0.667952 9.001637 -0.336670
v 0.663098 9.079099 -0.376126
v 0.673835 9.032463 -0.112499
v 0.733121 9.232718 -0.038585
v 0.688351 9.208015 -0.180841
v 0.064088 8.724593 -1.314699
v 0.047952 8.927190 -1.316585
v 0.076286 8.902489 -1.325019
v 0.024932 8.723248 -1.405319
v 0.047193 8.730282 -1.486746
v 0.047723 8.904922 -1.395356
v 0.023600 8.873804 -1.495927
v 0.021486 8.719169 -1.535371
v 0.004251 8.695387 -1.635766
v 0.029400 8.699455 -1.632602
v 0.050743 8.787302 -1.630121
v 0.025435 8.791317 -1.649857
v 0.012745 8.664472 -1.740330
v 0.028207 8.665194 -1.772871
v 0.012499 8.721899 -1.759034
v 0.032743 8.730659 -1.735421
v 0.046944 8.701410 -1.726587
v 0.045535 8.724614 -1.719561
v 0.001452 8.670485 -1.828347
v 0.022175 8.681683 -1.803916
v 0.025341 8.665771 -1.809340
v 0.079386 8.758249 -1.427249
v 0.099324 8.854497 -1.343897
v 0.087605 8.798207 -1.468121
v 0.051677 8.717381 -1.593109
v 0.084236 8.828362 -1.474693
v 0.067305 8.859572 -1.463871
v 0.069142 8.799540 -1.572461
v 0.062460 8.732052 -1.609527
v 0.080606 8.801427 -1.530676
v 0.067966 8.761630 -1.609946
v -0.000401 10.032640 -0.122216
v 0.099771 9.997838 -0.210312
v 0.125036 9.843775 -0.487782
v 0.096713 9.799836 -0.551502
v 0.089328 9.706998 -0.646343
v 0.009873 9.658272 -0.693341
v 0.110496 9.647585 -0.683863
v 0.124177 9.103546 -0.846739
v 0.141028 10.007442 -0.143346
v 0.111552 9.923118 -0.368130
v 0.204053 9.739115 -0.572466
v 0.151389 9.248993 -0.801105
v 0.121207 9.334287 -0.781000
v 0.253683 9.251119 -0.782578
v 0.135028 9.550756 -0.724347
v 0.057071 9.536615 -0.743572
v 0.160970 9.075148 -0.835774
v 0.206094 9.154264 -0.829802
v 0.215033 9.118682 -0.834171
v 0.210132 9.994976 -0.106535
v 0.196803 9.961202 -0.233610
v 0.205474 9.916550 -0.326709
v 0.251423 9.809337 -0.462751
v 0.220193 9.864131 -0.406851
v 0.179455 9.691881 -0.627152
v 0.204597 9.590412 -0.678590
v 0.228292 9.065623 -0.816568
v 0.330751 9.153713 -0.814146
v 0.352647 9.104990 -0.811505
v 0.227978 9.323209 -0.761326
v 0.289803 9.919641 -0.235864
v 0.302661 9.739708 -0.503633
v 0.272814 9.674513 -0.583323
v 0.370484 9.056828 -0.774707
v 0.272994 9.381100 -0.729554
v 0.343970 9.392012 -0.691887
v 0.379182 9.159979 -0.800327
v 0.309903 9.287320 -0.755336
v 0.358139 9.923033 -0.120474
v 0.402917 9.858182 -0.219215
v 0.310687 9.868374 -0.319981
v 0.390630 9.823926 -0.304467
v 0.287534 9.589758 -0.631039
v 0.427367 9.105597 -0.743130
v 0.396411 9.124726 -0.792175
v 0.351391 9.334332 -0.718727
v 0.375000 9.199789 -0.786923
v 0.437206 9.871574 -0.116461
v 0.387892 9.793089 -0.358091
v 0.393337 9.725392 -0.431065
v 0.398946 9.663668 -0.483282
v 0.369325 9.594567 -0.561586
v 0.434341 9.453908 -0.591528
v 0.436216 9.149589 -0.758434
v 0.463646 9.196591 -0.732636
v 0.413178 9.242364 -0.753968
v 0.426656 9.195518 -0.768857
v 0.465073 9.280909 -0.704183
v 0.504017 9.818443 -0.121148
v 0.502676 9.476611 -0.511048
v 0.490286 9.239436 -0.699868
v 0.515534 9.340016 -0.620789
v 0.572624 9.741687 -0.136016
v 0.547373 9.657692 -0.298589
v 0.477298 9.766900 -0.272570
v 0.530311 9.497915 -0.455257
v 0.481213 9.662505 -0.389823
v 0.559963 9.433776 -0.459700
v 0.570813 9.248803 -0.593448
v 0.535169 9.287696 -0.632324
v 0.550117 9.349443 -0.568507
v 0.578270 9.310470 -0.546732
v 0.625554 9.711424 -0.057651
v 0.600765 9.666736 -0.189893
v 0.618605 9.378890 -0.360685
v 0.582163 9.444400 -0.403085
v 0.602169 9.603167 -0.255941
v 0.603217 9.265933 -0.515756
v 0.604977 9.350953 -0.417255
v 0.714417 9.577562 0.012377
v 0.707144 9.535211 -0.068412
v 0.661368 9.618846 -0.110473
v 0.658240 9.535900 -0.197086
v 0.642609 9.278037 -0.336537
v 0.710054 9.437849 -0.120433
v 0.713424 9.331329 -0.128345
vn -0.8557 0.3400 0.3901
vn -0.6509 0.4266 0.6280
vn -0.9243 0.0161 0.3814
vn -0.9582 -0.2839 0.0362
vn -0.9459 0.1718 0.2754
vn -0.9913 0.0007 0.1314
vn -0.9674 -0.2024 -0.1523
vn -0.9867 0.1552 0.0476
vn -0.9884 -0.0303 -0.1490
vn -0.8662 -0.3782 -0.3266
vn -0.8757 -0.2768 -0.3957
vn -0.9417 -0.0452 -0.3335
vn -0.7761 -0.2883 -0.5609
vn -0.8193 -0.0126 -0.5733
vn -0.6587 -0.0786 -0.7483
vn -0.6844 -0.1615 -0.7110
vn -0.8322 -0.1451 -0.5352
vn -0.8880 -0.0853 -0.4518
vn -0.6616 0.0806 -0.7455
vn -0.9599 -0.0270 0.2790
vn -0.7339 0.0069 0.6793
vn -0.3298 0.2615 0.9071
vn -0.9210 0.0749 0.3824
vn -0.7272 0.2735 0.6296
vn 0.0901 -0.1226 0.9884
vn -0.0850 -0.2989 0.9505
vn -0.7963 -0.0856 0.5989
vn -0.2942 -0.1830 0.9381
vn 0.0919 0.2098 0.9734
vn 0.0707 -0.2159 0.9738
vn -0.0052 -0.0682 0.9977
vn -0.1218 -0.0010 0.9926
vn -0.4577 0.3001 0.8369
vn 0.1774 0.5064 0.8438
vn -0.1429 0.2969 0.9441
vn -0.5974 -0.0125 0.8018
vn -0.4553 -0.0937 0.8854
vn 0.0053 0.4320 0.9019
vn 0.0528 0.2536 0.9659
vn -0.3478 0.4271 0.8347
vn 0.0362 0.5944 0.8034
vn -0.8511 0.1111 0.5131
vn -0.0392 0.5439 0.8382
vn -0.6811 -0.3240 0.6567
vn -0.2448 -0.6205 0.7451
vn -0.7169 -0.4629 0.5213
vn -0.4452 -0.5281 0.7231
vn -0.0618 -0.4259 0.9026
vn -0.1871 -0.4635 0.8661
vn -0.8378 -0.3413 0.4262
vn -0.4352 -0.3097 0.8454
vn -0.8534 -0.1784 0.4899
vn -0.8050 0.0386 0.5921
vn -0.3601 0.5115 0.7802
vn -0.1771 -0.5958 0.7834
vn -0.6029 -0.4976 0.6236
vn -0.6706 -0.4184 0.6126
vn -0.2495 -0.7681 0.5897
vn -0.5612 -0.6815 0.4698
vn -0.2191 -0.6448 0.7323
vn -0.8756 -0.4828 0.0167
vn -0.8193 -0.5136 0.2550
vn -0.9439 -0.2246 0.2421
vn -0.9528 -0.2251 0.2038
vn -0.8622 -0.3109 0.4000
vn -0.9001 -0.1786 0.3975
vn -0.8069 -0.4685 0.3598
vn -0.8901 -0.2571 0.3764
vn -0.7626 -0.6436 -0.0648
vn -0.6454 -0.7213 0.2514
vn -0.6651 -0.7318 0.1484
vn -0.7460 -0.4106 0.5243
vn -0.4473 -0.7611 0.4697
vn -0.8882 -0.4249 -0.1749
vn -0.8972 -0.3103 0.3143
vn -0.6109 -0.7518 0.2483
vn -0.9684 -0.2441 0.0501
vn -0.7794 -0.6261 -0.0218
vn -0.8398 -0.4900 -0.2338
vn -0.8364 -0.4358 -0.3324
vn -0.8633 -0.4845 -0.1412
vn -0.8131 -0.3784 -0.4423
vn -0.9607 -0.2374 0.1436
vn -0.9883 -0.1430 -0.0524
vn -0.9891 -0.1465 0.0177
vn -0.8202 -0.5027 -0.2731
vn -0.9205 -0.2585 -0.2930
vn -0.9806 -0.1052 -0.1655
vn -0.8129 -0.3725 -0.4478
vn -0.7415 -0.3103 -0.5949
vn -0.6772 -0.2066 -0.7062
vn -0.9449 -0.0114 0.3273
vn -0.9449 -0.0610 0.3216
vn -0.8824 -0.1945 0.4285
vn -0.8739 -0.1124 0.4729
vn -0.9362 -0.0495 0.3479
vn -0.6565 -0.2065 0.7255
vn -0.8164 -0.2874 0.5009
vn -0.7935 -0.2798 0.5404
vn -0.8239 -0.2637 0.5015
vn -0.8267 -0.2443 0.5069
vn -0.9685 -0.1249 0.2152
vn -0.9378 -0.2761 0.2106
vn -0.9651 -0.2201 0.1418
vn -0.9632 -0.2686 0.0127
vn -0.9040 -0.3096 0.2949
vn -0.9248 -0.3335 0.1829
vn -0.9274 -0.3442 0.1469
vn -0.9487 -0.2763 0.1535
vn -0.8881 0.0037 0.4596
vn -0.7810 -0.0231 0.6241
vn -0.7970 -0.2503 0.5497
vn -0.7548 -0.1791 0.6310
vn -0.8138 -0.2544 0.5225
vn -0.8963 -0.1295 0.4241
vn -0.9065 -0.1230 0.4039
vn -0.8231 -0.2513 0.5093
vn -0.9238 -0.1061 0.3679
vn -0.9455 -0.1643 0.2810
vn -0.9834 -0.1545 0.0948
vn -0.9420 -0.2483 0.2256
vn -0.9618 -0.2738 0.0088
vn -0.9785 -0.1966 -0.0629
vn -0.9861 -0.1576 0.0525
vn -0.9750 -0.1952 -0.1057
vn -0.6536 -0.2981 0.6956
vn -0.6516 -0.1648 0.7405
vn -0.6516 0.0014 0.7586
vn -0.5277 0.0314 0.8488
vn -0.8211 -0.1292 0.5560
vn -0.7407 -0.3345 0.5826
vn -0.7187 -0.2669 0.6421
vn -0.8977 -0.1041 0.4282
vn -0.7815 -0.3087 0.5421
vn -0.8998 -0.1474 0.4106
vn -0.8947 -0.0965 0.4362
vn -0.8601 -0.2094 0.4651
vn -0.8749 -0.2657 0.4049
vn -0.7915 -0.4602 0.4023
vn -0.7487 -0.5780 0.3245
vn -0.7773 -0.3862 0.4967
vn -0.9004 -0.4187 0.1181
vn -0.5824 -0.6375 0.5043
vn -0.9032 -0.3572 0.2379
vn -0.7584 -0.6221 0.1946
vn -0.7897 -0.5686 -0.2305
vn -0.9471 -0.2142 -0.2392
vn -0.9219 -0.3327 -0.1985
vn -0.8644 -0.5008 -0.0454
vn -0.5907 -0.0395 0.8059
vn -0.5096 -0.2437 0.8252
vn -0.5371 -0.1215 0.8347
vn -0.7542 -0.0701 0.6529
vn -0.6689 -0.1148 0.7344
vn -0.7488 -0.1657 0.6418
vn -0.6397 -0.2523 0.7260
vn -0.8295 -0.1247 0.5444
vn -0.6580 -0.2772 0.7001
vn -0.4777 -0.4705 0.7419
vn -0.8632 -0.1655 0.4770
vn -0.7192 -0.3164 0.6186
vn -0.5237 -0.5220 0.6732
vn -0.6434 -0.4217 0.6390
vn -0.6230 -0.5315 0.5740
vn -0.5200 -0.7373 0.4314
vn -0.5301 -0.7771 0.3394
vn -0.6099 -0.7766 0.1576
vn -0.4578 -0.8754 0.1549
vn -0.6844 -0.7289 -0.0134
vn -0.5745 -0.8023 -0.1623
vn -0.4222 -0.0302 0.9060
vn -0.4174 -0.1458 0.8970
vn -0.5167 -0.2164 0.8283
vn -0.5513 -0.0979 0.8286
vn -0.6190 -0.2151 0.7553
vn -0.4560 -0.4345 0.7767
vn -0.7415 -0.0703 0.6672
vn -0.3575 -0.5862 0.7270
vn -0.4624 -0.6178 0.6359
vn -0.3565 -0.7375 0.5737
vn -0.4286 -0.7441 0.5124
vn -0.3845 -0.8767 0.2890
vn -0.3752 -0.9269 0.0072
vn -0.3142 -0.0827 0.9457
vn -0.4259 -0.0428 0.9037
vn -0.3526 -0.2373 0.9052
vn -0.3966 -0.1812 0.8999
vn -0.5773 -0.0665 0.8138
vn -0.4168 -0.2243 0.8809
vn -0.3243 -0.4415 0.8366
vn -0.4857 -0.3016 0.8205
vn -0.3276 -0.6772 0.6589
vn -0.3547 -0.8243 0.4412
vn -0.2799 -0.9600 -0.0063
vn -0.2495 -0.1811 0.9513
vn -0.2857 0.0292 0.9579
vn -0.3105 -0.0280 0.9501
vn -0.3770 -0.0349 0.9255
vn -0.1888 0.0004 0.9820
vn -0.2779 -0.1643 0.9465
vn -0.2889 -0.2338 0.9284
vn -0.1985 -0.4004 0.8946
vn -0.3249 -0.5295 0.7836
vn -0.1887 -0.5896 0.7854
vn -0.2055 -0.6442 0.7367
vn -0.2305 -0.8062 0.5449
vn -0.2772 -0.8912 0.3590
vn -0.3113 -0.9378 0.1534
vn -0.2040 0.0485 0.9778
vn -0.1859 -0.1827 0.9654
vn -0.0402 -0.0516 0.9979
vn -0.1272 -0.2089 0.9696
vn -0.1521 -0.0956 0.9837
vn -0.1863 -0.2101 0.9598
vn -0.1907 -0.0116 0.9816
vn -0.2053 -0.0504 0.9774
vn -0.0297 -0.3947 0.9184
vn -0.1667 -0.4807 0.8609
vn -0.1602 -0.5387 0.8271
vn -0.0189 -0.6477 0.7617
vn -0.1914 -0.7363 0.6490
vn -0.0769 -0.6980 0.7119
vn -0.0498 -0.7730 0.6324
vn -0.0694 -0.8510 0.5206
vn -0.1570 -0.8888 0.4306
vn -0.2404 -0.9505 0.1971
vn -0.1269 -0.9600 0.2498
vn -0.0110 0.0403 0.9991
vn -0.0201 -0.1786 0.9837
vn 0.0238 -0.1044 0.9943
vn -0.0005 0.0036 1.0000
vn -0.0313 -0.1922 0.9809
vn -0.0095 -0.4615 0.8871
vn -0.0018 -0.5350 0.8448
vn 0.0041 -0.9971 0.0756
vn 0.0568 -0.9798 0.1918
vn -0.2791 0.7959 0.5373
vn -0.0054 0.8592 0.5116
vn -0.6529 0.6088 0.4506
vn -0.1686 0.6515 0.7397
vn 0.1016 0.7053 0.7016
vn -0.1443 0.7445 0.6519
vn -0.8989 0.2717 0.3438
vn -0.8839 0.2202 0.4126
vn -0.3637 0.7582 0.5412
vn -0.6311 0.5294 0.5670
vn -0.9731 0.0267 0.2286
vn -0.5992 0.7565 0.2622
vn -0.3047 0.8640 0.4009
vn -0.9074 0.3730 0.1936
vn -0.1423 0.9374 0.3177
vn -0.1860 0.9101 0.3703
vn -0.3649 0.9214 0.1338
vn -0.4198 0.8792 0.2254
vn -0.6116 0.6700 0.4207
vn -0.9003 0.2837 0.3302
vn -0.8194 0.5721 0.0359
vn -0.9693 0.1934 -0.1520
vn -0.3491 0.9339 -0.0770
vn -0.3563 0.9318 0.0692
vn -0.9148 0.4010 0.0488
vn -0.9043 0.3832 0.1881
vn -0.9888 0.0653 0.1345
vn -0.5622 0.8212 -0.0975
vn -0.8258 0.5111 -0.2382
vn -0.8762 0.2227 -0.4275
vn -0.5354 0.7926 -0.2917
vn -0.6199 0.7670 -0.1660
vn -0.9713 0.2378 0.0008
vn -0.6680 0.5526 -0.4983
vn -0.6552 0.3671 -0.6603
vn -0.6228 0.6124 -0.4869
vn -0.9401 0.3316 -0.0794
vn -0.9325 0.2076 -0.2955
vn -0.9916 -0.0257 -0.1269
vn -0.9955 0.0897 -0.0299
vn -0.9245 0.3612 -0.1221
vn -0.6874 0.1957 -0.6994
vn -0.9127 0.0607 -0.4041
vn -0.9764 0.1127 -0.1841
vn -0.9387 0.2818 -0.1987
vn -0.9438 0.0004 0.3304
vn -0.9642 -0.0285 0.2636
vn -0.9609 0.0318 0.2750
vn -0.9312 0.1856 0.3136
vn -0.3543 0.4241 0.8334
vn -0.8090 0.2926 0.5098
vn 0.1038 0.5679 0.8166
vn -0.7325 0.2741 0.6231
vn -0.9650 0.1293 0.2283
vn -0.9360 0.2670 0.2295
vn -0.9545 0.2682 0.1304
vn -0.8622 0.4889 0.1324
vn -0.8878 0.4599 -0.0152
vn -0.7903 0.6126 -0.0106
vn -0.8403 0.5153 -0.1683
vn -0.8789 0.0895 0.4686
vn -0.8328 0.2204 0.5078
vn -0.9272 0.0954 0.3621
vn -0.8764 0.2737 0.3962
vn -0.7329 0.5097 0.4507
vn -0.7838 0.4927 0.3780
vn -0.8868 0.3661 0.2821
vn -0.7619 0.5717 0.3044
vn -0.7980 0.5677 0.2024
vn -0.7124 0.6948 0.0987
vn -0.6981 0.7158 -0.0139
vn -0.7181 0.6806 -0.1453
vn -0.7893 0.1138 0.6033
vn -0.7198 0.2365 0.6526
vn -0.6714 0.3765 0.6383
vn -0.8016 0.3837 0.4584
vn -0.6718 0.5017 0.5450
vn -0.5837 0.6123 0.5333
vn -0.6299 0.6507 0.4241
vn -0.6653 0.6838 0.2996
vn -0.6761 0.7078 0.2048
vn -0.6108 0.7856 0.0984
vn -0.6278 0.7780 -0.0242
vn -0.6035 0.7862 -0.1325
vn -0.6606 0.1616 0.7331
vn -0.5623 0.3436 0.7522
vn -0.5657 0.5011 0.6549
vn -0.5767 0.7384 0.3497
vn -0.5543 0.8009 0.2266
vn -0.4880 0.8669 0.1019
vn -0.5288 0.8487 -0.0025
vn -0.5260 0.1872 0.8296
vn -0.3963 0.0672 0.9157
vn -0.4698 0.4245 0.7740
vn -0.4583 0.3154 0.8310
vn -0.5103 0.5654 0.6480
vn -0.5020 0.6977 0.5110
vn -0.4897 0.7928 0.3629
vn -0.4129 0.8283 0.3788
vn -0.4730 0.8754 -0.0994
vn -0.3762 0.2262 0.8985
vn -0.3505 0.3608 0.8643
vn -0.3561 0.4296 0.8298
vn -0.4219 0.5176 0.7444
vn -0.4562 0.6233 0.6351
vn -0.4093 0.7700 0.4895
vn -0.3871 0.7212 0.5744
vn -0.4459 0.8637 0.2349
vn -0.3736 0.8820 0.2872
vn -0.3764 0.9261 0.0276
vn -0.2982 0.1721 0.9389
vn -0.2746 0.3131 0.9092
vn -0.2484 0.4110 0.8771
vn -0.3107 0.5399 0.7822
vn -0.2545 0.6717 0.6958
vn -0.3682 0.6525 0.6623
vn -0.2785 0.7754 0.5667
vn -0.2989 0.8438 0.4458
vn -0.2858 0.8893 0.3570
vn -0.3038 0.9186 0.2528
vn -0.3484 0.9345 -0.0728
vn -0.1797 0.1929 0.9646
vn -0.2170 0.2870 0.9330
vn -0.1705 0.3589 0.9177
vn -0.1855 0.5515 0.8133
vn -0.1497 0.7593 0.6333
vn -0.2259 0.8271 0.5147
vn -0.1818 0.8782 0.4425
vn -0.2094 0.9481 0.2392
vn -0.3354 0.9314 0.1415
vn -0.1664 0.9738 0.1549
vn -0.2237 0.9737 0.0438
vn -0.1211 0.3314 0.9357
vn -0.1563 0.3982 0.9039
vn -0.0299 0.3948 0.9183
vn -0.1035 0.4622 0.8807
vn -0.0891 0.5773 0.8116
vn -0.1096 0.6832 0.7219
vn -0.1188 0.8223 0.5566
vn -0.0283 0.9031 0.4285
vn -0.1592 0.9252 0.3445
vn -0.1991 0.9775 -0.0692
vn -0.0217 0.2134 0.9767
vn 0.0993 0.2931 0.9509
vn -0.0019 0.3602 0.9329
vn 0.0287 0.4390 0.8980
vn 0.0027 0.5309 0.8474
vn 0.0044 0.6674 0.7447
vn 0.0047 0.7671 0.6415
vn 0.0230 0.8456 0.5334
vn -0.0586 0.9601 0.2735
vn 0.0292 0.9846 0.1723
vn -0.0776 0.9931 0.0874
vn 0.0043 0.9994 -0.0355
vn -0.4364 -0.8785 0.1946
vn -0.6999 -0.6985 -0.1492
vn -0.7166 -0.6456 -0.2639
vn -0.7084 -0.5240 -0.4729
vn -0.5707 -0.8211 -0.0108
vn -0.6234 -0.7578 -0.1926
vn -0.6170 -0.6595 -0.4294
vn -0.0388 -0.9018 0.4305
vn -0.1887 -0.8946 0.4051
vn -0.2635 -0.9219 0.2839
vn -0.3690 -0.9288 0.0353
vn -0.1873 -0.9661 0.1775
vn -0.4483 -0.8449 -0.2919
vn -0.2836 -0.6901 -0.6658
vn -0.5017 -0.6198 -0.6034
vn -0.5237 -0.3608 -0.7717
vn -0.3516 -0.5425 -0.7629
vn -0.2840 -0.3733 -0.8831
vn -0.0890 -0.9415 0.3252
vn -0.1455 -0.9848 -0.0952
vn -0.0000 -0.9839 0.1787
vn -0.1729 -0.9064 -0.3855
vn -0.0303 -0.7288 -0.6840
vn 0.1287 -0.9192 -0.3723
vn -0.2106 -0.1682 -0.9630
vn -0.0014 -0.4708 -0.8823
vn 0.0197 -0.2377 -0.9711
vn -0.9710 -0.0952 -0.2192
vn -0.9592 -0.1469 -0.2415
vn -0.7848 -0.2226 -0.5784
vn -0.8154 -0.3412 -0.4677
vn -0.9252 -0.0912 -0.3684
vn -0.8783 -0.1496 -0.4540
vn -0.8725 -0.1472 -0.4660
vn -0.9894 -0.0659 -0.1297
vn -0.9497 -0.1279 -0.2857
vn -0.9977 -0.0061 -0.0677
vn -0.9961 -0.0760 -0.0457
vn -0.9937 0.0100 -0.1114
vn -0.9993 -0.0370 -0.0039
vn -0.9966 -0.0510 -0.0650
vn -0.9872 0.0435 -0.1533
vn -0.9721 0.0990 -0.2127
vn -0.9174 -0.3934 0.0601
vn -0.9955 -0.0689 0.0645
vn -0.9733 -0.2284 -0.0235
vn -0.9945 -0.0877 -0.0578
vn -0.9905 -0.0284 -0.1342
vn -0.9998 0.0091 -0.0174
vn -0.9341 -0.1887 -0.3030
vn -0.9983 0.0513 0.0267
vn -0.9987 0.0507 0.0065
vn -0.9763 -0.1543 0.1520
vn -0.9401 0.1850 0.2862
vn -0.9769 -0.0981 -0.1901
vn -0.9770 0.0292 0.2113
vn -0.5432 0.6997 0.4640
vn -0.9624 0.0051 0.2716
vn -0.9881 0.1470 0.0448
vn -0.9937 -0.0849 -0.0738
vn -0.9796 -0.1614 0.1199
vn -0.9500 -0.2384 -0.2018
vn -0.9696 0.2280 0.0886
vn -0.9686 0.1415 0.2044
vn -1.0000 -0.0084 0.0015
vn -0.9450 0.3267 -0.0126
vn -0.8649 0.4786 -0.1513
vn -0.9853 0.1641 -0.0483
vn -0.9384 0.0945 -0.3323
vn -0.9407 -0.2166 -0.2611
vn -0.9554 -0.0723 -0.2862
vn -0.8774 -0.0163 -0.4795
vn -0.9484 0.0152 -0.3167
vn -0.8277 -0.1388 -0.5437
vn -0.8655 -0.1246 -0.4852
vn -0.9542 0.2258 -0.1962
vn -0.9809 -0.0214 -0.1936
vn -0.8976 0.1196 -0.4242
vn -0.8906 -0.1612 -0.4252
vn -0.6205 0.6115 -0.4909
vn -0.7269 0.5620 -0.3948
vn -0.6598 0.3563 -0.6616
vn -0.5601 0.5543 -0.6157
vn -0.7296 0.2712 -0.6278
vn -0.6788 0.3713 -0.6335
vn -0.8591 -0.1348 -0.4938
vn -0.8419 -0.3866 -0.3766
vn -0.8870 -0.2803 -0.3669
vn -0.8136 -0.4917 -0.3102
vn -0.6366 0.5048 -0.5830
vn -0.4369 0.6690 -0.6014
vn -0.9319 -0.3163 -0.1774
vn -0.9107 -0.4131 0.0030
vn -0.8674 -0.4930 -0.0677
vn -0.8282 -0.5351 -0.1666
vn -0.8390 -0.5417 -0.0517
vn -0.9147 -0.3938 -0.0908
vn -0.9166 -0.2871 -0.2783
vn -0.9442 -0.1956 -0.2650
vn -0.8559 -0.4838 -0.1824
vn -0.9355 -0.3461 -0.0712
vn -0.9457 -0.2869 0.1526
vn -0.8981 -0.4342 0.0700
vn -0.8589 -0.5121 -0.0091
vn -0.9237 -0.2509 0.2896
vn -0.9524 -0.3028 0.0354
vn -0.8483 -0.4514 -0.2768
vn -0.9070 -0.3745 -0.1928
vn -0.6823 0.0500 -0.7293
vn -0.7402 -0.1624 -0.6525
vn -0.7378 -0.3592 -0.5716
vn -0.8406 -0.3984 -0.3669
vn -0.8086 -0.3818 -0.4476
vn -0.7039 -0.4413 -0.5567
vn -0.5404 -0.4765 -0.6935
vn -0.6796 -0.5346 -0.5024
vn -0.8577 -0.3061 -0.4131
vn -0.8370 -0.1557 -0.5245
vn -0.8623 -0.2605 -0.4343
vn -0.8274 -0.0180 -0.5614
vn -0.8774 -0.1882 -0.4413
vn -0.8263 0.0946 -0.5552
vn -0.7991 -0.2142 -0.5617
vn -0.5781 0.3513 -0.7365
vn -0.4900 -0.1277 -0.8623
vn -0.6774 -0.3340 -0.6555
vn -0.4634 -0.7116 -0.5281
vn -0.6199 -0.5883 -0.5193
vn -0.8191 0.0489 -0.5716
vn -0.3054 0.6855 -0.6609
vn -0.2606 0.7007 -0.6641
vn -0.7862 -0.2335 -0.5721
vn -0.6283 0.3865 -0.6751
vn -0.5167 0.5132 -0.6853
vn -0.8003 0.2073 -0.5627
vn -0.3999 0.5489 -0.7341
vn -0.6682 0.2970 -0.6822
vn -0.7812 0.0538 -0.6220
vn -0.6685 0.2027 -0.7156
vn -0.7429 0.0731 -0.6653
vn -0.7590 0.0015 -0.6510
vn -0.8860 0.0227 -0.4632
vn -0.8036 -0.0574 -0.5924
vn -0.5516 0.4032 -0.7302
vn -0.5304 0.0510 -0.8462
vn -0.7723 -0.1428 -0.6190
vn -0.6280 -0.0673 -0.7753
vn -0.4704 0.3616 -0.8050
vn -0.2714 0.6476 -0.7120
vn -0.7088 -0.3919 -0.5866
vn -0.6123 0.2793 -0.7396
vn -0.7598 -0.3305 -0.5599
vn -0.9273 -0.2223 -0.3011
vn -0.8746 -0.2428 -0.4196
vn -0.8378 -0.3590 -0.4113
vn -0.7527 -0.2616 -0.6041
vn -0.8719 -0.3110 -0.3782
vn -0.8226 -0.2181 -0.5252
vn -0.7685 -0.3306 -0.5478
vn -0.6319 -0.4006 -0.6635
vn -0.5292 -0.7669 -0.3632
vn -0.7909 -0.5089 -0.3400
vn -0.7527 -0.6526 -0.0866
vn -0.9111 -0.2971 -0.2857
vn -0.7193 -0.6831 -0.1264
vn -0.7840 -0.5894 -0.1949
vn -0.8260 -0.4764 -0.3011
vn -0.9114 -0.3639 -0.1921
vn -0.8460 -0.4202 -0.3281
vn -0.8426 -0.4566 -0.2854
vn -0.8257 -0.3173 -0.4663
vn -0.8228 -0.2833 -0.4927
vn -0.7408 -0.0937 -0.6651
vn -0.6274 -0.2602 -0.7340
vn -0.7539 -0.1442 -0.6410
vn -0.6440 0.0057 -0.7650
vn -0.5376 0.0205 -0.8430
vn -0.4467 -0.6823 -0.5786
vn -0.2181 0.3254 -0.9201
vn 0.3725 0.5169 -0.7708
vn 0.4782 0.7164 -0.5080
vn -0.4625 -0.4396 -0.7700
vn -0.1226 -0.3676 -0.9219
vn -0.0502 -0.0040 -0.9987
vn 0.3294 0.1289 -0.9354
vn 0.2837 -0.3306 -0.9001
vn -0.1012 -0.5722 -0.8138
vn 0.1659 -0.7025 -0.6921
vn -0.4876 -0.7396 -0.4640
vn -0.5402 -0.7434 -0.3944
vn -0.0790 0.7287 -0.6802
vn 0.2459 0.9102 -0.3334
vn -0.6135 -0.4938 -0.6162
vn -0.6697 -0.3209 -0.6697
vn -0.1296 -0.7372 -0.6631
vn -0.4838 -0.5420 -0.6872
vn -0.5510 -0.6080 -0.5716
vn -0.2685 0.4440 -0.8548
vn -0.4765 -0.3062 -0.8241
vn -0.3753 0.0791 -0.9235
vn -0.7229 0.1509 -0.6743
vn -0.3740 0.3622 -0.8538
vn -0.8281 -0.2864 -0.4819
vn -0.5890 0.0997 -0.8019
vn -0.5169 -0.0942 -0.8508
vn -0.1129 0.7309 -0.6731
vn -0.2655 0.3400 -0.9022
vn -0.3785 0.0465 -0.9244
vn -0.6778 -0.3883 -0.6243
vn -0.6050 -0.5903 -0.5343
vn -0.7316 -0.5426 -0.4128
vn -0.4883 -0.8350 -0.2537
vn -0.6590 -0.2650 -0.7039
vn -0.6053 -0.2388 -0.7594
vn -0.5676 -0.3041 -0.7651
vn -0.6339 -0.6167 -0.4667
vn -0.5447 -0.6694 -0.5052
vn -0.4472 -0.5073 -0.7367
vn -0.4959 -0.2873 -0.8194
vn -0.4613 -0.8649 -0.1980
vn -0.6500 -0.7589 -0.0396
vn -0.6172 -0.7842 -0.0638
vn -0.5056 -0.8587 0.0839
vn -0.6224 -0.7820 -0.0343
vn -0.7703 -0.5879 -0.2469
vn 0.5303 0.4990 -0.6854
vn -0.0243 -0.0484 -0.9985
vn 0.2391 0.2607 -0.9354
vn 0.3680 -0.3173 -0.8740
vn 0.4054 0.0315 -0.9136
vn 0.0416 -0.2954 -0.9545
vn -0.7708 -0.5969 -0.2229
vn -0.8065 -0.4524 -0.3805
vn -0.7950 -0.2944 -0.5304
vn -0.4156 0.0118 -0.9095
vn -0.6375 -0.4493 -0.6259
vn 0.5026 0.8618 -0.0691
vn 0.4655 0.7965 -0.3860
vn 0.2263 -0.6806 -0.6968
vn 0.0247 -0.8626 -0.5054
vn 0.0210 -0.5670 -0.8234
vn -0.8052 -0.3449 -0.4825
vn -0.7483 -0.1039 -0.6551
vn -0.6831 0.0835 -0.7256
vn -0.6273 0.1237 -0.7689
vn -0.5861 0.2246 -0.7785
vn -0.5380 -0.8241 -0.1772
vn -0.7508 -0.4930 -0.4396
vn 0.3769 0.9247 0.0541
vn -0.2407 -0.9288 -0.2817
vn -0.6225 -0.7799 -0.0648
vn -0.7608 -0.4541 -0.4636
vn -0.5148 -0.4230 -0.7457
vn -0.3819 0.0611 -0.9222
vn -0.3626 -0.2895 -0.8858
vn 0.0382 0.8635 -0.5030
vn -0.5350 -0.7349 -0.4167
vn -0.7235 -0.5123 -0.4627
vn -0.4580 -0.8757 -0.1530
vn -0.4473 -0.3116 -0.8384
vn -0.3938 0.2558 -0.8829
vn -0.5227 0.0444 -0.8513
vn -0.5800 -0.1110 -0.8070
vn -0.4409 -0.7667 -0.4666
vn -0.4682 -0.5240 -0.7115
vn -0.4421 -0.3405 -0.8298
vn -0.3490 -0.2583 -0.9008
vn -0.3709 -0.2460 -0.8955
vn -0.2910 -0.9476 0.1320
vn -0.3130 -0.8270 -0.4670
vn -0.4965 -0.8569 0.1390
vn -0.2893 -0.9152 0.2804
vn -0.6743 -0.7351 -0.0699
vn -0.5947 -0.8032 0.0338
vn 0.2372 0.5318 -0.8130
vn -0.1993 0.0802 -0.9766
vn -0.1080 0.3898 -0.9146
vn -0.2412 -0.4495 -0.8601
vn -0.3382 -0.2999 -0.8920
vn -0.4899 -0.1895 -0.8509
vn 0.4281 0.8885 0.1655
vn -0.0101 0.6868 -0.7268
vn 0.1553 0.9453 -0.2870
vn -0.3314 -0.6838 -0.6500
vn -0.0690 -0.8636 -0.4994
vn -0.2772 -0.9434 -0.1819
vn -0.7637 -0.5861 -0.2705
vn -0.8022 -0.4413 -0.4022
vn 0.3260 0.9187 0.2229
vn 0.1030 0.9479 0.3014
vn -0.2803 -0.9524 0.1199
vn -0.4633 -0.8859 0.0225
vn -0.7573 -0.2551 -0.6011
vn -0.7196 -0.0737 -0.6904
vn -0.6163 0.1759 -0.7676
vn -0.5949 0.0974 -0.7979
vn -0.7666 -0.4227 -0.4834
vn 0.0766 0.9607 -0.2669
vn -0.3298 0.4574 -0.8258
vn -0.1065 0.9448 -0.3099
vn -0.6190 -0.1084 -0.7779
vn -0.5155 -0.0219 -0.8566
vn -0.4074 0.4108 -0.8156
vn -0.6453 -0.4054 -0.6475
vn -0.7443 -0.1423 -0.6525
vn -0.6700 -0.7005 -0.2458
vn -0.6047 -0.1764 -0.7767
vn -0.3990 -0.1056 -0.9109
vn -0.5241 0.1451 -0.8392
vn -0.3436 -0.1318 -0.9298
vn -0.4109 0.0098 -0.9116
vn -0.3846 -0.1747 -0.9064
vn -0.3916 0.1973 -0.8987
vn -0.4096 0.1425 -0.9011
vn -0.4807 -0.8073 -0.3425
vn -0.3944 -0.0685 -0.9164
vn -0.3335 -0.9187 -0.2117
vn -0.2695 -0.3923 -0.8795
vn -0.2913 -0.6614 -0.6912
vn -0.1505 -0.2318 -0.9611
vn -0.3069 -0.4411 -0.8434
vn -0.2977 -0.5788 -0.7592
vn -0.2824 -0.9375 -0.2033
vn -0.2411 -0.9615 0.1320
vn -0.2230 -0.2906 -0.9305
vn -0.1800 -0.4701 -0.8641
vn -0.2713 -0.8895 0.3676
vn -0.4174 0.6906 -0.5906
vn -0.2158 0.9730 -0.0821
vn -0.4706 0.3205 -0.8221
vn -0.5060 0.0075 -0.8625
vn -0.7404 0.2865 -0.6080
vn -0.8011 0.0097 -0.5984
vn -0.7081 0.6382 -0.3020
vn -0.9521 0.2443 -0.1841
vn -0.5578 -0.4574 -0.6926
vn -0.7139 -0.3109 -0.6274
vn -0.6736 -0.6396 -0.3704
vn -0.5139 -0.7800 -0.3571
vn -0.7718 -0.5020 -0.3902
vn 0.1408 0.9222 0.3603
vn -0.2914 0.8526 0.4337
vn -0.5944 0.7895 0.1525
vn -0.3395 0.8990 0.2766
vn -0.8059 0.5788 0.1244
vn -0.3440 -0.9198 -0.1885
vn -0.4750 -0.8752 -0.0919
vn -0.7412 -0.3697 -0.5603
vn -0.5311 0.7388 -0.4149
vn -0.4699 0.4450 -0.7623
vn -0.5725 -0.7884 -0.2252
vn -0.3420 -0.9245 -0.1685
vn -0.6393 -0.2722 -0.7192
vn -0.6618 -0.4264 -0.6166
vn -0.4925 -0.0470 -0.8691
vn -0.4810 0.3334 -0.8108
vn -0.0578 0.7341 -0.6766
vn -0.3670 -0.9278 0.0672
vn -0.3547 -0.9350 -0.0072
vn -0.5140 -0.3394 -0.7877
vn 0.9076 -0.2970 -0.2968
vn -0.6161 -0.6693 -0.4153
vn -0.5094 -0.0059 -0.8605
vn -0.4485 0.2473 -0.8589
vn -0.6744 0.2886 -0.6796
vn -0.2654 -0.8993 -0.3477
vn -0.3478 -0.8101 -0.4720
vn -0.6624 -0.0631 -0.7465
vn -0.5022 0.2946 -0.8130
vn -0.6273 -0.1347 -0.7670
vn -0.7895 -0.2257 -0.5708
vn -0.6773 -0.0985 -0.7291
vn -0.9362 0.0148 -0.3511
vn -0.9970 0.0712 0.0293
vn -0.9686 -0.2148 -0.1249
vn -0.2602 -0.8798 -0.3979
vn -0.1224 -0.3249 -0.9378
vn -0.0235 -0.2440 -0.9695
vn -0.0124 -0.2421 -0.9702
vn -0.1880 -0.8200 -0.5407
vn -0.0907 -0.5676 -0.8183
vn -0.2738 0.8502 0.4497
vn -0.9463 -0.1070 -0.3052
vn -0.9727 0.1937 -0.1276
vn -0.8455 -0.4164 -0.3343
vn -0.6635 -0.7105 -0.2346
vn -0.7578 0.6464 -0.0893
vn -0.7336 0.4001 -0.5493
vn -0.9048 -0.0008 -0.4259
vn -0.4410 -0.8699 -0.2210
vn -0.9636 -0.2434 -0.1105
vn -0.7428 -0.5916 -0.3135
vn -0.3981 -0.8630 -0.3109
vn -0.2501 -0.1639 -0.9542
vn -0.8172 0.3334 -0.4701
vn -0.7859 0.2515 -0.5649
vn -0.8732 -0.0804 -0.4808
vn -0.6090 -0.6460 -0.4602
vn -0.7787 -0.4733 -0.4118
vn -0.3171 -0.8286 -0.4614
vn -0.1812 -0.7334 -0.6552
vn -0.4098 -0.1209 -0.9041
vn -0.4362 0.5179 -0.7359
vn -0.2098 0.7908 -0.5750
vn -0.2404 0.1363 -0.9611
vn -0.2111 -0.9569 -0.1996
vn -0.1131 0.8783 -0.4645
vn -0.2265 -0.9291 -0.2923
vn -0.4811 -0.4622 -0.7449
vn -0.5754 0.0830 -0.8137
vn -0.9495 0.2127 -0.2305
vn -0.9608 0.2705 0.0600
vn -0.8216 0.1850 -0.5392
vn -0.9098 0.4131 0.0398
vn -0.3423 0.0242 -0.9393
vn -0.1768 -0.5064 -0.8440
vn -0.2442 0.3556 -0.9022
vn -0.8976 -0.4359 -0.0663
vn -0.7726 -0.3233 -0.5464
vn -0.6997 -0.5915 -0.4007
vn -0.9621 -0.2521 -0.1043
vn -0.9998 0.0205 0.0044
vn -0.9673 0.2260 0.1150
vn -0.9062 0.4131 0.0905
vn -0.3725 -0.7577 -0.5359
vn -0.8167 -0.4229 -0.3927
vn -0.9783 0.0242 -0.2058
vn -0.9510 0.3024 -0.0646
vn -0.9601 -0.0612 -0.2728
vn -0.4933 -0.7924 -0.3588
vn -0.7288 -0.5815 -0.3615
vn -0.8594 -0.3563 -0.3666
vn -0.2058 -0.9723 -0.1108
vn -0.1636 -0.9851 0.0527
vn -0.1267 -0.9424 -0.3096
vn -0.0984 -0.5062 -0.8568
vn -0.1329 -0.7702 -0.6238
vn -0.0234 -0.3308 -0.9434
vn -0.0056 -0.6669 -0.7451
vn 0.0491 -0.4425 -0.8954
vn -0.1120 -0.9935 0.0190
vn 0.0151 -0.8728 -0.4879
vn -0.0114 -0.9083 0.4181
vn -0.9218 -0.1602 -0.3530
vn -0.9429 0.1674 -0.2880
vn -0.9333 -0.0713 -0.3518
vn -0.4061 -0.1695 -0.8980
vn -0.2982 -0.0968 -0.9496
vn -0.4505 0.0549 -0.8911
vn -0.5747 -0.0859 -0.8139
vn -0.1983 0.7545 -0.6256
vn -0.5848 -0.6224 -0.5202
vn -0.9767 0.1778 -0.1203
vn -0.9451 0.2643 -0.1921
vn -0.2759 -0.1135 -0.9545
vn -0.1834 0.5692 -0.8015
vn -0.1482 0.0909 -0.9848
vn -0.1311 0.2100 -0.9689
vn -0.0867 -0.8734 -0.4793
vn 0.0085 -0.6610 -0.7504
vn 0.0141 0.4256 -0.9048
vn -0.3831 0.0278 -0.9233
vn -0.0685 0.1154 -0.9910
vn 0.0304 0.0054 -0.9995
vn -0.5316 -0.5071 -0.6785
vn -0.2176 -0.2585 -0.9412
vn -0.3319 -0.5040 -0.7974
vn -0.8428 0.3457 -0.4126
vn -0.4622 -0.3107 -0.8305
vn -0.7112 0.0524 -0.7010
vn -0.5291 0.5422 -0.6527
vn -0.3856 -0.7034 -0.5971
vn -0.4497 -0.7265 -0.5195
vn -0.5305 -0.6264 -0.5712
vn -0.3909 -0.7866 -0.4780
vn -0.2970 -0.7768 -0.5553
vn -0.8918 0.4456 -0.0790
vn -0.8829 0.4604 -0.0926
vn -0.5975 0.7558 -0.2681
vn -0.4898 0.7194 -0.4924
vn -0.6041 -0.7520 -0.2638
vn -0.6421 -0.6266 -0.4416
vn -0.6001 -0.7410 -0.3012
vn -0.6990 -0.6162 -0.3629
vn -0.6479 -0.7083 -0.2802
vn -0.9335 0.3328 -0.1335
vn -0.8553 0.4906 -0.1669
vn -0.7477 0.6476 -0.1470
vn -0.6195 0.7726 -0.1388
vn -0.8792 -0.3753 -0.2934
vn -0.7409 -0.6127 -0.2750
vn -0.9472 0.2605 -0.1872
vn -0.9663 -0.1145 -0.2306
vn -0.8094 0.5587 -0.1809
vn -0.5954 0.7913 -0.1392
vn -0.9524 0.2487 -0.1764
vn -0.9114 -0.3500 -0.2164
vn -0.0649 -0.9938 -0.0899
vn -0.0003 -0.9137 -0.4063
vn 0.0717 -0.9810 -0.1803
vn 0.0019 -0.2755 -0.9613
vn 0.0510 -0.4397 -0.8967
vn 0.0001 -0.2334 -0.9724
vn -0.0001 -0.2724 -0.9622
vn 0.0047 -0.8757 -0.4828
vn -0.1619 -0.1438 -0.9763
vn -0.0011 -0.0814 -0.9967
vn 0.0381 0.1745 -0.9839
vn -0.0276 0.6662 -0.7453
vn 0.1255 0.8137 -0.5676
vn -0.0588 -0.7658 -0.6404
vn 0.0241 -0.9074 -0.4196
vn 0.1951 0.8144 -0.5466
vn 0.0374 0.0422 -0.9984
vn -0.0046 0.1837 -0.9830
vn 0.0078 0.4636 -0.8860
vn -0.0637 -0.5778 -0.8137
vn 0.0034 0.0894 -0.9960
vn -0.3049 -0.7779 -0.5494
vn -0.0610 -0.8720 -0.4857
vn -0.1837 0.8544 -0.4860
vn -0.2147 0.7421 -0.6350
vn -0.1761 0.6250 -0.7605
vn 0.0335 0.7431 -0.6683
vn -0.3584 -0.8375 -0.4125
vn 0.0790 -0.9019 -0.4248
vn 0.0317 0.9982 -0.0517
vn -0.0780 0.9774 -0.1963
vn 0.1192 0.9576 -0.2622
vn -0.4896 -0.8211 -0.2932
vn -0.1535 -0.9140 -0.3755
vn -0.3296 0.9386 -0.1019
vn -0.2758 0.9578 -0.0813
vn 0.0076 0.9975 -0.0704
vn -0.1407 -0.9530 -0.2682
vn -0.1993 0.9692 -0.1449
vn -0.5510 0.8185 -0.1625
vn 0.1927 0.9712 -0.1400
vn -0.7703 -0.6228 -0.1365
vn -0.9820 -0.0614 -0.1787
vn -0.9614 -0.2360 -0.1418
vn -0.9681 0.1630 -0.1904
vn -0.8448 0.4718 -0.2523
vn -0.9697 0.1389 -0.2010
vn -0.8540 0.4325 -0.2893
vn -0.9517 -0.2977 -0.0744
vn -0.4006 -0.8961 -0.1909
vn 0.1549 0.9515 -0.2657
vn -0.4377 -0.8991 0.0006
vn -0.2318 -0.9723 0.0301
vn -0.0751 -0.9857 -0.1508
vn -0.5139 0.8300 -0.2168
vn -0.1750 0.9504 -0.2572
vn -0.5998 0.7466 -0.2878
vn 0.0268 -0.9953 0.0928
vn -0.1662 0.9094 -0.3812
vn -0.6701 -0.7379 0.0808
vn -0.4744 0.7808 -0.4066
vn 0.0005 0.8783 -0.4780
vn -0.1992 -0.9565 0.2132
vn -0.5644 0.6994 -0.4384
vn -0.9273 -0.3737 -0.0232
vn -0.1491 0.8255 -0.5444
vn -0.8025 -0.5948 -0.0478
vn -0.2095 -0.9568 0.2015
vn -0.9753 0.0988 -0.1977
vn -0.5379 0.6676 -0.5148
vn -0.9683 -0.1150 -0.2219
vn -0.8506 0.3685 -0.3751
vn -0.1764 0.7845 -0.5946
vn -0.4758 -0.8687 -0.1378
vn -0.4891 -0.3882 -0.7811
vn 0.3670 -0.8236 -0.4325
vn -0.7740 0.2920 -0.5618
vn -0.9676 -0.0300 -0.2506
vn -0.9403 0.1368 -0.3116
vn -0.8508 0.4138 -0.3238
vn -0.7781 0.5678 -0.2686
vn -0.8978 0.3074 -0.3153
vn -0.9544 0.0303 -0.2971
vn -0.8829 0.2566 -0.3932
vn -0.8954 0.2714 -0.3529
vn -0.9395 0.1693 -0.2977
vn -0.7708 0.4910 -0.4060
vn -0.8116 0.3737 -0.4489
vn -0.9427 0.1743 -0.2845
vn -0.8326 0.3619 -0.4194
vn -0.6655 0.6942 -0.2744
vn -0.6898 0.6250 -0.3655
vn -0.6546 0.6204 -0.4319
vn -0.7085 0.4896 -0.5082
vn -0.8984 0.0362 -0.4377
vn -0.8936 0.2881 -0.3443
vn -0.7227 0.4428 -0.5307
vn -0.8635 0.1413 -0.4841
vn -0.8111 0.3647 -0.4573
vn -0.7009 0.4305 -0.5687
vn -0.7760 0.2187 -0.5916
vn -0.5796 0.7770 -0.2455
vn -0.5989 0.6112 -0.5174
vn -0.6574 0.4279 -0.6203
vn -0.6169 0.5048 -0.6038
vn -0.7858 0.0051 -0.6185
vn -0.5254 0.5046 -0.6851
vn -0.7953 -0.1386 -0.5901
vn -0.6325 0.1777 -0.7539
vn -0.6396 0.3368 -0.6911
vn -0.5375 0.5171 -0.6661
vn -0.5636 0.7499 -0.3465
vn -0.5467 0.7209 -0.4259
vn -0.4785 0.7292 -0.4891
vn -0.5782 0.4234 -0.6975
vn -0.5818 0.4506 -0.6771
vn -0.4838 0.3962 -0.7804
vn -0.6962 -0.0390 -0.7167
vn -0.7429 -0.2599 -0.6169
vn -0.4860 0.4406 -0.7547
vn -0.3670 0.4529 -0.8125
vn -0.4770 0.8465 -0.2366
vn -0.4452 0.8126 -0.3760
vn -0.3328 0.8403 -0.4279
vn -0.5257 0.6353 -0.5657
vn -0.4995 0.5816 -0.6421
vn -0.4002 0.7089 -0.5807
vn -0.4608 0.5091 -0.7270
vn -0.4660 -0.4162 -0.7808
vn -0.3343 0.4619 -0.8215
vn -0.3427 0.3551 -0.8697
vn -0.4532 -0.0004 -0.8914
vn -0.3443 0.3073 -0.8872
vn -0.3329 0.9236 -0.1900
vn -0.3482 0.8819 -0.3179
vn -0.3525 0.7874 -0.5058
vn -0.3549 0.6611 -0.6610
vn -0.3889 0.4221 -0.8189
vn -0.5139 0.3993 -0.7592
vn -0.2292 -0.5174 -0.8245
vn -0.2151 0.0783 -0.9735
vn -0.1140 0.2227 -0.9682
vn -0.2114 0.4057 -0.8892
vn -0.1771 0.3252 -0.9289
vn -0.2279 0.2999 -0.9264
vn -0.2576 0.7734 -0.5792
vn -0.3242 0.5987 -0.7325
vn -0.2170 -0.6708 -0.7092
vn -0.2758 0.3599 -0.8913
vn -0.2065 -0.3622 -0.9089
vn -0.1406 -0.0195 -0.9899
vn -0.1717 0.3915 -0.9040
vn -0.1081 0.3326 -0.9368
vn -0.1410 0.9749 -0.1723
vn -0.2152 0.9398 -0.2653
vn -0.0385 0.9425 -0.3319
vn -0.1778 0.9078 -0.3798
vn -0.1715 0.8616 -0.4777
vn -0.1601 0.7421 -0.6509
vn -0.1319 0.8167 -0.5617
vn -0.1817 0.6585 -0.7303
vn -0.0986 0.4225 -0.9010
vn -0.1996 0.5356 -0.8206
vn -0.0914 0.2301 -0.9689
vn -0.1541 0.2919 -0.9439
vn -0.2550 0.0006 -0.9669
vn 0.0762 0.9861 -0.1474
vn 0.0301 0.8976 -0.4398
vn 0.0185 0.8355 -0.5491
vn 0.0272 0.7456 -0.6659
vn -0.0073 0.6607 -0.7507
vn 0.0550 0.3951 -0.9170
vn -0.0181 0.2412 -0.9703
vn -0.2400 0.4349 -0.8679
vn -0.0247 0.2639 -0.9642
vn -0.0038 0.3963 -0.9181
vn 0.1741 0.0175 0.9846
vn 0.1529 -0.0381 0.9875
vn 0.0317 -0.2050 0.9782
vn 0.0272 -0.0631 0.9976
vn 0.1991 -0.0020 0.9800
vn 0.1902 -0.0115 0.9817
vn 0.1325 -0.3247 0.9365
vn -0.0109 -0.6000 0.7999
vn 0.1723 -0.6766 0.7159
vn 0.0561 -0.8386 0.5419
vn 0.1017 -0.7352 0.6702
vn 0.2091 -0.9268 0.3120
vn 0.0412 -0.9330 0.3575
vn 0.2074 -0.9631 0.1714
vn 0.1499 -0.1784 0.9725
vn 0.2343 -0.2541 0.9384
vn 0.2820 -0.0401 0.9586
vn 0.3329 -0.0466 0.9418
vn 0.2051 -0.1693 0.9640
vn 0.1319 -0.4632 0.8764
vn 0.1386 -0.5332 0.8346
vn 0.1513 -0.5993 0.7861
vn 0.2512 -0.6332 0.7321
vn 0.1939 -0.8343 0.5160
vn 0.2303 -0.9715 0.0563
vn 0.1868 -0.1511 0.9707
vn 0.2946 -0.0780 0.9524
vn 0.3948 -0.0246 0.9184
vn 0.4025 -0.0648 0.9131
vn 0.2913 -0.2832 0.9137
vn 0.2651 -0.4580 0.8485
vn 0.3474 -0.4063 0.8451
vn 0.2952 -0.5289 0.7957
vn 0.3300 -0.5641 0.7569
vn 0.2750 -0.7384 0.6157
vn 0.3616 -0.7891 0.4965
vn 0.2953 -0.8710 0.3926
vn 0.3083 0.0454 0.9502
vn 0.3134 -0.1858 0.9313
vn 0.3439 -0.2238 0.9119
vn 0.4193 -0.1227 0.8995
vn 0.4170 -0.1664 0.8935
vn 0.5773 -0.0597 0.8144
vn 0.5100 -0.2543 0.8217
vn 0.5432 -0.0181 0.8394
vn 0.5248 -0.0824 0.8472
vn 0.4433 -0.4357 0.7834
vn 0.4709 -0.4792 0.7406
vn 0.3770 -0.5922 0.7121
vn 0.3613 -0.6879 0.6296
vn 0.3570 -0.8969 0.2611
vn 0.3507 -0.9309 0.1024
vn 0.4153 0.0116 0.9096
vn 0.4819 -0.2716 0.8330
vn 0.6587 -0.0582 0.7501
vn 0.5802 -0.1704 0.7965
vn 0.4521 -0.2245 0.8633
vn 0.5506 -0.2892 0.7830
vn 0.6982 -0.0992 0.7090
vn 0.6014 -0.3430 0.7216
vn 0.7149 -0.1908 0.6726
vn 0.5007 -0.5470 0.6709
vn 0.4678 -0.6188 0.6311
vn 0.4853 -0.6982 0.5263
vn 0.4479 -0.8050 0.3890
vn 0.4192 -0.9071 -0.0369
vn 0.4765 -0.8660 0.1515
vn 0.5306 -0.1701 0.8304
vn 0.5400 -0.0026 0.8416
vn 0.6200 -0.2599 0.7403
vn 0.7785 -0.0612 0.6247
vn 0.6957 -0.1214 0.7080
vn 0.6432 -0.2638 0.7188
vn 0.7764 -0.1495 0.6122
vn 0.8267 -0.0792 0.5570
vn 0.7269 -0.3138 0.6108
vn 0.8396 -0.1727 0.5149
vn 0.6161 -0.4490 0.6472
vn 0.7363 -0.3375 0.5865
vn 0.5999 -0.5684 0.5632
vn 0.7667 -0.4129 0.4916
vn 0.6125 -0.6905 0.3848
vn 0.5982 -0.7573 0.2622
vn 0.7687 -0.6379 0.0467
vn 0.6376 -0.7702 -0.0150
vn 0.6693 -0.1014 0.7360
vn 0.7151 -0.2791 0.6409
vn 0.6990 -0.2544 0.6684
vn 0.7834 -0.2966 0.5462
vn 0.8913 -0.0960 0.4431
vn 0.8529 -0.1652 0.4953
vn 0.8934 -0.1678 0.4167
vn 0.9187 -0.1142 0.3780
vn 0.9206 -0.1134 0.3737
vn 0.8409 -0.2508 0.4796
vn 0.9126 -0.3173 0.2578
vn 0.6895 -0.5896 0.4207
vn 0.8423 -0.4403 0.3110
vn 0.9633 -0.2393 0.1214
vn 0.8042 -0.5568 0.2076
vn 0.9768 -0.2099 -0.0433
vn 0.9254 -0.3732 0.0665
vn 0.7751 -0.5603 -0.2921
vn 0.8895 -0.4244 -0.1693
vn 0.9432 -0.2552 -0.2126
vn 0.9020 -0.2011 -0.3821
vn 0.8033 -0.1611 0.5734
vn 0.8790 -0.0344 0.4756
vn 0.8118 -0.0158 0.5838
vn 0.7822 -0.2710 0.5611
vn 0.7438 -0.3441 0.5730
vn 0.8019 -0.2921 0.5212
vn 0.8910 -0.1329 0.4341
vn 0.8106 -0.2613 0.5241
vn 0.9219 -0.1008 0.3741
vn 0.9442 -0.1896 0.2694
vn 0.9588 -0.1286 0.2533
vn 0.8948 -0.2647 0.3594
vn 0.9834 -0.1570 0.0911
vn 0.9836 -0.1701 0.0595
vn 0.9408 -0.2024 -0.2720
vn 0.9768 -0.1923 -0.0937
vn 0.9600 -0.2753 -0.0515
vn 0.8974 -0.1004 0.4296
vn 0.9253 0.0011 0.3791
vn 0.8786 -0.1864 0.4397
vn 0.9448 -0.0557 0.3228
vn 0.9448 -0.0340 0.3260
vn 0.9573 -0.0229 0.2882
vn 0.6874 -0.3418 0.6408
vn 0.6832 -0.2089 0.6997
vn 0.9218 -0.0584 0.3832
vn 0.5389 -0.1723 0.8246
vn 0.8374 -0.2433 0.4895
vn 0.7100 -0.3881 0.5877
vn 0.9692 -0.1198 0.2153
vn 0.9037 -0.1419 0.4041
vn 0.9508 -0.1951 0.2406
vn 0.9753 -0.1770 0.1319
vn 0.9221 -0.2944 0.2511
vn 0.9379 -0.2918 0.1878
vn 0.9349 -0.3211 0.1513
vn 0.9692 -0.2300 0.0883
vn 0.6741 0.0604 0.7362
vn 0.6762 0.2082 0.7067
vn 0.7714 0.2098 0.6008
vn 0.7336 0.2838 0.6175
vn 0.0420 -0.2692 0.9622
vn 0.7017 -0.0561 0.7103
vn 0.0061 -0.1508 0.9886
vn 0.0048 0.0543 0.9985
vn -0.0679 -0.2871 0.9555
vn -0.1528 0.0348 0.9877
vn 0.0897 -0.1365 0.9866
vn 0.0567 0.1910 0.9800
vn 0.4758 -0.1313 0.8697
vn 0.5269 -0.3045 0.7935
vn -0.0048 0.2910 0.9567
vn 0.0473 0.5357 0.8431
vn -0.1868 0.3487 0.9184
vn 0.5472 -0.0098 0.8369
vn 0.2552 0.4885 0.8344
vn -0.1659 0.5675 0.8065
vn 0.2585 0.3373 0.9052
vn 0.5618 0.3338 0.7569
vn 0.1619 -0.4489 0.8788
vn 0.3154 -0.6413 0.6995
vn 0.1680 -0.7084 0.6855
vn 0.1066 -0.5192 0.8480
vn 0.2976 -0.4041 0.8650
vn 0.8033 -0.2134 0.5560
vn 0.8405 -0.3559 0.4084
vn 0.7630 0.0025 0.6464
vn 0.8763 0.0118 0.4816
vn 0.0005 0.6400 0.7684
vn 0.8506 -0.2544 0.4602
vn 0.8770 -0.2645 0.4011
vn 0.6025 -0.4820 0.6361
vn 0.7296 -0.4341 0.5284
vn 0.2997 -0.6703 0.6789
vn 0.2642 -0.6060 0.7503
vn 0.5441 -0.7087 0.4491
vn 0.5849 -0.5342 0.6103
vn 0.7975 -0.5123 0.3186
vn 0.8674 -0.4829 0.1199
vn 0.9362 -0.3265 0.1299
vn 0.9307 -0.1545 0.3317
vn 0.8752 -0.2994 0.3799
vn 0.4062 -0.7644 0.5007
vn 0.8978 -0.2994 0.3230
vn 0.3537 -0.8049 0.4765
vn 0.6186 -0.7675 0.1681
vn 0.6875 -0.6989 0.1972
vn 0.8511 -0.5181 -0.0853
vn 0.9231 -0.3756 -0.0828
vn 0.8921 -0.3121 0.3266
vn 0.9242 -0.3652 0.1120
vn 0.9836 -0.1638 -0.0748
vn 0.4129 -0.6632 0.6242
vn 0.6604 -0.6688 0.3415
vn 0.7805 -0.6224 -0.0584
vn 0.8362 -0.4750 -0.2741
vn 0.8597 -0.4263 -0.2814
vn 0.9641 -0.2210 0.1470
vn 0.9910 -0.1263 -0.0450
vn 0.8632 -0.4901 -0.1213
vn 0.7938 -0.5843 -0.1685
vn 0.8159 -0.3789 -0.4367
vn 0.9821 -0.1853 -0.0330
vn 0.9182 -0.2572 -0.3012
vn 0.8215 -0.4649 -0.3303
vn 0.8043 -0.3472 -0.4822
vn 0.8310 -0.2469 -0.4985
vn 0.4260 0.5882 0.6874
vn 0.8108 0.3260 0.4861
vn 0.9885 -0.1015 0.1117
vn 0.9443 0.1265 0.3037
vn 0.9588 -0.2239 -0.1748
vn 0.9974 0.0724 -0.0033
vn 0.8373 -0.3256 -0.4392
vn 0.8926 -0.1872 -0.4102
vn 0.9715 0.0719 -0.2258
vn 0.9093 0.0313 -0.4149
vn 0.7164 -0.1491 -0.6816
vn 0.8131 0.0662 -0.5783
vn 0.7135 -0.2455 -0.6563
vn 0.8657 -0.1521 -0.4770
vn 0.8344 -0.1193 -0.5381
vn 0.6575 0.1875 -0.7298
vn 0.6507 0.2958 -0.6994
vn 0.6851 0.2006 -0.7002
vn 0.8950 -0.0284 -0.4451
vn 0.1823 0.1768 0.9672
vn 0.1040 0.3863 0.9165
vn 0.1424 0.4842 0.8633
vn 0.1158 0.5783 0.8075
vn 0.1335 0.6694 0.7308
vn 0.1444 0.8172 0.5580
vn 0.1716 0.8838 0.4353
vn 0.0609 0.9510 0.3031
vn 0.1559 0.9533 0.2585
vn 0.0719 0.9938 0.0847
vn 0.1950 0.9712 0.1367
vn 0.1925 0.9811 0.0169
vn 0.2944 0.1955 0.9355
vn 0.1531 0.7456 0.6485
vn 0.1536 0.9225 0.3542
vn 0.2409 0.9656 -0.0978
vn 0.2227 0.3170 0.9219
vn 0.1665 0.3981 0.9021
vn 0.2680 0.3878 0.8819
vn 0.2741 0.4511 0.8494
vn 0.2906 0.5707 0.7680
vn 0.2635 0.7607 0.5932
vn 0.2894 0.8152 0.5017
vn 0.2906 0.8871 0.3586
vn 0.2475 0.9416 0.2285
vn 0.3409 0.9323 0.1205
vn 0.3766 0.9227 -0.0825
vn 0.3721 0.2571 0.8919
vn 0.3080 0.3370 0.8897
vn 0.3695 0.3848 0.8458
vn 0.2854 0.6841 0.6712
vn 0.3646 0.8244 0.4329
vn 0.3979 0.8688 0.2947
vn 0.3532 0.9100 0.2169
vn 0.3139 0.9490 0.0280
vn 0.4042 0.1473 0.9027
vn 0.4184 0.4697 0.7774
vn 0.4499 0.6048 0.6571
vn 0.3957 0.7317 0.5551
vn 0.4855 0.8690 -0.0961
vn 0.5308 0.1484 0.8344
vn 0.4547 0.2922 0.8414
vn 0.4900 0.3435 0.8012
vn 0.5570 0.5058 0.6588
vn 0.5168 0.6622 0.5427
vn 0.4843 0.7414 0.4645
vn 0.4570 0.8022 0.3842
vn 0.5160 0.8108 0.2762
vn 0.4737 0.8630 0.1754
vn 0.4913 0.8663 0.0906
vn 0.4441 0.8959 0.0160
vn 0.6846 0.0551 0.7268
vn 0.6231 0.2536 0.7399
vn 0.6866 0.1620 0.7088
vn 0.5540 0.3815 0.7400
vn 0.7298 0.2450 0.6382
vn 0.6118 0.5919 0.5247
vn 0.6214 0.6554 0.4294
vn 0.5586 0.7458 0.3630
vn 0.6297 0.7704 0.0997
vn 0.5736 0.8191 -0.0077
vn 0.6053 0.7866 -0.1221
vn 0.7980 0.1196 0.5907
vn 0.9075 0.0388 0.4182
vn 0.6995 0.3365 0.6304
vn 0.8548 0.1568 0.4946
vn 0.6695 0.4720 0.5736
vn 0.8095 0.2844 0.5137
vn 0.8306 0.3552 0.4289
vn 0.7307 0.5040 0.4604
vn 0.7558 0.5417 0.3678
vn 0.6411 0.7064 0.2999
vn 0.6813 0.7035 0.2023
vn 0.5815 0.7907 0.1912
vn 0.6985 0.6998 -0.1497
vn 0.9164 0.1143 0.3836
vn 0.8967 0.2081 0.3906
vn 0.8846 0.3799 0.2706
vn 0.7661 0.5765 0.2843
vn 0.7979 0.5693 0.1983
vn 0.7679 0.6351 0.0832
vn 0.7032 0.7109 -0.0098
vn 0.7694 0.6285 -0.1145
vn 0.9513 -0.0104 0.3082
vn 0.9467 0.0565 0.3172
vn 0.8531 0.1779 0.4905
vn 0.9625 -0.0141 0.2708
vn 0.9359 0.1403 0.3230
vn 0.9193 0.2365 0.3146
vn 0.8269 0.1374 0.5452
vn 0.3013 0.4897 0.8182
vn 0.9533 0.1832 0.2403
vn 0.9308 0.3462 0.1170
vn 0.8725 0.4761 0.1097
vn 0.8318 0.5546 -0.0224
vn 0.9292 0.3687 -0.0260
vn 0.8529 0.4945 -0.1673
vn -0.0817 0.6582 0.7484
vn 0.0175 0.8075 0.5896
vn 0.4586 0.7156 0.5269
vn 0.0458 0.8960 0.4416
vn 0.7408 0.3959 0.5427
vn 0.8996 0.2285 0.3723
vn 0.2034 0.7974 0.5681
vn 0.5132 0.6398 0.5720
vn 0.9670 0.0326 0.2525
vn 0.9708 0.1132 0.2115
vn 0.8414 0.4193 0.3409
vn 0.2691 0.8873 0.3745
vn 0.6516 0.7097 0.2678
vn 0.9046 0.3907 0.1704
vn 0.1782 0.9068 0.3820
vn 0.5394 0.7167 0.4420
vn 0.1695 0.9525 0.2531
vn 0.4155 0.8819 0.2229
vn 0.9032 0.2886 0.3177
vn 0.9857 0.0523 0.1602
vn 0.8825 0.4699 0.0214
vn 0.5590 0.8267 -0.0633
vn 0.4238 0.8959 0.1330
vn 0.2962 0.9549 0.0194
vn 0.5219 0.8527 0.0219
vn 0.9003 0.3961 0.1802
vn 0.9682 0.2105 0.1353
vn 0.7876 0.4982 -0.3626
vn 0.8500 0.5026 -0.1577
vn 0.6439 0.5807 -0.4982
vn 0.6141 0.7606 -0.2107
vn 0.9254 0.3752 0.0529
vn 0.4472 0.8660 -0.2238
vn 0.9982 0.0598 -0.0078
vn 0.9825 0.1836 0.0310
vn 0.6228 0.5708 -0.5351
vn 0.9103 0.1113 -0.3987
vn 0.9315 0.3418 -0.1246
vn 0.9215 0.2884 -0.2602
vn 0.9664 0.2166 -0.1381
vn 0.9868 -0.0107 -0.1613
vn 0.9755 0.0962 -0.1979
vn 0.0850 -0.9368 0.3394
vn 0.1809 -0.9682 0.1730
vn 0.1459 -0.9830 -0.1116
vn 0.2911 -0.6857 -0.6671
vn 0.4450 -0.8431 -0.3020
vn 0.2927 -0.3637 -0.8843
vn 0.1380 -0.8943 0.4256
vn 0.2791 -0.9173 0.2839
vn 0.3679 -0.9297 0.0194
vn 0.5506 -0.6427 -0.5327
vn 0.4994 -0.4395 -0.7466
vn 0.5879 -0.8053 -0.0761
vn 0.6370 -0.6935 -0.3366
vn 0.7102 -0.6181 -0.3370
vn 0.5506 -0.2430 -0.7986
vn 0.6538 -0.4428 -0.6136
vn 0.4681 -0.8713 0.1473
vn 0.5911 -0.8055 0.0421
vn 0.1036 -0.9943 -0.0248
vn 0.0966 -0.3172 -0.9434
vn -0.0115 -0.4519 -0.8920
vn 0.0088 -0.9135 -0.4067
vn 0.0868 -0.9610 0.2627
vn -0.0435 -0.3976 -0.9165
vn 0.3444 -0.1947 -0.9184
vn 0.0474 -0.1428 -0.9886
vn 0.1165 -0.1325 -0.9843
vn 0.1545 0.2082 -0.9658
vn 0.2540 0.5086 -0.8227
vn 0.1000 -0.7129 -0.6941
vn -0.0405 0.1467 -0.9884
vn -0.0860 0.1553 -0.9841
vn 0.0389 -0.3187 -0.9470
vn 0.0422 -0.8466 -0.5306
vn 0.1787 -0.6531 -0.7359
vn 0.3738 -0.7684 -0.5195
vn 0.1636 -0.1339 -0.9774
vn 0.2558 0.4189 -0.8713
vn 0.2659 -0.8396 -0.4737
vn 0.6610 -0.5768 -0.4799
vn 0.1211 0.8665 -0.4843
vn 0.4078 0.7090 -0.5753
vn 0.4747 -0.7984 -0.3704
vn 0.6349 -0.6681 -0.3879
vn 0.1448 0.9785 -0.1468
vn 0.3851 -0.8463 -0.3680
vn 0.3177 0.9453 -0.0738
vn 0.6722 0.7306 -0.1196
vn 0.6399 0.7545 -0.1458
vn 0.2002 -0.9314 -0.3039
vn 0.5803 0.8017 -0.1435
vn 0.1767 -0.9470 -0.2683
vn 0.2610 -0.8687 -0.4211
vn 0.1157 -0.7340 -0.6693
vn -0.0246 -0.2610 -0.9650
vn 0.1964 -0.9802 0.0238
vn 0.9040 0.1050 -0.4145
vn 0.8895 0.2937 -0.3500
vn 0.9325 -0.0152 -0.3608
vn 0.3224 -0.0849 -0.9428
vn 0.5966 -0.0743 -0.7991
vn 0.1165 -0.9315 -0.3447
vn 0.6901 -0.6700 -0.2736
vn 0.4155 -0.1979 -0.8878
vn 0.4300 -0.0512 -0.9014
vn 0.2252 -0.9358 -0.2711
vn 0.9606 0.2606 -0.0967
vn 0.9731 0.0399 -0.2270
vn 0.2243 -0.6874 -0.6908
vn 0.2650 -0.1096 -0.9580
vn 0.4314 -0.1144 -0.8949
vn 0.4707 0.0323 -0.8817
vn 0.1376 -0.3867 -0.9119
vn 0.0329 -0.6506 -0.7587
vn 0.2235 0.2042 -0.9531
vn 0.2363 -0.4716 -0.8496
vn 0.3299 -0.7524 -0.5701
vn -0.0788 0.4550 -0.8870
vn 0.1647 0.3703 -0.9142
vn 0.0870 0.0904 -0.9921
vn 0.4077 -0.2301 -0.8837
vn 0.2746 0.1509 -0.9496
vn 0.5867 -0.5825 -0.5625
vn 0.7073 -0.1911 -0.6806
vn 0.9009 0.4336 0.0201
vn 0.9440 0.2410 -0.2253
vn 0.8718 0.4658 -0.1516
vn 0.6218 0.5108 -0.5937
vn 0.7022 0.2045 -0.6820
vn 0.4139 -0.3568 -0.8375
vn 0.4792 -0.6698 -0.5673
vn 0.3910 -0.5451 -0.7416
vn 0.4066 -0.7001 -0.5870
vn 0.3464 -0.7809 -0.5198
vn 0.8920 0.4456 -0.0764
vn 0.5662 0.7511 -0.3397
vn 0.8029 0.4046 -0.4379
vn 0.7319 -0.6362 -0.2440
vn 0.6641 -0.6136 -0.4272
vn 0.6071 -0.7545 -0.2491
vn 0.6324 -0.7319 -0.2537
vn 0.8017 -0.4537 -0.3892
vn 0.5998 -0.7392 -0.3061
vn 0.9698 0.0281 -0.2424
vn 0.8299 0.5436 -0.1256
vn 0.9340 0.3095 -0.1782
vn 0.4890 0.8628 -0.1278
vn 0.5754 -0.7487 -0.3290
vn 0.7409 -0.5835 -0.3325
vn 0.9081 -0.2938 -0.2982
vn 0.9398 0.2889 -0.1828
vn 0.9540 0.2262 -0.1969
vn 0.8522 0.4954 -0.1686
vn 0.8124 -0.5224 -0.2590
vn 0.9737 -0.1128 -0.1981
vn 0.3558 -0.9153 -0.1885
vn 0.2875 -0.9570 -0.0395
vn 0.2044 -0.5678 -0.7974
vn 0.0540 -0.2366 -0.9701
vn 0.1164 -0.2568 -0.9594
vn 0.1261 -0.6695 -0.7320
vn 0.2433 -0.5634 -0.7895
vn 0.2540 -0.7371 -0.6262
vn 0.9470 0.1095 -0.3021
vn 0.9843 0.1305 -0.1189
vn 0.8898 0.4351 -0.1379
vn 0.9346 -0.1799 -0.3069
vn 0.9466 0.3190 0.0468
vn 0.6007 0.7690 0.2186
vn 0.7483 -0.5745 -0.3317
vn 0.9211 -0.1114 -0.3730
vn 0.7888 -0.5146 -0.3361
vn 0.7686 0.2800 -0.5753
vn 0.5854 0.4575 -0.6693
vn 0.6535 0.6610 -0.3688
vn 0.4559 -0.8281 -0.3261
vn 0.4977 -0.8457 -0.1927
vn 0.3578 -0.9310 -0.0724
vn 0.6677 -0.2804 -0.6896
vn 0.5714 -0.1382 -0.8090
vn 0.4630 -0.3477 -0.8153
vn 0.7256 0.0950 -0.6816
vn 0.7938 0.2959 -0.5313
vn 0.5329 0.3139 -0.7858
vn 0.7174 0.2816 -0.6373
vn 0.8848 -0.2112 -0.4153
vn 0.7324 -0.5441 -0.4094
vn 0.6813 -0.5088 -0.5263
vn 0.3319 -0.8045 -0.4926
vn 0.2134 -0.7639 -0.6090
vn 0.2631 -0.9335 -0.2437
vn 0.3257 -0.9244 -0.1986
vn 0.4796 -0.0334 -0.8769
vn 0.5303 -0.0176 -0.8476
vn 0.4066 0.5603 -0.7216
vn 0.2560 -0.0810 -0.9633
vn 0.2505 0.7500 -0.6122
vn 0.0706 0.8820 -0.4659
vn -0.0035 0.7830 -0.6220
vn 0.5164 -0.8169 -0.2568
vn 0.5428 0.0310 -0.8393
vn 0.9880 0.1540 0.0077
vn 0.8965 0.0812 -0.4355
vn 0.9731 0.0624 -0.2217
vn 0.5955 -0.1014 -0.7969
vn 0.9473 0.3112 -0.0760
vn 0.4367 -0.0561 -0.8979
vn 0.4971 0.3276 -0.8035
vn 0.5357 0.0985 -0.8386
vn 0.8740 -0.3903 -0.2895
vn 0.7543 -0.5595 -0.3436
vn 0.9620 -0.2692 -0.0450
vn 0.9903 0.0592 0.1260
vn 0.9269 0.3733 0.0387
vn 0.9686 0.2160 0.1229
vn 0.9748 0.1879 -0.1201
vn 0.4515 -0.7069 -0.5444
vn 0.3512 -0.8036 -0.4806
vn 0.8509 -0.3637 -0.3790
vn 0.9563 -0.0318 -0.2908
vn 0.9862 -0.1090 -0.1248
vn 0.9256 -0.1879 -0.3287
vn 0.4690 -0.8049 -0.3636
vn 0.2743 -0.3869 -0.8804
vn 0.3545 -0.6918 -0.6291
vn 0.4388 -0.3922 -0.8085
vn 0.2576 -0.3191 -0.9120
vn 0.3517 -0.3166 -0.8809
vn 0.2480 -0.2409 -0.9383
vn 0.2468 -0.9151 0.3188
vn 0.3393 -0.6749 -0.6552
vn 0.3641 -0.8998 0.2403
vn 0.2875 -0.9515 -0.1097
vn 0.4547 -0.0866 -0.8864
vn 0.3397 0.8823 -0.3259
vn -0.1366 0.9905 -0.0146
vn 0.0904 0.8224 -0.5616
vn 0.8051 0.0326 -0.5923
vn 0.8606 0.4664 -0.2046
vn 0.6872 0.4379 -0.5797
vn 0.5306 0.1140 -0.8399
vn 0.4687 0.4724 -0.7464
vn 0.7299 -0.5632 -0.3874
vn 0.7001 -0.2232 -0.6783
vn 0.5805 -0.4019 -0.7082
vn 0.6083 -0.6755 -0.4166
vn 0.2997 0.9473 0.1126
vn -0.0083 0.9178 0.3970
vn 0.5491 0.7652 0.3362
vn 0.6383 0.7639 -0.0948
vn 0.2804 0.9369 0.2087
vn -0.0388 0.9330 0.3578
vn 0.5548 -0.8316 -0.0249
vn 0.4144 -0.9090 -0.0447
vn 0.3219 -0.9466 -0.0192
vn 0.3296 0.8462 -0.4187
vn 0.0992 0.9658 -0.2395
vn 0.2490 0.5856 -0.7714
vn 0.5286 -0.8327 -0.1651
vn 0.3789 -0.9224 -0.0753
vn 0.5950 -0.0764 -0.8001
vn 0.7181 -0.2565 -0.6469
vn 0.4463 0.3690 -0.8153
vn 0.3878 0.4586 -0.7995
vn 0.3083 -0.9494 0.0605
vn 0.4817 -0.8682 -0.1191
vn 0.4987 -0.0496 -0.8653
vn 0.6368 -0.1093 -0.7633
vn 0.4875 0.1273 -0.8638
vn 0.4171 0.1681 -0.8932
vn 0.3893 0.4995 -0.7739
vn 0.6572 -0.0012 -0.7537
vn 0.7730 -0.1502 -0.6164
vn 0.5665 -0.5442 -0.6188
vn 0.7162 -0.1846 -0.6731
vn 0.3695 -0.1368 -0.9191
vn 0.6395 -0.2046 -0.7410
vn 0.3461 -0.1742 -0.9219
vn 0.9560 -0.1575 -0.2477
vn 0.5699 -0.7997 -0.1890
vn 0.5292 -0.5874 -0.6123
vn 0.4479 -0.2628 -0.8546
vn 0.5983 -0.3692 -0.7112
vn 0.3991 -0.5168 -0.7574
vn 0.4888 -0.2639 -0.8315
vn 0.5485 -0.4754 -0.6879
vn 0.3147 -0.9489 0.0217
vn 0.4581 -0.8505 -0.2585
vn 0.4766 -0.8697 0.1284
vn 0.6688 -0.7399 -0.0720
vn 0.7398 -0.6510 -0.1701
vn 0.1446 0.2282 -0.9628
vn -0.0006 0.0147 -0.9999
vn -0.2522 0.5130 -0.8205
vn 0.3226 -0.2255 -0.9193
vn 0.2637 -0.5372 -0.8012
vn 0.1244 -0.3220 -0.9385
vn -0.1376 -0.2918 -0.9465
vn -0.0626 -0.5856 -0.8082
vn 0.7549 -0.6279 -0.1892
vn -0.2320 0.7401 -0.6312
vn -0.4006 0.9082 -0.1213
vn 0.1665 0.4802 -0.8612
vn -0.5103 0.7397 -0.4386
vn 0.4314 -0.7215 -0.5416
vn 0.1771 -0.8255 -0.5359
vn 0.1404 -0.9608 -0.2390
vn 0.7953 -0.4917 -0.3545
vn 0.7540 -0.4252 -0.5008
vn 0.8038 -0.3750 -0.4619
vn 0.7388 -0.0676 -0.6705
vn 0.6656 -0.4871 -0.5655
vn 0.6003 -0.7967 -0.0693
vn -0.3601 0.8721 0.3313
vn -0.4048 0.8769 0.2593
vn 0.0053 -0.9059 -0.4235
vn 0.7909 -0.3096 -0.5278
vn 0.7178 -0.0972 -0.6895
vn 0.6700 0.1232 -0.7321
vn 0.5991 0.1467 -0.7871
vn 0.7516 -0.4036 -0.5218
vn 0.5597 0.2578 -0.7876
vn 0.6313 -0.7668 -0.1159
vn -0.1010 0.9905 -0.0930
vn 0.2095 0.4447 -0.8708
vn 0.4829 -0.8669 -0.1238
vn 0.6772 -0.6882 -0.2602
vn 0.4216 0.0326 -0.9062
vn 0.3554 -0.1559 -0.9216
vn 0.4377 -0.3024 -0.8468
vn 0.3384 -0.1269 -0.9324
vn 0.4336 0.0323 -0.9005
vn 0.3878 0.0165 -0.9216
vn 0.3342 0.2167 -0.9172
vn 0.3905 0.0711 -0.9178
vn 0.5753 -0.7673 -0.2834
vn 0.7005 -0.3010 -0.6471
vn 0.6796 -0.5489 -0.4867
vn 0.8305 -0.3226 -0.4540
vn 0.6362 -0.2387 -0.7336
vn 0.6611 -0.2431 -0.7098
vn 0.6072 -0.7669 -0.2078
vn 0.6633 -0.3252 -0.6740
vn 0.7474 -0.5149 -0.4199
vn 0.6016 -0.7988 -0.0039
vn -0.2919 0.2290 -0.9286
vn -0.5419 0.5185 -0.6614
vn -0.4981 0.1899 -0.8460
vn -0.3455 -0.1074 -0.9322
vn -0.3783 -0.4145 -0.8277
vn 0.7994 -0.5052 -0.3252
vn 0.6381 0.1070 -0.7625
vn 0.5283 -0.2348 -0.8159
vn -0.4755 0.8754 0.0873
vn -0.4282 0.7853 -0.4472
vn -0.4544 0.4217 -0.7847
vn -0.2729 -0.4901 -0.8279
vn -0.1792 -0.7787 -0.6013
vn -0.1314 -0.7409 -0.6587
vn 0.7874 -0.2353 -0.5698
vn 0.6636 0.1156 -0.7391
vn 0.5836 0.2351 -0.7772
vn 0.5416 -0.7230 -0.4288
vn -0.1525 0.9252 -0.3475
vn -0.2826 0.9401 -0.1908
vn 0.2201 0.6278 -0.7466
vn 0.4486 -0.7500 -0.4860
vn 0.7493 -0.4134 -0.5174
vn 0.5603 -0.4391 -0.7023
vn 0.8886 -0.2566 -0.3802
vn 0.3541 -0.2272 -0.9072
vn 0.4949 0.1504 -0.8558
vn 0.4082 0.0171 -0.9127
vn 0.6502 -0.6299 -0.4247
vn 0.3274 -0.1221 -0.9370
vn 0.3951 0.1264 -0.9099
vn 0.5249 -0.1175 -0.8430
vn 0.7910 -0.2234 -0.5696
vn 0.8778 -0.2000 -0.4352
vn 0.7841 -0.2515 -0.5674
vn 0.8042 -0.3388 -0.4883
vn 0.8241 -0.5375 -0.1785
vn 0.7306 -0.6720 -0.1212
vn 0.7762 -0.6103 -0.1583
vn 0.8184 -0.5706 -0.0681
vn 0.9422 -0.1741 -0.2862
vn 0.8218 -0.4911 -0.2887
vn 0.9112 -0.3413 -0.2308
vn 0.9103 -0.3985 -0.1124
vn 0.8234 -0.4303 -0.3700
vn 0.8335 -0.4631 -0.3015
vn 0.8098 -0.3286 -0.4861
vn 0.8600 -0.4932 -0.1309
vn 0.7434 -0.1194 -0.6581
vn 0.5562 -0.0135 -0.8309
vn 0.6209 -0.0572 -0.7818
vn 0.7487 -0.1714 -0.6404
vn 0.4467 -0.7228 -0.5273
vn 0.5928 -0.4933 -0.6366
vn 0.5245 -0.2006 -0.8275
vn 0.0277 0.6465 -0.7624
vn 0.0957 0.3506 -0.9316
vn -0.3824 -0.1235 -0.9157
vn -0.1852 0.0135 -0.9826
vn 0.0521 -0.7139 -0.6983
vn 0.2811 -0.5139 -0.8105
vn 0.5060 -0.2528 -0.8247
vn 0.5566 -0.7049 -0.4397
vn 0.4829 -0.7173 -0.5022
vn 0.6496 -0.5507 -0.5242
vn 0.5869 0.2019 -0.7841
vn -0.2683 0.9239 -0.2730
vn 0.4887 -0.6453 -0.5872
vn 0.4200 -0.5811 -0.6971
vn 0.5278 -0.3605 -0.7691
vn 0.4994 -0.7097 -0.4970
vn 0.6852 -0.2910 -0.6677
vn 0.3906 0.0971 -0.9154
vn 0.5141 0.2627 -0.8165
vn 0.2683 0.5095 -0.8176
vn 0.7585 0.0443 -0.6502
vn 0.6514 0.2047 -0.7306
vn 0.5759 0.3847 -0.7213
vn 0.3086 0.6644 -0.6807
vn 0.7680 -0.3305 -0.5486
vn 0.6122 -0.2006 -0.7648
vn 0.5550 0.0763 -0.8283
vn 0.8780 -0.3175 -0.3582
vn 0.9245 -0.2878 -0.2499
vn 0.9005 -0.4304 -0.0615
vn 0.9139 -0.4017 0.0589
vn 0.8600 -0.4978 -0.1123
vn 0.9210 -0.3748 -0.1065
vn 0.9153 -0.3994 0.0521
vn 0.9398 -0.1818 -0.2894
vn 0.8979 -0.3756 -0.2295
vn 0.9156 -0.4018 0.0150
vn 0.9391 -0.1765 -0.2950
vn 0.9498 -0.2754 0.1484
vn 0.8795 -0.4756 0.0141
vn 0.8923 -0.3986 0.2118
vn 0.8482 -0.3851 -0.3637
vn 0.8889 -0.3929 -0.2355
vn 0.9386 -0.3427 -0.0408
vn 0.7856 -0.4259 -0.4488
vn 0.6594 -0.5873 -0.4693
vn 0.7875 -0.4241 -0.4471
vn 0.9156 -0.2917 -0.2768
vn 0.8419 0.1265 -0.5247
vn 0.8991 -0.0050 -0.4378
vn 0.8510 -0.4241 -0.3097
vn 0.8669 -0.0630 -0.4944
vn 0.8825 -0.2736 -0.3824
vn 0.6680 0.2968 -0.6824
vn 0.4588 0.4068 -0.7899
vn 0.5981 -0.0008 -0.8015
vn 0.7961 0.0836 -0.5993
vn 0.7031 -0.2680 -0.6586
vn 0.6888 -0.3384 -0.6411
vn 0.8326 -0.1125 -0.5424
vn 0.8411 -0.2397 -0.4849
vn 0.5038 0.5182 -0.6911
vn 0.4461 0.5818 -0.6801
vn 0.8326 0.1175 -0.5413
vn 0.5785 0.5259 -0.6235
vn 0.7357 0.1389 -0.6629
vn 0.7779 0.1358 -0.6135
vn 0.7277 0.1313 -0.6732
vn 0.7853 0.1107 -0.6092
vn 0.8266 -0.0921 -0.5553
vn 0.7834 0.1535 -0.6022
vn 0.6624 0.4513 -0.5979
vn 0.7538 0.3725 -0.5414
vn 0.6586 0.1728 -0.7324
vn 0.8233 0.0862 -0.5611
vn 0.8776 0.1331 -0.4605
vn 0.8956 -0.2065 -0.3941
vn 0.9030 -0.2715 -0.3330
vn 0.8389 -0.4245 -0.3406
vn 0.6615 -0.3000 -0.6873
vn 0.3489 0.6056 -0.7152
vn 0.7667 -0.0484 -0.6402
vn 0.9787 -0.2043 -0.0195
vn 0.9871 -0.1425 0.0724
vn 0.9971 -0.0417 -0.0636
vn 0.9925 -0.0193 -0.1205
vn 0.9623 -0.1396 -0.2336
vn 0.9928 -0.0375 -0.1140
vn 0.9966 -0.0033 -0.0821
vn 0.9479 -0.1081 0.2996
vn 0.9798 -0.1582 -0.1221
vn 0.9712 0.0556 0.2315
vn 0.9781 0.1399 0.1542
vn 0.9881 0.1296 0.0824
vn 0.9460 -0.2294 0.2290
vn 0.9655 -0.0612 0.2532
vn 0.9538 0.0862 0.2879
vn 0.9779 0.1259 0.1671
vn 0.9806 0.1951 0.0167
vn 0.9920 -0.0910 -0.0877
vn 0.9809 -0.1919 -0.0311
vn 0.9970 -0.0423 -0.0648
vn 0.9712 0.2383 -0.0083
vn 0.9797 0.1902 -0.0629
vn 0.9341 -0.2540 -0.2509
vn 0.8725 -0.1148 -0.4750
vn 0.9700 -0.0432 -0.2390
vn 0.9280 0.0303 -0.3713
vn 0.9662 0.1019 -0.2366
vn 0.9229 -0.1023 -0.3713
vn 0.9773 -0.0087 -0.2117
vn 0.9084 0.2196 -0.3559
vn 0.4750 0.6642 -0.5773
vn 0.8560 0.4813 -0.1886
vn 0.8437 0.0421 -0.5351
vn 0.6738 0.4247 -0.6046
vn 0.9427 0.1059 -0.3163
vn 0.5025 0.6051 -0.6176
vn 0.7178 0.5960 -0.3600
vn 0.8598 -0.3321 -0.3879
vn 0.8312 -0.4360 -0.3448
vn 0.8541 -0.3070 -0.4197
vn 0.7851 0.1834 -0.5915
vn 0.8397 -0.2511 -0.4815
vn 0.9378 -0.0643 -0.3412
vn 0.6565 0.5348 -0.5320
vn 0.9971 -0.0517 -0.0567
vn 0.9191 -0.1577 -0.3611
vn 0.7634 -0.2234 -0.6061
vn 0.8642 -0.1534 -0.4792
vn 0.9908 -0.0406 -0.1288
vn 0.9310 -0.0859 -0.3547
vn 0.9981 -0.0467 -0.0404
vn 0.9863 -0.0969 -0.1335
vn 0.9976 -0.0679 -0.0122
vn 0.9997 0.0197 -0.0111
vn 0.9914 0.0574 -0.1180
vn 0.9693 -0.0053 -0.2458
vn 0.9989 -0.0415 -0.0199
vn 0.9869 0.0542 -0.1521
vn 0.9732 -0.1376 -0.1842
vn 0.9603 -0.1190 -0.2524
vn 0.9613 -0.1120 -0.2519
vn 0.5297 -0.8279 -0.1844
vn 0.4349 0.8788 -0.1967
vn 0.7436 0.6390 -0.1967
vn 0.1809 -0.9815 -0.0628
vn 0.4385 -0.8966 0.0620
vn 0.4853 0.8220 -0.2981
vn 0.2735 0.8660 -0.4186
vn 0.1236 -0.9785 0.1649
vn 0.0455 -0.9671 0.2504
vn 0.2481 -0.9420 0.2258
vn 0.6681 0.6277 -0.3995
vn 0.2867 0.8178 -0.4989
vn 0.2371 -0.9478 0.2131
vn 0.6673 -0.7442 0.0306
vn 0.1877 0.7954 -0.5763
vn 0.5548 0.6576 -0.5097
vn 0.9746 -0.1607 -0.1560
vn 0.8784 0.3284 -0.3473
vn 0.1103 0.2063 -0.9722
vn 0.6234 0.5349 -0.5703
vn 0.8361 -0.2709 -0.4770
vn 0.8555 -0.5077 -0.1017
vn 0.9308 0.3180 -0.1800
vn 0.9906 -0.0867 -0.1055
vn 0.6606 -0.7461 0.0831
vn 0.9233 0.3301 -0.1964
vn 0.6881 0.6595 -0.3026
vn 0.8280 0.4620 -0.3177
vn 0.9261 -0.3764 -0.0257
vn 0.9659 0.1733 -0.1925
vn 0.9825 0.0299 -0.1838
vn -0.0086 0.9681 -0.2506
vn 0.1670 0.9296 -0.3286
vn 0.2189 0.7852 -0.5793
vn 0.1872 0.7411 -0.6448
vn 0.1799 0.6356 -0.7508
vn 0.0255 0.5487 -0.8356
vn 0.2318 0.5018 -0.8333
vn 0.1612 0.1503 -0.9754
vn 0.2368 0.9430 -0.2337
vn 0.1896 0.8602 -0.4735
vn 0.3567 0.6580 -0.6632
vn 0.0877 0.3146 -0.9452
vn 0.0959 0.2322 -0.9679
vn 0.1764 0.3810 -0.9076
vn 0.2605 0.3403 -0.9035
vn 0.1166 0.2777 -0.9536
vn 0.2734 -0.1904 -0.9429
vn 0.1039 0.2523 -0.9621
vn 0.1506 -0.0425 -0.9877
vn 0.3428 0.9184 -0.1974
vn 0.3160 0.8858 -0.3399
vn 0.3208 0.8445 -0.4289
vn 0.4072 0.7213 -0.5603
vn 0.3497 0.7882 -0.5065
vn 0.3449 0.5795 -0.7384
vn 0.3927 0.4225 -0.8168
vn 0.2059 -0.4392 -0.8745
vn 0.1815 0.2135 -0.9599
vn 0.3103 -0.2552 -0.9157
vn 0.2235 0.3117 -0.9235
vn 0.4269 0.8404 -0.3338
vn 0.5027 0.6156 -0.6069
vn 0.4924 0.5315 -0.6892
vn 0.4584 -0.6449 -0.6116
vn 0.3313 0.3346 -0.8822
vn 0.4756 0.3968 -0.7851
vn 0.3602 0.1676 -0.9177
vn 0.2228 0.4055 -0.8865
vn 0.4778 0.8493 -0.2246
vn 0.5498 0.7635 -0.3389
vn 0.4547 0.7789 -0.4319
vn 0.5507 0.7278 -0.4088
vn 0.5033 0.4384 -0.7446
vn 0.7580 -0.4256 -0.4942
vn 0.5895 -0.1995 -0.7828
vn 0.3567 0.4627 -0.8116
vn 0.2349 0.3920 -0.8895
vn 0.5640 0.7921 -0.2334
vn 0.5616 0.6676 -0.4888
vn 0.5987 0.5844 -0.5477
vn 0.6131 0.5034 -0.6089
vn 0.5896 0.4543 -0.6678
vn 0.5506 0.4721 -0.6884
vn 0.7494 -0.1953 -0.6327
vn 0.7610 -0.0369 -0.6477
vn 0.3477 0.4494 -0.8229
vn 0.5434 0.1922 -0.8172
vn 0.5046 0.4438 -0.7405
vn 0.6422 0.7176 -0.2696
vn 0.6841 0.4621 -0.5643
vn 0.7297 0.1399 -0.6693
vn 0.6250 0.4717 -0.6219
vn 0.7268 0.6094 -0.3168
vn 0.7425 0.4869 -0.4601
vn 0.6584 0.6289 -0.4136
vn 0.7702 0.3979 -0.4985
vn 0.6884 0.5017 -0.5239
vn 0.8282 0.3857 -0.4066
vn 0.8468 0.1039 -0.5216
vn 0.7511 0.2780 -0.5988
vn 0.7708 0.4171 -0.4815
vn 0.8674 0.3040 -0.3939
vn 0.7839 0.5693 -0.2479
vn 0.7827 0.4939 -0.3787
vn 0.9105 0.1900 -0.3673
vn 0.8568 0.2991 -0.4200
vn 0.8137 0.3847 -0.4357
vn 0.9242 0.2020 -0.3240
vn 0.9195 0.2592 -0.2956
vn 0.9262 0.3392 -0.1648
vn 0.9195 0.2670 -0.2885
vn 0.8567 0.4083 -0.3152
vn 0.8794 0.2747 -0.3889
vn 0.9535 0.1266 -0.2736
vn 0.9338 0.1332 -0.3321
vn 0.9546 -0.0023 -0.2978
vt 0.863636 0.236191
vt 0.863636 0.236191
vt 0.863636 0.236191
vt 0.860325 0.236191
vt 0.850769 0.236191
vt 0.848282 0.236191
vt 0.854366 0.236191
vt 0.941191 0.236191
vt 0.864066 0.236191
vt 0.885772 0.197851
vt 0.826398 0.157461
vt 0.881356 0.160470
vt 0.818217 0.157522
vt 0.863637 0.236191
vt 0.863820 0.235873
vt 0.818182 0.157461
vt 0.823408 0.166513
vt 0.822424 0.164809
vt 0.862720 0.234603
vt 0.835898 0.188147
vt 0.829247 0.176627
vt 0.862341 0.233948
vt 0.905760 0.163231
vt 0.886764 0.196133
vt 0.831609 0.180717
vt 0.868186 0.227674
vt 0.818182 0.157461
vt 0.853728 0.219028
vt 0.826518 0.235482
vt 0.817511 0.158623
vt 0.818182 0.157461
vt 0.803043 0.183683
vt 0.792987 0.201099
vt 0.905621 0.165086
vt 0.954545 0.236191
vt 0.954516 0.236191
vt 0.944843 0.219386
vt 0.954545 0.236191
vt 0.909091 0.157461
vt 0.887803 0.194332
vt 0.871070 0.236191
vt 0.907846 0.159617
vt 0.909091 0.157461
vt 0.903906 0.157461
vt 0.823816 0.157461
vt 0.834117 0.153799
vt 0.818182 0.157461
vt 0.818521 0.156873
vt 0.956857 0.231489
vt 0.809412 0.236191
vt 0.954545 0.236191
vt 0.911936 0.157666
vt 0.970752 0.201038
vt 0.895319 0.157461
vt 0.894715 0.138750
vt 0.826688 0.142729
vt 0.863570 0.078845
vt 0.856948 0.082489
vt 0.450565 0.236191
vt 0.969475 0.210332
vt 0.917008 0.157461
vt 1.000000 0.157461
vt 0.909091 0.157461
vt 0.927032 0.157461
vt 0.909263 0.157461
vt 0.894834 0.132767
vt 0.881018 0.111412
vt 0.862260 0.081114
vt 0.863636 0.078731
vt 0.865846 0.082557
vt 0.863636 0.078731
vt 0.870669 0.090911
vt 0.863636 0.078730
vt 0.170351 0.234627
vt 0.045413 0.236197
vt 0.164144 0.236191
vt 0.924473 0.159023
vt 0.934331 0.157461
vt 0.960239 0.157461
vt 1.000000 0.157461
vt 0.998828 0.157461
vt 0.995224 0.157461
vt 0.988933 0.157461
vt 0.909091 0.157461
vt 0.948230 0.157403
vt 0.917977 0.142070
vt 0.933454 0.115263
vt 0.904164 0.146567
vt 0.864798 0.078731
vt 0.906607 0.079399
vt 0.997913 0.157461
vt 0.864696 0.157461
vt 0.958763 0.157461
vt 0.999402 0.157461
vt 0.987498 0.157461
vt 0.904048 0.042783
vt 0.136365 0.236191
vt 0.061031 0.236191
vt 0.113190 0.196074
vt 0.092950 0.157461
vt 0.090910 0.157461
vt 0.362546 0.157461
vt 0.346296 0.157461
vt 0.862837 0.078996
vt 0.861845 0.127801
vt 0.812683 0.080272
vt 0.954210 0.079312
vt 0.889787 0.078730
vt 0.954390 0.078731
vt 0.941118 0.078731
vt 0.890693 0.031867
vt 0.090919 0.157476
vt 0.090894 0.157488
vt 0.090910 0.157461
vt 0.109483 0.189630
vt 0.090910 0.157461
vt 0.159790 0.157461
vt 0.392999 0.123499
vt 0.194150 0.078730
vt 0.136365 0.078731
vt 0.869090 0.078731
vt 0.900395 0.000489
vt 0.090910 0.157461
vt 0.102994 0.178392
vt 0.090910 0.157461
vt 0.136364 0.078730
vt 0.869144 0.078731
vt 0.147894 0.078731
vt 0.528783 0.074682
vt 0.432168 0.025507
vt 0.893634 0.062161
vt 0.135889 0.235367
vt 0.136365 0.236191
vt 0.126614 0.219302
vt 0.136365 0.078731
vt 0.100472 0.140899
vt 0.370376 0.078731
vt 0.463469 0.078731
vt 0.136365 0.078730
vt 0.190554 0.033912
vt 0.855376 0.000000
vt 0.242493 0.000000
vt 0.909091 0.000000
vt 0.868962 0.245414
vt 0.909093 0.314925
vt 0.909091 0.314921
vt 0.908128 0.313252
vt 0.905323 0.308395
vt 0.908875 0.314546
vt 0.863642 0.236201
vt 0.870280 0.247698
vt 0.881113 0.266461
vt 0.863636 0.236191
vt 0.865268 0.239016
vt 0.853938 0.254852
vt 0.908122 0.314921
vt 0.820747 0.314921
vt 0.863594 0.236265
vt 0.819649 0.312379
vt 0.864296 0.235048
vt 0.833020 0.289220
vt 0.818637 0.314133
vt 0.863920 0.236191
vt 0.818182 0.314921
vt 0.818182 0.314921
vt 0.922914 0.290405
vt 0.898284 0.296202
vt 0.711356 0.312494
vt 0.863636 0.236191
vt 0.887575 0.314921
vt 0.833675 0.314921
vt 0.869123 0.314921
vt 0.897331 0.314921
vt 0.906154 0.314921
vt 0.133961 0.236191
vt 0.935634 0.236625
vt 0.237741 0.314921
vt 0.015687 0.314568
vt 0.866630 0.314921
vt 0.908841 0.314921
vt 0.642667 0.349094
vt 0.836879 0.347282
vt 0.818182 0.314921
vt 0.823782 0.324621
vt 0.045235 0.236573
vt 0.045455 0.236191
vt 0.054944 0.261051
vt 0.004805 0.306768
vt 0.014061 0.314921
vt 0.000000 0.314921
vt 0.018062 0.314921
vt 0.163242 0.314921
vt 0.172911 0.314568
vt 0.346099 0.393358
vt 0.556837 0.393652
vt 0.863636 0.393651
vt 0.853503 0.376100
vt 0.090782 0.314943
vt 0.080637 0.393651
vt 0.815892 0.376460
vt 0.067148 0.273764
vt 0.045691 0.236225
vt 0.090909 0.314921
vt 0.034534 0.335876
vt 0.090910 0.314921
vt 0.076791 0.339375
vt 0.047205 0.390620
vt 0.781823 0.393651
vt 0.045458 0.393651
vt 0.079393 0.294974
vt 0.090910 0.314921
vt 0.090909 0.314921
vt 0.090910 0.314921
vt 0.045455 0.393651
vt 0.102229 0.398505
vt 0.768512 0.403206
vt 0.811507 0.393651
vt 0.122369 0.236191
vt 0.116031 0.251619
vt 0.090909 0.314922
vt 0.089788 0.316863
vt 0.069157 0.384448
vt 0.817663 0.437852
vt 0.136065 0.235672
vt 0.136353 0.236210
vt 0.136364 0.236191
vt 0.090910 0.314921
vt 0.106485 0.393651
vt 0.051954 0.393651
vt 0.135725 0.392544
vt 0.062809 0.393651
vt 0.071486 0.428850
vt 0.163733 0.472382
vt 0.617644 0.471456
vt 0.136471 0.236006
vt 0.091138 0.314525
vt 0.090910 0.314921
vt 0.084113 0.338566
vt 0.090973 0.315031
vt 0.132596 0.393651
vt 0.136365 0.236191
vt 0.091798 0.313381
vt 0.092623 0.311953
vt 0.090909 0.314921
vt 0.090910 0.314921
vt 0.135507 0.393649
vt 0.101252 0.454375
vt 0.136643 0.393651
vt 0.716120 0.078628
vt 0.772669 0.078629
vt 0.772727 0.078731
vt 0.712566 0.078731
vt 0.681818 0.078730
vt 0.701889 0.078730
vt 0.711043 0.129349
vt 0.682264 0.079502
vt 0.684027 0.082555
vt 0.681818 0.078731
vt 0.731064 0.016410
vt 0.681817 0.078731
vt 0.638603 0.078731
vt 0.706581 0.001376
vt 0.799271 0.000000
vt 0.658051 0.062767
vt 0.670708 0.078731
vt 0.587212 0.069855
vt 0.590909 0.078730
vt 0.663373 0.078731
vt 0.676906 0.078730
vt 0.600527 0.078731
vt 0.590909 0.078731
vt 0.545668 0.000370
vt 0.591033 0.078731
vt 0.590909 0.078731
vt 0.632468 0.078731
vt 0.773176 0.235414
vt 0.772727 0.236191
vt 0.772727 0.236191
vt 0.773943 0.236191
vt 0.772807 0.236054
vt 0.767730 0.244846
vt 0.818170 0.157482
vt 0.817526 0.157461
vt 0.809373 0.157461
vt 0.766781 0.157461
vt 0.801939 0.157461
vt 0.774303 0.157461
vt 0.785680 0.157461
vt 0.740708 0.180731
vt 0.778558 0.226090
vt 0.727273 0.157461
vt 0.727273 0.157461
vt 0.771927 0.234804
vt 0.727273 0.157461
vt 0.727290 0.157490
vt 0.772730 0.236196
vt 0.747384 0.192294
vt 0.754867 0.267127
vt 0.728428 0.159462
vt 0.731207 0.164275
vt 0.766904 0.226105
vt 0.759700 0.213627
vt 0.736025 0.232027
vt 0.726183 0.236191
vt 0.796406 0.157461
vt 0.762519 0.096412
vt 0.735904 0.155237
vt 0.766242 0.096078
vt 0.814537 0.150729
vt 0.810363 0.157461
vt 0.739031 0.157188
vt 0.732447 0.157461
vt 0.727255 0.157492
vt 0.739902 0.157461
vt 0.770382 0.232132
vt 0.681818 0.236191
vt 0.768472 0.236191
vt 0.691248 0.236191
vt 0.682405 0.236191
vt 0.698539 0.236191
vt 0.706077 0.272635
vt 0.737013 0.248811
vt 0.718802 0.300248
vt 0.722786 0.307150
vt 0.688858 0.223998
vt 0.694058 0.214991
vt 0.826148 0.078731
vt 0.800377 0.078731
vt 0.772727 0.078730
vt 0.772727 0.078731
vt 0.741117 0.133483
vt 0.754762 0.109848
vt 0.727275 0.157458
vt 0.752099 0.114461
vt 0.727273 0.157461
vt 0.727273 0.314921
vt 0.710994 0.286724
vt 0.701126 0.269632
vt 0.707252 0.280244
vt 0.696205 0.261109
vt 0.706999 0.279805
vt 0.701762 0.201648
vt 0.706316 0.193760
vt 0.808669 0.078730
vt 0.857765 0.078731
vt 0.854416 0.078730
vt 0.771673 0.080556
vt 0.726696 0.087680
vt 0.681818 0.236191
vt 0.691696 0.253300
vt 0.714715 0.293169
vt 0.694229 0.257686
vt 0.727273 0.157461
vt 0.681818 0.236191
vt 0.710934 0.157461
vt 0.727273 0.157461
vt 0.721735 0.157461
vt 0.662381 0.157461
vt 0.726903 0.158102
vt 0.726535 0.158304
vt 0.725522 0.160494
vt 0.682797 0.157461
vt 0.636364 0.157461
vt 0.850068 0.078731
vt 0.763064 0.061992
vt 0.727287 0.157486
vt 0.722677 0.157461
vt 0.658178 0.157461
vt 0.718248 0.141830
vt 0.723549 0.151221
vt 0.636364 0.157461
vt 0.673983 0.222620
vt 0.681895 0.236324
vt 0.681818 0.236191
vt 0.641905 0.167058
vt 0.639836 0.163474
vt 0.770581 0.065093
vt 0.818621 0.078730
vt 0.872704 0.044003
vt 0.766290 0.067580
vt 0.726834 -0.000760
vt 0.687563 0.088680
vt 0.681818 0.236191
vt 0.724648 0.152915
vt 0.683939 0.157461
vt 0.677899 0.157461
vt 0.685032 0.157461
vt 0.658843 0.157461
vt 0.657530 0.157461
vt 0.636510 0.157461
vt 0.667506 0.157461
vt 0.636364 0.157461
vt 0.681819 0.236191
vt 0.679960 0.232973
vt 0.647074 0.107107
vt 0.693624 0.101535
vt 0.636185 0.157152
vt 0.637144 0.158812
vt 0.871318 0.065425
vt 0.909091 0.000000
vt 0.734184 0.011971
vt 0.838437 0.000000
vt 0.850786 0.000000
vt 0.788012 0.000000
vt 0.754837 0.047743
vt 0.727273 0.000000
vt 0.789018 0.000000
vt 0.666716 0.236191
vt 0.664721 0.206577
vt 0.630011 0.236191
vt 0.599386 0.236191
vt 0.611595 0.236191
vt 0.669803 0.257003
vt 0.636367 0.157466
vt 0.649304 0.157461
vt 0.636364 0.157461
vt 0.606215 0.259698
vt 0.598150 0.242677
vt 0.635400 0.159131
vt 0.632562 0.164045
vt 0.597326 0.225077
vt 0.636128 0.157870
vt 0.598444 0.223141
vt 0.590909 0.236191
vt 0.899168 0.000000
vt 0.902350 0.000000
vt 0.591594 0.236191
vt 0.590909 0.236191
vt 0.590909 0.236191
vt 0.602044 0.236191
vt 0.616241 0.122607
vt 0.613605 0.116594
vt 0.635188 0.155424
vt 0.592269 0.233836
vt 0.592886 0.239614
vt 0.636364 0.157461
vt 0.602948 0.215340
vt 0.626989 0.173699
vt 0.593108 0.232383
vt 0.600255 0.220004
vt 0.591738 0.234756
vt 0.595785 0.227745
vt 0.632261 0.164567
vt 0.893588 0.000000
vt 0.909091 0.000000
vt 0.615476 0.078731
vt 0.612333 0.199084
vt 0.617796 0.189622
vt 0.591138 0.235795
vt 0.590909 0.236191
vt 0.590910 0.236191
vt 0.590910 0.236191
vt 0.801395 0.285845
vt 0.782451 0.236191
vt 0.814108 0.307713
vt 0.810920 0.314921
vt 0.771306 0.238653
vt 0.773226 0.237055
vt 0.736346 0.299207
vt 0.777811 0.314921
vt 0.727273 0.314921
vt 0.727306 0.314864
vt 0.727304 0.314868
vt 0.789153 0.365201
vt 0.787709 0.364250
vt 0.720250 0.327086
vt 0.795809 0.314921
vt 0.727273 0.314921
vt 0.772728 0.393651
vt 0.746326 0.393651
vt 0.740769 0.385478
vt 0.704742 0.324932
vt 0.719537 0.314921
vt 0.700133 0.314921
vt 0.772254 0.393651
vt 0.693078 0.393651
vt 0.711191 0.314921
vt 0.652356 0.314921
vt 0.697779 0.263835
vt 0.640557 0.314921
vt 0.636364 0.314921
vt 0.658066 0.277438
vt 0.672743 0.252331
vt 0.644364 0.308566
vt 0.650262 0.314921
vt 0.778027 0.403006
vt 0.689360 0.393651
vt 0.692195 0.393651
vt 0.681222 0.392618
vt 0.679231 0.393372
vt 0.666547 0.367199
vt 0.641139 0.337418
vt 0.637537 0.316953
vt 0.636364 0.314921
vt 0.636364 0.314921
vt 0.681342 0.237017
vt 0.650353 0.290691
vt 0.635274 0.313032
vt 0.679721 0.393651
vt 0.660859 0.393651
vt 0.653958 0.393651
vt 0.603453 0.378101
vt 0.594349 0.241684
vt 0.646121 0.298021
vt 0.634478 0.311654
vt 0.636208 0.314651
vt 0.682881 0.393657
vt 0.628205 0.442229
vt 0.590909 0.393651
vt 0.600630 0.376815
vt 0.636364 0.314922
vt 0.609326 0.268090
vt 0.591039 0.236416
vt 0.645098 0.472382
vt 0.663465 0.472385
vt 0.255869 0.472382
vt 0.636409 0.472304
vt 0.591054 0.393651
vt 0.590909 0.393652
vt 0.614854 0.352178
vt 0.119074 0.157461
vt 0.411316 0.135590
vt 0.489002 0.078731
vt 0.161113 0.078730
vt 0.652503 0.078731
vt 0.889958 0.072933
vt 0.231111 0.078731
vt 0.095760 0.165862
vt 0.090802 0.157648
vt 0.118034 0.204441
vt 0.130644 0.235953
vt 0.130881 0.226694
vt 0.191355 0.157461
vt 0.219016 0.157356
vt 0.570412 0.114536
vt 0.928487 0.078731
vt 0.901195 0.088095
vt 0.954545 0.078731
vt 0.954545 0.078731
vt 0.902521 0.078731
vt 0.907385 0.005370
vt 0.809461 0.045327
vt 0.045847 0.235728
vt 0.098412 0.157461
vt 0.578961 0.157461
vt 0.832268 0.157461
vt 0.341045 0.157461
vt 0.848238 0.157461
vt 0.632541 0.157461
vt 0.998399 0.157461
vt 0.921245 0.079037
vt 0.853942 0.100734
vt 0.935256 0.156463
vt 0.874128 0.078731
vt 0.840618 0.161304
vt 1.000000 0.157461
vt 0.984580 0.157461
vt 0.990376 0.157461
vt 0.936928 0.109245
vt 0.910551 0.154931
vt 0.875437 0.087766
vt 0.865151 0.078129
vt 0.045552 0.236191
vt 0.134539 0.236191
vt 0.635000 0.191748
vt 0.950540 0.235860
vt 0.990580 0.173777
vt 1.000000 0.157461
vt 0.971736 0.157461
vt 0.992080 0.157461
vt 0.909277 0.157461
vt 0.917306 0.143232
vt 0.899036 0.140045
vt 0.964113 0.219317
vt 0.938805 0.157491
vt 0.960483 0.157461
vt 0.908264 0.157461
vt 0.885054 0.115827
vt 0.907790 0.155207
vt 0.859187 0.078730
vt 0.863473 0.079014
vt 0.909119 0.157509
vt 0.943377 0.216847
vt 0.909060 0.157514
vt 0.873692 0.157461
vt 0.894725 0.133657
vt 0.867565 0.104525
vt 0.831054 0.153447
vt 0.907121 0.157461
vt 0.820050 0.149843
vt 0.825348 0.145049
vt 0.952873 0.236007
vt 0.954546 0.236190
vt 0.904106 0.184799
vt 0.864574 0.236191
vt 0.875888 0.214970
vt 0.871722 0.160218
vt 0.908476 0.158526
vt 0.866275 0.229003
vt 0.822181 0.157461
vt 0.823997 0.147388
vt 0.818182 0.157461
vt 0.865081 0.236191
vt 0.946684 0.236191
vt 0.863627 0.236191
vt 0.889010 0.192243
vt 0.877786 0.211684
vt 0.907608 0.160029
vt 0.863637 0.236191
vt 0.864470 0.234748
vt 0.829988 0.177909
vt 0.869158 0.213196
vt 0.841859 0.198471
vt 0.858748 0.227724
vt 0.866625 0.231015
vt 0.818447 0.157920
vt 0.820156 0.160880
vt 0.850252 0.213008
vt 0.828312 0.175006
vt 0.852302 0.229540
vt 0.818307 0.157677
vt 0.847738 0.236191
vt 0.816075 0.161111
vt 0.796214 0.206799
vt 0.773823 0.236191
vt 0.862249 0.236191
vt 0.866797 0.236191
vt 0.134108 0.240099
vt 0.110599 0.349024
vt 0.131525 0.392702
vt 0.458567 0.472382
vt 0.122777 0.236191
vt 0.135791 0.237166
vt 0.091060 0.314661
vt 0.090890 0.314948
vt 0.092226 0.393651
vt 0.089895 0.393651
vt 0.090910 0.472382
vt 0.064588 0.414404
vt 0.818176 0.472372
vt 0.548819 0.435379
vt 0.075728 0.344249
vt 0.051933 0.392191
vt 0.159938 0.402284
vt 0.045642 0.236191
vt 0.045625 0.236191
vt 0.076529 0.260940
vt 0.090900 0.314904
vt 0.090877 0.314921
vt 0.090888 0.314958
vt 0.062656 0.363859
vt 0.045455 0.393651
vt 0.818378 0.420882
vt 0.067260 0.273959
vt 0.044383 0.374718
vt 0.184347 0.393651
vt 0.853524 0.393651
vt 0.050238 0.276979
vt 0.056080 0.254594
vt 0.050040 0.314921
vt 0.038399 0.321335
vt 0.863622 0.393626
vt 0.053875 0.236191
vt 0.045455 0.236191
vt 0.045615 0.235914
vt -0.034441 0.327355
vt 0.163244 0.393651
vt 0.096936 0.393651
vt 0.282138 0.339605
vt 0.863623 0.393650
vt 0.863264 0.393007
vt 0.907094 0.236191
vt 0.212500 0.236191
vt 0.045450 0.236200
vt 0.004434 0.307241
vt 0.020819 0.314921
vt 0.212968 0.296490
vt 0.909359 0.314921
vt 0.086782 0.314921
vt 0.752479 0.368609
vt 0.822946 0.323172
vt 0.817890 0.383360
vt 0.952937 0.238976
vt 0.911740 0.310384
vt 0.244397 0.314921
vt 0.159078 0.314921
vt 0.883190 0.314921
vt 0.907706 0.314921
vt 0.818228 0.314978
vt 0.818182 0.314921
vt 0.909505 0.310253
vt 0.835110 0.313397
vt 0.863636 0.236191
vt 0.865158 0.238826
vt 0.690904 0.314921
vt 0.908993 0.314751
vt 0.896847 0.314921
vt 0.823333 0.314921
vt 0.818232 0.314921
vt 0.902517 0.314921
vt 0.832181 0.314921
vt 0.891380 0.284244
vt 0.909293 0.315270
vt 0.906136 0.309802
vt 0.865565 0.264634
vt 0.909091 0.314921
vt 0.893878 0.288572
vt 0.881347 0.266866
vt 0.844342 0.269610
vt 0.818793 0.313862
vt 0.803128 0.237115
vt 0.862984 0.237321
vt 0.817884 0.301522
vt 0.693937 0.000000
vt 0.727286 0.000000
vt 0.668550 0.078731
vt 0.588840 0.069617
vt 0.592847 0.078731
vt 0.674297 0.078731
vt 0.752621 0.043917
vt 0.676812 0.061736
vt 0.546239 0.000453
vt 0.655602 0.078731
vt 0.591910 0.078731
vt 0.772722 0.078731
vt 0.684242 0.078730
vt 0.705309 0.078731
vt 0.687438 0.088464
vt 0.696495 0.078730
vt 0.763804 0.012552
vt 0.848041 0.000000
vt 0.816124 0.000000
vt 0.617814 0.125331
vt 0.614524 0.195290
vt 0.625704 0.175925
vt 0.592565 0.233324
vt 0.590909 0.236191
vt 0.787107 0.005325
vt 0.639571 0.236191
vt 0.625028 0.236191
vt 0.612416 0.078730
vt 0.662418 0.078730
vt 0.622468 0.133392
vt 0.644203 0.102914
vt 0.636364 0.157461
vt 0.594063 0.230729
vt 0.626103 0.180546
vt 0.669490 0.236191
vt 0.636880 0.236191
vt 0.592541 0.236191
vt 0.634194 0.161219
vt 0.608769 0.205257
vt 0.602216 0.216607
vt 0.592623 0.233222
vt 0.629357 0.169597
vt 0.636168 0.157800
vt 0.632876 0.163502
vt 0.630880 0.166960
vt 0.619131 0.187309
vt 0.591124 0.235819
vt 0.591018 0.236003
vt 0.632863 0.163525
vt 0.905654 0.005954
vt 0.868054 0.071079
vt 0.886664 0.038846
vt 0.834757 0.021573
vt 0.850911 0.065866
vt 0.762713 0.061384
vt 0.780877 0.000000
vt 0.899102 0.000000
vt 0.744390 0.000047
vt 0.670966 0.217394
vt 0.680911 0.234619
vt 0.639091 0.281946
vt 0.681253 0.237170
vt 0.596098 0.238766
vt 0.604052 0.236191
vt 0.649497 0.156117
vt 0.703998 0.157461
vt 0.639600 0.157461
vt 0.730930 0.157461
vt 0.687749 0.157461
vt 0.637170 0.157461
vt 0.636364 0.157461
vt 0.646639 0.175258
vt 0.636895 0.158381
vt 0.636103 0.157913
vt 0.636364 0.157461
vt 0.767205 0.069165
vt 0.772055 0.077565
vt 0.778820 0.078731
vt 0.735700 0.014596
vt 0.751488 0.041941
vt 0.772644 0.078586
vt 0.722922 0.149925
vt 0.726695 0.156460
vt 0.698107 0.106944
vt 0.659539 0.157461
vt 0.646761 0.157461
vt 0.681819 0.236191
vt 0.681818 0.078731
vt 0.689527 0.099846
vt 0.698745 0.157461
vt 0.679711 0.157461
vt 0.724152 0.157461
vt 0.644279 0.171171
vt 0.680632 0.234137
vt 0.644271 0.171156
vt 0.647279 0.176366
vt 0.840284 0.078731
vt 0.772728 0.078731
vt 0.711025 0.079641
vt 0.694662 0.100977
vt 0.726211 0.157461
vt 0.660939 0.157461
vt 0.721472 0.147414
vt 0.727273 0.157461
vt 0.686374 0.244082
vt 0.639165 0.162313
vt 0.643577 0.169955
vt 0.682999 0.233972
vt 0.723471 0.164045
vt 0.854514 0.078731
vt 0.765613 0.091054
vt 0.748464 0.120757
vt 0.728789 0.154836
vt 0.729182 0.154154
vt 0.697927 0.264093
vt 0.682103 0.236683
vt 0.682122 0.236716
vt 0.704997 0.157461
vt 0.657266 0.157461
vt 0.723043 0.160053
vt 0.683124 0.157461
vt 0.700521 0.203797
vt 0.843039 0.078731
vt 0.794797 0.083168
vt 0.779941 0.078731
vt 0.778608 0.088916
vt 0.769522 0.084283
vt 0.762749 0.107737
vt 0.772735 0.078717
vt 0.732238 0.157461
vt 0.744333 0.141229
vt 0.715855 0.295145
vt 0.704085 0.274758
vt 0.723167 0.307809
vt 0.721356 0.304673
vt 0.703430 0.236191
vt 0.698615 0.265284
vt 0.692226 0.254218
vt 0.717025 0.297171
vt 0.725487 0.160554
vt 0.688968 0.223808
vt 0.734014 0.145785
vt 0.730328 0.157461
vt 0.790695 0.157461
vt 0.814379 0.157461
vt 0.807748 0.157461
vt 0.799433 0.157461
vt 0.761198 0.157461
vt 0.811489 0.157461
vt 0.743260 0.157461
vt 0.787076 0.157461
vt 0.682079 0.236191
vt 0.714150 0.236191
vt 0.723876 0.272975
vt 0.771081 0.239044
vt 0.758726 0.211939
vt 0.727459 0.157783
vt 0.719924 0.228527
vt 0.772602 0.235980
vt 0.758929 0.212292
vt 0.727137 0.314686
vt 0.818141 0.157532
vt 0.818182 0.157461
vt 0.764278 0.157461
vt 0.782798 0.218747
vt 0.772858 0.236417
vt 0.759012 0.212435
vt 0.727341 0.157578
vt 0.772806 0.236327
vt 0.727308 0.157521
vt 0.772727 0.236191
vt 0.731970 0.306785
vt 0.727898 0.158544
vt 0.730301 0.162705
vt 0.730671 0.163347
vt 0.772638 0.236037
vt 0.718277 0.236191
vt 0.795475 0.236191
vt 0.855969 0.236191
vt 0.773008 0.235704
vt 0.772728 0.236191
vt 0.772731 0.236185
vt 0.772727 0.236191
vt 0.772258 0.237005
vt 0.590909 0.236191
vt 0.673396 0.407735
vt 0.662987 0.393652
vt 0.596419 0.385215
vt 0.597959 0.381442
vt 0.633971 0.310776
vt 0.591605 0.237395
vt 0.632041 0.307433
vt 0.605281 0.261084
vt 0.613654 0.275585
vt 0.632718 0.308606
vt 0.593276 0.238565
vt 0.674276 0.393652
vt 0.636324 0.314990
vt 0.670114 0.256464
vt 0.636316 0.314218
vt 0.656478 0.354089
vt 0.681818 0.393651
vt 0.642956 0.326339
vt 0.636381 0.314921
vt 0.636739 0.314272
vt 0.772727 0.393651
vt 0.820154 0.393651
vt 0.698170 0.393651
vt 0.752625 0.393651
vt 0.690585 0.393651
vt 0.721768 0.314921
vt 0.657586 0.314921
vt 0.680994 0.237605
vt 0.772727 0.393651
vt 0.727273 0.314921
vt 0.703623 0.273957
vt 0.653351 0.286961
vt 0.669719 0.278600
vt 0.667924 0.314921
vt 0.779344 0.382191
vt 0.712601 0.340333
vt 0.687090 0.393651
vt 0.759538 0.383928
vt 0.691410 0.377039
vt 0.705520 0.320377
vt 0.686123 0.308493
vt 0.725679 0.314921
vt 0.812817 0.324213
vt 0.742031 0.315235
vt 0.792753 0.314921
vt 0.747121 0.280542
vt 0.732892 0.305277
vt 0.758644 0.260584
vt 0.727312 0.314921
vt 0.811050 0.314921
vt 0.811770 0.304010
vt 0.785736 0.258722
vt 0.863636 0.236191
vt 0.866493 0.231243
vt 0.866301 0.231575
vt 0.902288 0.169243
vt 0.883766 0.201326
vt 0.067150 0.233907
vt 0.000000 0.314921
vt 0.156560 0.317178
vt 0.583224 0.065418
vt 0.818375 0.157461
vt 0.733756 0.168690
vt 0.771616 0.234265
vt 0.727896 0.313841
vt 0.730550 0.163137
vt 0.901177 0.013708
vt 0.767321 0.069367
vt 0.647451 0.156278
vt 0.805287 0.000000
vt 0.634031 0.163718
vt 0.634781 0.160202
vt 0.594250 0.084517
vt 0.592656 0.081755
vt 0.688146 0.385616
vt 0.851980 0.157461
vt 0.947399 0.236191
vt 0.818182 0.157461
vt 0.866386 0.231429
vt 0.908553 0.158393
vt 0.785283 0.214444
vt 0.868415 0.244468
vt 0.877108 0.259525
vt 0.861434 0.240006
vt 0.610229 0.078731
vt 0.639136 0.078730
vt 0.599873 0.220666
vt 0.746624 0.033518
vt 0.617462 0.190200
vt 0.828535 0.078730
vt 0.720925 0.157461
vt 0.718152 0.173260
vt 0.753463 0.202823
vt 0.727314 0.157532
vt 0.771576 0.234196
vt 0.772728 0.236191
vt 0.691645 0.402221
vt 0.777067 0.401193
vt 0.695953 0.393651
vt 0.681432 0.393651
vt 0.766528 0.225454
s 1
f 3/1/3 53/2/53 2/1/2
f 6/1/6 3/1/3 5/1/5
f 6/1/6 5/1/5 8/3/8
f 9/1/9 6/1/6 8/3/8
f 7/1/7 4/1/4 6/1/6
f 82/4/82 10/1/10 11/1/11
f 10/1/10 74/1/74 7/1/7
f 12/1/12 11/1/11 9/1/9
f 14/1/14 11/1/11 12/1/12
f 90/5/90 82/4/82 13/1/13
f 16/1/16 90/5/90 13/1/13
f 91/6/91 16/1/16 15/1/15
f 16/1/16 13/1/13 14/1/14
f 17/7/17 15/1/15 18/1/18
f 278/1/278 19/1/19 271/1/271
f 15/1/15 278/1/278 18/1/18
f 21/3/21 20/8/20 23/9/23
f 23/9/23 20/8/20 24/1/24
f 22/1/22 23/9/23 24/1/24
f 51/1/51 31/1/31 37/1/37
f 37/1/37 29/1/29 35/1/35
f 39/1/39 38/1/38 29/1/29
f 32/2/32 39/1/39 29/1/29
f 42/1/42 24/1/24 20/8/20
f 43/1/43 38/1/38 24/1/24
f 26/10/26 25/1/25 30/1/30
f 50/1/50 46/1/46 51/1/51
f 52/1/52 36/1/36 53/2/53
f 66/11/66 101/12/101 65/13/65
f 58/14/58 60/15/60 59/1/59
f 62/1/62 50/1/50 61/1/61
f 62/1/62 46/1/46 50/1/50
f 52/1/52 53/2/53 3/1/3
f 66/11/66 65/13/65 64/16/64
f 69/17/69 71/18/71 70/19/70
f 70/19/70 73/20/73 58/14/58
f 73/20/73 67/21/67 72/22/72
f 56/23/56 55/24/55 58/14/58
f 68/25/68 100/26/100 72/22/72
f 70/19/70 59/1/59 62/1/62
f 77/27/77 76/27/76 78/16/78
f 76/27/76 71/18/71 69/17/69
f 79/28/79 74/1/74 80/29/80
f 83/27/83 68/25/68 85/27/85
f 86/30/86 79/28/79 80/29/80
f 109/16/109 106/16/106 75/31/75
f 85/27/85 77/27/77 88/16/88
f 88/16/88 81/27/81 87/32/87
f 89/33/89 82/4/82 90/5/90
f 94/34/94 95/35/95 96/36/96
f 94/34/94 112/37/112 95/35/95
f 96/36/96 92/38/92 20/8/20
f 98/39/98 94/34/94 97/40/97
f 97/40/97 94/34/94 93/41/93
f 99/42/99 117/43/117 98/39/98
f 100/26/100 101/12/101 99/42/99
f 101/12/101 117/43/117 99/42/99
f 101/12/101 66/11/66 116/44/116
f 66/11/66 64/16/64 102/45/102
f 102/45/102 116/44/116 66/11/66
f 102/45/102 124/31/124 120/46/120
f 103/47/103 102/45/102 64/16/64
f 106/16/106 103/47/103 75/31/75
f 107/16/107 108/16/108 106/16/106
f 108/16/108 104/48/104 106/16/106
f 107/16/107 106/16/106 109/16/109
f 95/35/95 113/49/113 111/50/111
f 95/35/95 111/50/111 110/51/110
f 131/52/131 126/53/126 112/37/112
f 115/39/115 133/43/133 114/39/114
f 98/39/98 114/39/114 131/52/131
f 136/39/136 116/44/116 118/43/118
f 136/39/136 133/43/133 115/39/115
f 117/43/117 115/39/115 114/39/114
f 102/45/102 118/43/118 116/44/116
f 138/39/138 119/54/119 121/55/121
f 118/43/118 102/45/102 119/54/119
f 135/39/135 118/43/118 119/54/119
f 119/54/119 138/39/138 135/39/135
f 102/45/102 120/46/120 119/54/119
f 120/46/120 125/56/125 123/57/123
f 147/58/147 123/57/123 125/56/125
f 125/56/125 104/48/104 105/31/105
f 124/31/124 104/48/104 125/56/125
f 128/59/128 111/50/111 127/60/127
f 113/49/113 126/53/126 127/60/127
f 131/52/131 132/61/132 156/62/156
f 160/63/160 157/64/157 136/39/136
f 157/64/157 130/65/130 136/39/136
f 132/61/132 114/39/114 130/65/130
f 160/63/160 136/39/136 137/43/137
f 135/39/135 136/39/136 118/43/118
f 136/39/136 135/39/135 137/43/137
f 137/43/137 135/39/135 138/39/138
f 134/39/134 137/43/137 138/39/138
f 121/55/121 139/66/139 138/39/138
f 141/63/141 138/39/138 139/66/139
f 144/67/144 121/55/121 122/68/122
f 142/69/142 140/70/140 144/67/144
f 140/70/140 142/69/142 145/71/145
f 140/70/140 143/72/143 139/66/139
f 144/67/144 122/68/122 142/69/142
f 169/71/169 149/73/149 146/71/146
f 142/69/142 122/68/122 149/73/149
f 145/71/145 149/73/149 169/71/169
f 152/74/152 171/75/171 129/76/129
f 151/77/151 126/53/126 156/62/156
f 151/77/151 156/62/156 173/78/173
f 155/79/155 154/80/154 156/62/156
f 153/81/153 177/82/177 157/64/157
f 130/65/130 157/64/157 177/82/177
f 157/64/157 158/83/158 153/81/153
f 163/84/163 159/85/159 161/43/161
f 158/83/158 161/43/161 159/85/159
f 179/86/179 162/87/162 164/88/164
f 140/70/140 165/89/165 143/72/143
f 181/90/181 143/72/143 165/89/165
f 166/73/166 145/71/145 167/69/167
f 166/73/166 167/69/167 168/71/168
f 170/73/170 167/69/167 169/71/169
f 154/80/154 150/91/150 174/92/174
f 153/81/153 175/62/175 188/93/188
f 176/94/176 191/95/191 175/62/175
f 177/82/177 188/93/188 150/91/150
f 158/83/158 176/94/176 175/62/175
f 163/84/163 162/87/162 159/85/159
f 183/69/183 168/71/168 170/73/170
f 168/71/168 183/69/183 208/96/208
f 196/97/196 329/98/329 184/99/184
f 174/92/174 150/91/150 185/100/185
f 150/91/150 188/93/188 185/100/185
f 188/93/188 198/101/198 185/100/185
f 191/95/191 189/102/189 188/93/188
f 191/95/191 190/103/190 189/102/189
f 159/85/159 190/103/190 176/94/176
f 178/104/178 203/105/203 159/85/159
f 192/106/192 178/104/178 179/86/179
f 192/106/192 179/86/179 180/107/180
f 182/108/182 207/109/207 193/110/193
f 182/108/182 168/71/168 208/96/208
f 183/69/183 194/111/194 208/96/208
f 195/112/195 186/113/186 200/114/200
f 196/97/196 184/99/184 213/115/213
f 184/99/184 195/112/195 213/115/213
f 197/101/197 199/101/199 216/101/216
f 200/114/200 197/101/197 216/101/216
f 190/103/190 201/116/201 189/102/189
f 198/101/198 189/102/189 201/116/201
f 203/105/203 218/117/218 190/103/190
f 203/105/203 219/118/219 218/117/218
f 219/118/219 203/105/203 204/119/204
f 178/104/178 205/120/205 204/119/204
f 178/104/178 204/119/204 203/105/203
f 192/106/192 205/120/205 178/104/178
f 221/121/221 192/106/192 180/107/180
f 208/96/208 194/111/194 825/122/824
f 210/123/210 200/114/200 216/101/216
f 210/123/210 216/101/216 211/101/211
f 210/123/210 211/101/211 229/116/229
f 212/124/212 200/114/200 210/123/210
f 199/101/199 198/101/198 215/125/215
f 204/119/204 205/120/205 220/126/220
f 205/120/205 192/106/192 221/121/221
f 206/127/206 223/128/223 221/121/221
f 206/127/206 207/109/207 225/129/225
f 825/122/824 227/130/227 226/131/226
f 213/115/213 230/132/230 228/133/228
f 212/124/212 210/123/210 229/116/229
f 230/132/230 212/124/212 1067/134/1066
f 217/116/217 232/114/232 214/116/214
f 231/114/231 215/125/215 1068/116/1067
f 1072/135/1071 234/136/234 219/118/219
f 220/126/220 222/137/222 1075/138/1074
f 1075/138/1074 222/137/222 223/128/223
f 223/128/223 206/127/206 224/139/224
f 227/130/227 1077/140/1076 225/129/225
f 825/122/824 235/141/235 227/130/227
f 1077/140/1076 227/130/227 236/142/236
f 825/122/824 889/143/888 235/141/235
f 238/144/238 241/1/241 240/2/240
f 2/1/2 54/1/54 242/3/242
f 243/145/243 245/146/245 246/147/246
f 246/147/246 240/2/240 287/1/287
f 244/148/244 247/149/247 243/145/243
f 247/149/247 244/148/244 283/150/283
f 239/3/239 237/3/237 249/1/249
f 1/1/1 239/3/239 248/1/248
f 254/2/254 252/151/252 255/152/255
f 248/1/248 251/153/251 253/1/253
f 252/151/252 245/146/245 255/152/255
f 251/153/251 249/1/249 238/144/238
f 252/151/252 238/144/238 245/146/245
f 250/1/250 248/1/248 257/1/257
f 8/3/8 250/1/250 257/1/257
f 259/1/259 254/2/254 260/1/260
f 257/1/257 253/1/253 264/1/264
f 264/1/264 253/1/253 259/1/259
f 257/1/257 248/1/248 253/1/253
f 254/2/254 256/154/256 262/1/262
f 263/155/263 256/154/256 247/149/247
f 263/155/263 290/156/290 292/157/292
f 265/1/265 257/1/257 264/1/264
f 258/1/258 257/1/257 265/1/265
f 259/1/259 260/1/260 268/1/268
f 267/1/267 259/1/259 268/1/268
f 261/1/261 262/1/262 263/155/263
f 263/155/263 273/158/273 261/1/261
f 271/1/271 270/1/270 272/1/272
f 271/1/271 272/1/272 278/1/278
f 270/1/270 267/1/267 272/1/272
f 275/159/275 274/160/274 273/158/273
f 276/161/276 263/155/263 269/162/269
f 279/163/279 272/1/272 274/160/274
f 275/159/275 279/163/279 274/160/274
f 275/159/275 273/158/273 276/161/276
f 280/164/280 275/159/275 276/161/276
f 281/165/281 269/162/269 277/164/277
f 283/150/283 20/8/20 282/166/282
f 20/8/20 92/38/92 282/166/282
f 284/167/284 282/166/282 299/168/299
f 241/1/241 34/169/34 288/1/288
f 286/1/286 42/1/42 289/1/289
f 289/1/289 42/1/42 20/8/20
f 286/1/286 40/1/40 42/1/42
f 247/149/247 283/150/283 284/167/284
f 284/167/284 285/170/285 290/156/290
f 293/171/293 291/172/291 303/173/303
f 293/171/293 303/173/303 305/174/305
f 110/51/110 309/175/309 297/176/297
f 110/51/110 297/176/297 282/166/282
f 92/38/92 110/51/110 282/166/282
f 299/168/299 282/166/282 297/176/297
f 300/177/300 299/168/299 298/178/298
f 299/168/299 300/177/300 285/170/285
f 285/170/285 300/177/300 303/173/303
f 303/173/303 302/179/302 304/180/304
f 305/174/305 304/180/304 317/181/317
f 293/171/293 305/174/305 306/182/306
f 293/171/293 306/182/306 295/164/295
f 308/183/308 295/164/295 307/184/307
f 309/175/309 111/50/111 128/59/128
f 309/175/309 110/51/110 111/50/111
f 297/176/297 310/185/310 298/178/298
f 309/175/309 321/186/321 310/185/310
f 310/185/310 322/187/322 311/188/311
f 311/188/311 323/189/323 313/190/313
f 314/191/314 301/192/301 313/190/313
f 302/179/302 301/192/301 315/193/315
f 315/193/315 301/192/301 314/191/314
f 317/181/317 324/194/324 325/195/325
f 318/196/318 306/182/306 317/181/317
f 318/196/318 317/181/317 325/195/325
f 307/184/307 306/182/306 318/196/318
f 319/197/319 307/184/307 318/196/318
f 308/183/308 307/184/307 319/197/319
f 328/186/328 128/59/128 129/76/129
f 321/186/321 128/59/128 328/186/328
f 310/185/310 321/186/321 322/187/322
f 321/186/321 328/186/328 322/187/322
f 311/188/311 330/198/330 323/189/323
f 313/190/313 323/189/323 314/191/314
f 324/194/324 334/199/334 325/195/325
f 320/200/320 319/197/319 327/196/327
f 331/201/331 328/186/328 337/202/337
f 322/187/322 328/186/328 331/201/331
f 323/189/323 330/198/330 332/203/332
f 314/191/314 323/189/323 332/203/332
f 314/191/314 332/203/332 333/204/333
f 333/204/333 341/205/341 342/206/342
f 334/199/334 342/206/342 335/207/335
f 326/208/326 325/195/325 344/209/344
f 331/201/331 338/210/338 330/198/330
f 330/198/330 338/210/338 339/211/339
f 340/211/340 339/211/339 350/203/350
f 343/212/343 341/205/341 352/213/352
f 344/209/344 345/214/345 366/215/366
f 326/208/326 344/209/344 366/215/366
f 326/208/326 366/215/366 346/216/346
f 327/196/327 346/216/346 336/217/336
f 337/202/337 329/98/329 347/218/347
f 348/219/348 337/202/337 347/218/347
f 338/210/338 337/202/337 348/219/348
f 339/211/339 349/220/349 350/203/350
f 342/206/342 353/221/353 354/222/354
f 336/217/336 346/216/346 357/223/357
f 347/218/347 196/97/196 209/224/209
f 358/97/358 347/218/347 209/224/209
f 360/225/360 348/219/348 359/226/359
f 349/220/349 348/219/348 360/225/360
f 353/221/353 351/211/351 362/227/362
f 377/228/377 355/229/355 364/230/364
f 366/215/366 356/214/356 365/231/365
f 366/215/366 365/231/365 367/232/367
f 366/215/366 367/232/367 368/233/368
f 357/223/357 368/233/368 378/234/378
f 358/97/358 209/224/209 228/133/228
f 359/226/359 358/97/358 369/97/369
f 359/226/359 369/97/369 360/225/360
f 360/225/360 369/97/369 371/235/371
f 361/213/361 372/236/372 373/237/373
f 363/238/363 353/221/353 362/227/362
f 363/238/363 362/227/362 375/239/375
f 364/230/364 363/238/363 375/239/375
f 367/232/367 365/231/365 387/240/387
f 369/97/369 379/241/379 381/241/381
f 371/235/371 369/97/369 381/241/381
f 372/236/372 370/242/370 371/235/371
f 372/236/372 371/235/371 382/243/382
f 374/244/374 373/237/373 384/203/384
f 385/245/385 374/244/374 384/203/384
f 387/240/387 377/228/377 376/246/376
f 388/247/388 387/240/387 1304/248/1303
f 391/249/391 662/250/662 661/251/661
f 391/249/391 661/251/661 664/252/664
f 392/253/392 664/252/664 663/254/663
f 730/255/730 392/253/392 677/256/677
f 393/257/393 395/258/395 392/253/392
f 391/249/391 717/259/717 662/250/662
f 395/258/395 391/249/391 664/252/664
f 397/253/397 403/260/403 396/258/396
f 744/253/744 405/261/405 397/253/397
f 399/262/399 832/263/831 717/259/717
f 400/264/400 391/249/391 401/265/401
f 402/266/402 400/264/400 401/265/401
f 403/260/403 401/265/401 395/258/395
f 404/267/404 403/260/403 405/261/405
f 406/268/406 405/261/405 744/253/744
f 838/269/837 408/270/408 406/268/406
f 407/271/407 404/267/404 405/261/405
f 406/268/406 407/271/407 405/261/405
f 402/266/402 409/272/409 400/264/400
f 401/265/401 410/273/410 402/266/402
f 417/274/417 408/270/408 415/275/415
f 426/276/426 87/32/87 421/277/421
f 421/277/421 89/33/89 420/277/420
f 424/277/424 420/277/420 91/6/91
f 422/278/422 424/277/424 425/277/425
f 423/279/423 91/6/91 17/7/17
f 424/277/424 423/279/423 425/277/425
f 426/276/426 420/277/420 422/278/422
f 425/277/425 426/276/426 422/278/422
f 430/277/430 425/277/425 428/277/428
f 429/277/429 428/277/428 418/277/418
f 427/280/427 425/277/425 430/277/430
f 427/280/427 430/277/430 450/277/450
f 432/281/432 431/277/431 428/277/428
f 107/16/107 109/16/109 436/16/436
f 436/16/436 435/27/435 437/16/437
f 435/27/435 84/31/84 438/282/438
f 437/16/437 435/27/435 438/282/438
f 489/283/489 437/16/437 445/27/445
f 489/283/489 436/16/436 437/16/437
f 445/27/445 437/16/437 439/27/439
f 440/284/440 489/283/489 445/27/445
f 492/285/492 445/27/445 443/286/443
f 445/27/445 439/27/439 441/287/441
f 446/288/446 441/287/441 444/289/444
f 442/290/442 441/287/441 438/282/438
f 495/291/495 443/286/443 448/292/448
f 495/291/495 448/292/448 451/291/451
f 448/292/448 446/288/446 444/289/444
f 448/292/448 444/289/444 454/291/454
f 447/293/447 442/290/442 449/277/449
f 449/277/449 427/280/427 450/277/450
f 496/294/496 451/291/451 452/292/452
f 454/291/454 447/293/447 453/295/453
f 448/292/448 454/291/454 455/292/455
f 453/295/453 447/293/447 449/277/449
f 458/277/458 459/296/459 457/297/457
f 450/277/450 459/296/459 458/277/458
f 463/298/463 461/277/461 432/281/432
f 455/292/455 453/295/453 466/292/466
f 467/291/467 452/292/452 455/292/455
f 467/291/467 455/292/455 466/292/466
f 469/292/469 452/292/452 467/291/467
f 468/292/468 469/292/469 467/291/467
f 503/291/503 502/294/502 452/292/452
f 470/294/470 457/297/457 459/296/459
f 466/292/466 456/299/456 471/291/471
f 470/294/470 459/296/459 473/300/473
f 472/301/472 459/296/459 476/302/476
f 479/303/479 460/277/460 478/304/478
f 480/292/480 471/291/471 481/292/481
f 481/292/481 470/294/470 473/300/473
f 482/305/482 125/56/125 105/31/105
f 485/306/485 482/305/482 484/307/484
f 547/308/547 543/309/543 482/305/482
f 487/310/487 486/311/486 434/16/434
f 488/312/488 487/310/487 489/283/489
f 490/313/490 486/311/486 488/312/488
f 490/313/490 488/312/488 554/291/554
f 554/291/554 488/312/488 440/284/440
f 491/314/491 554/291/554 440/284/440
f 488/312/488 489/283/489 440/284/440
f 491/314/491 492/285/492 493/291/493
f 492/285/492 443/286/443 495/291/495
f 496/294/496 493/291/493 495/291/495
f 498/292/498 452/292/452 502/294/502
f 504/291/504 502/294/502 503/291/503
f 504/291/504 564/294/564 501/292/501
f 505/291/505 504/291/504 506/294/506
f 507/277/507 477/277/477 509/315/509
f 479/303/479 509/315/509 477/277/477
f 514/316/514 462/317/462 499/318/499
f 534/319/534 462/317/462 514/316/514
f 534/319/534 513/320/513 462/317/462
f 515/321/515 499/318/499 500/322/500
f 516/323/516 500/322/500 464/277/464
f 572/324/572 500/322/500 516/323/516
f 506/294/506 503/291/503 522/294/522
f 519/291/519 469/292/469 468/292/468
f 523/292/523 519/291/519 480/292/480
f 521/292/521 523/292/523 480/292/480
f 520/294/520 481/292/481 524/292/524
f 520/294/520 524/292/524 526/291/526
f 541/291/541 526/291/526 524/292/524
f 513/320/513 479/303/479 478/304/478
f 542/325/542 479/303/479 513/320/513
f 535/316/535 542/325/542 513/320/513
f 513/320/513 534/319/534 535/316/535
f 537/294/537 522/294/522 519/291/519
f 538/292/538 537/294/537 523/292/523
f 539/291/539 538/292/538 521/292/521
f 533/294/533 509/315/509 593/326/593
f 544/327/544 147/58/147 543/309/543
f 545/73/545 146/71/146 148/69/148
f 543/309/543 547/308/547 548/328/548
f 549/329/549 548/328/548 547/308/547
f 603/329/603 548/328/548 549/329/549
f 486/311/486 485/306/485 484/307/484
f 611/251/611 612/330/612 485/306/485
f 556/331/556 553/332/553 490/313/490
f 554/291/554 557/333/557 490/313/490
f 557/333/557 615/334/615 556/331/556
f 559/335/559 554/291/554 558/292/558
f 559/335/559 557/333/557 554/291/554
f 497/294/497 558/292/558 494/292/494
f 560/294/560 558/292/558 497/294/497
f 562/294/562 560/294/560 497/294/497
f 562/294/562 561/291/561 560/294/560
f 563/292/563 561/291/561 562/294/562
f 563/292/563 562/294/562 565/291/565
f 563/292/563 565/291/565 566/294/566
f 505/291/505 567/292/567 564/294/564
f 568/291/568 625/291/625 505/291/505
f 573/336/573 515/321/515 572/324/572
f 574/337/574 569/316/569 515/321/515
f 580/294/580 637/292/637 568/291/568
f 581/316/581 534/319/534 514/316/514
f 572/324/572 516/323/516 583/338/583
f 584/339/584 583/338/583 516/323/516
f 585/340/585 577/341/577 572/324/572
f 588/291/588 538/292/538 539/291/539
f 588/291/588 537/294/537 538/292/538
f 537/294/537 589/292/589 540/292/540
f 541/291/541 591/342/591 526/291/526
f 539/291/539 591/342/591 592/343/592
f 592/343/592 588/291/588 539/291/539
f 591/342/591 593/326/593 542/325/542
f 596/316/596 535/316/535 534/319/534
f 598/316/598 595/316/595 597/316/597
f 170/73/170 146/71/146 601/69/601
f 604/344/604 546/345/546 603/329/603
f 605/346/605 599/71/599 546/345/546
f 608/329/608 550/329/550 607/251/607
f 612/330/612 610/330/610 551/329/551
f 611/251/611 613/329/613 612/330/612
f 610/330/610 607/251/607 551/329/551
f 610/330/610 613/329/613 659/251/659
f 555/347/555 614/329/614 611/251/611
f 555/347/555 556/331/556 615/334/615
f 618/316/618 616/316/616 620/316/620
f 617/316/617 618/316/618 620/316/620
f 622/348/622 615/334/615 623/294/623
f 623/294/623 559/335/559 561/291/561
f 568/291/568 626/294/626 625/291/625
f 570/316/570 616/316/616 571/349/571
f 575/350/575 619/316/619 620/316/620
f 619/316/619 575/350/575 576/351/576
f 616/316/616 570/316/570 575/350/575
f 629/316/629 619/316/619 576/351/576
f 629/316/629 576/351/576 578/316/578
f 631/316/631 619/316/619 629/316/629
f 675/316/675 629/316/629 630/352/630
f 624/292/624 623/294/623 561/291/561
f 633/292/633 624/292/624 563/292/563
f 635/353/635 634/291/634 563/292/563
f 563/292/563 566/294/566 635/353/635
f 639/316/639 596/316/596 582/316/582
f 639/316/639 582/316/582 627/316/627
f 647/354/647 640/316/640 585/340/585
f 640/316/640 630/352/630 585/340/585
f 640/316/640 675/316/675 630/352/630
f 685/291/685 634/291/634 636/292/636
f 641/355/641 580/294/580 587/356/587
f 643/357/643 642/358/642 587/356/587
f 642/358/642 641/355/641 587/356/587
f 643/357/643 587/356/587 586/294/586
f 644/359/644 645/360/645 590/294/590
f 644/359/644 590/294/590 651/361/651
f 650/362/650 643/357/643 645/360/645
f 650/362/650 642/358/642 643/357/643
f 697/363/697 642/358/642 650/362/650
f 652/316/652 651/361/651 592/343/592
f 652/316/652 644/359/644 651/361/651
f 183/69/183 170/73/170 602/71/602
f 655/364/655 600/69/600 599/71/599
f 654/73/654 600/69/600 655/364/655
f 658/330/658 605/346/605 604/344/604
f 658/330/658 604/344/604 609/329/609
f 660/330/660 659/251/659 713/365/713
f 713/365/713 659/251/659 662/250/662
f 610/330/610 660/330/660 608/329/608
f 661/251/661 659/251/659 613/329/613
f 614/329/614 661/251/661 613/329/613
f 555/347/555 663/254/663 614/329/614
f 663/254/663 661/251/661 614/329/614
f 667/316/667 665/316/665 618/316/618
f 721/316/721 667/316/667 666/316/666
f 669/316/669 617/316/617 621/316/621
f 669/316/669 666/316/666 617/316/617
f 670/316/670 666/316/666 669/316/669
f 663/254/663 555/347/555 622/348/622
f 671/316/671 628/316/628 673/316/673
f 628/316/628 672/316/672 673/316/673
f 726/316/726 669/316/669 674/316/674
f 675/316/675 631/316/631 629/316/629
f 674/316/674 668/316/668 631/316/631
f 677/256/677 663/254/663 622/348/622
f 622/348/622 623/294/623 678/366/678
f 677/256/677 622/348/622 678/366/678
f 638/367/638 687/368/687 636/292/636
f 639/316/639 627/316/627 671/316/671
f 679/316/679 639/316/639 671/316/671
f 680/316/680 679/316/679 731/316/731
f 682/316/682 729/316/729 676/316/676
f 681/316/681 682/316/682 676/316/676
f 624/292/624 633/292/633 684/369/684
f 684/369/684 633/292/633 685/291/685
f 685/291/685 686/370/686 684/369/684
f 634/291/634 685/291/685 633/292/633
f 685/291/685 636/292/636 687/368/687
f 646/316/646 639/316/639 679/316/679
f 741/316/741 649/316/649 647/354/647
f 696/371/696 748/371/748 687/368/687
f 701/349/701 702/372/702 700/373/700
f 704/316/704 653/374/653 703/316/703
f 702/372/702 706/375/706 698/376/698
f 708/377/708 655/364/655 656/378/656
f 654/73/654 655/364/655 709/379/709
f 711/251/711 715/380/715 657/251/657
f 656/378/656 658/330/658 708/377/708
f 714/381/714 713/365/713 662/250/662
f 714/381/714 662/250/662 717/259/717
f 718/316/718 719/316/719 673/316/673
f 719/316/719 718/316/718 724/316/724
f 672/316/672 720/316/720 718/316/718
f 723/316/723 720/316/720 721/316/721
f 722/316/722 724/316/724 718/316/718
f 725/349/725 724/316/724 722/316/722
f 726/316/726 670/316/670 669/316/669
f 727/349/727 721/316/721 670/316/670
f 729/316/729 726/316/726 674/316/674
f 671/316/671 673/316/673 731/316/731
f 719/316/719 724/316/724 733/316/733
f 734/316/734 731/316/731 732/316/732
f 776/316/776 728/316/728 737/316/737
f 682/316/682 737/316/737 728/316/728
f 736/316/736 737/316/737 682/316/682
f 738/382/738 730/255/730 678/366/678
f 688/349/688 679/316/679 680/316/680
f 690/316/690 680/316/680 734/316/734
f 690/316/690 734/316/734 739/316/739
f 689/316/689 739/316/739 740/316/740
f 741/316/741 780/383/780 649/316/649
f 743/253/743 738/382/738 683/384/683
f 693/385/693 746/386/746 686/370/686
f 747/387/747 795/388/794 746/386/746
f 747/387/747 746/386/746 693/385/693
f 694/389/694 747/387/747 693/385/693
f 796/390/795 747/387/747 750/391/750
f 752/392/752 748/371/748 696/371/696
f 597/316/597 689/316/689 703/316/703
f 755/393/755 753/394/753 754/316/754
f 686/370/686 745/395/745 691/396/691
f 752/392/752 757/392/757 748/371/748
f 752/392/752 696/371/696 758/392/758
f 706/375/706 699/363/699 698/376/698
f 706/375/706 801/392/800 699/363/699
f 702/372/702 753/394/753 762/397/762
f 702/372/702 762/397/762 761/371/761
f 761/371/761 762/397/762 763/398/763
f 194/111/194 707/399/707 824/400/823
f 708/377/708 767/401/767 827/402/826
f 767/401/767 829/403/828 827/402/826
f 768/404/768 710/405/710 715/380/715
f 767/401/767 708/377/708 710/405/710
f 713/365/713 770/406/770 716/406/716
f 771/407/771 768/404/768 716/406/716
f 771/407/771 716/406/716 770/406/770
f 735/316/735 725/349/725 774/316/774
f 775/316/775 773/316/773 727/349/727
f 776/316/776 775/316/775 728/316/728
f 773/316/773 775/316/775 781/316/781
f 735/316/735 774/316/774 777/316/777
f 778/316/778 777/316/777 774/316/774
f 779/316/779 787/316/786 778/316/778
f 782/316/782 775/316/775 776/316/776
f 782/316/782 780/383/780 783/316/783
f 782/316/782 779/316/779 781/316/781
f 788/316/787 779/316/779 782/316/782
f 783/316/783 780/383/780 742/383/742
f 406/268/406 744/253/744 743/253/743
f 743/253/743 691/396/691 745/395/745
f 754/316/754 778/316/778 755/393/755
f 786/408/785 804/409/803 755/393/755
f 778/316/778 786/408/785 755/393/755
f 786/408/785 787/316/786 836/410/835
f 788/316/787 782/316/782 790/411/789
f 791/412/790 742/383/742 756/413/756
f 791/412/790 783/316/783 742/383/742
f 840/414/839 746/386/746 794/363/793
f 747/387/747 796/390/795 795/388/794
f 796/390/795 798/363/797 795/388/794
f 757/392/757 752/392/752 800/392/799
f 797/392/796 751/415/751 799/371/798
f 799/371/798 751/415/751 749/416/749
f 801/392/800 706/375/706 760/371/760
f 1036/417/1035 792/418/791 756/413/756
f 807/371/806 800/392/799 806/392/805
f 806/392/805 800/392/799 758/392/758
f 810/371/809 760/371/760 761/371/761
f 801/392/800 760/371/760 810/371/809
f 809/371/808 765/363/765 812/363/811
f 812/363/811 811/371/810 809/371/808
f 765/363/765 764/371/764 812/363/811
f 812/363/811 764/371/764 813/371/812
f 813/371/812 764/371/764 814/363/813
f 814/363/813 815/419/814 819/392/818
f 812/363/811 813/371/812 818/420/817
f 811/371/810 812/363/811 817/371/816
f 813/371/812 814/363/813 818/420/817
f 818/420/817 819/392/818 877/421/876
f 816/392/815 817/371/816 821/422/820
f 821/422/820 817/371/816 822/363/821
f 817/371/816 820/423/819 823/363/822
f 820/423/819 818/420/817 883/424/882
f 818/420/817 877/421/876 883/424/882
f 825/122/824 194/111/194 824/400/823
f 831/425/830 768/404/768 771/407/771
f 833/400/832 831/425/830 771/407/771
f 834/426/833 833/400/832 832/263/831
f 798/363/797 847/363/846 794/363/793
f 798/363/797 841/371/840 842/371/841
f 841/371/840 797/392/796 799/371/798
f 843/363/842 841/371/840 799/371/798
f 837/424/836 789/427/788 861/428/860
f 837/424/836 844/429/843 835/430/834
f 840/414/839 794/363/793 847/363/846
f 846/431/845 793/432/792 840/414/839
f 848/433/847 846/431/845 840/414/839
f 842/371/841 847/363/846 798/363/797
f 902/392/901 843/363/842 850/363/849
f 808/363/807 852/392/851 849/363/848
f 849/363/848 852/392/851 905/392/904
f 853/392/852 808/363/807 801/392/800
f 855/363/854 852/392/851 854/392/853
f 857/371/856 853/392/852 856/371/855
f 805/434/804 844/429/843 869/424/868
f 845/428/844 837/424/836 859/428/858
f 861/428/860 791/412/790 860/435/859
f 837/424/836 861/428/860 859/428/858
f 862/428/861 859/428/858 861/428/860
f 811/371/810 863/371/862 856/371/855
f 863/371/862 864/392/863 856/371/855
f 910/392/909 858/436/857 856/371/855
f 864/392/863 910/392/909 856/371/855
f 867/437/866 865/438/864 863/371/862
f 877/421/876 815/419/814 868/428/867
f 815/419/814 805/434/804 868/428/867
f 867/437/866 816/392/815 821/422/820
f 872/439/871 867/437/866 821/422/820
f 872/439/871 873/428/872 867/437/866
f 876/428/875 872/439/871 874/440/873
f 873/428/872 875/441/874 865/438/864
f 872/439/871 875/441/874 873/428/872
f 877/421/876 868/428/867 878/428/877
f 882/442/881 822/363/821 881/443/880
f 886/428/885 878/428/877 880/428/879
f 889/143/888 826/400/825 890/400/889
f 828/400/827 830/143/829 890/400/889
f 829/403/828 893/444/892 827/402/826
f 894/445/893 892/400/891 829/403/828
f 833/400/832 896/400/895 831/425/830
f 896/400/895 1456/400/1455 831/425/830
f 839/446/838 1461/274/1460 415/275/415
f 848/433/847 899/363/898 898/363/897
f 848/433/847 898/363/897 846/431/845
f 899/363/898 847/363/846 900/371/899
f 842/371/841 900/371/899 847/363/846
f 903/392/902 902/392/901 850/363/849
f 905/392/904 851/392/850 807/371/806
f 1509/363/1508 850/363/849 851/392/850
f 855/363/854 907/371/906 852/392/851
f 908/363/907 855/363/854 857/371/856
f 910/392/909 908/363/907 858/436/857
f 866/447/865 911/448/910 910/392/909
f 913/428/912 915/428/914 912/428/911
f 913/428/912 871/428/870 862/428/861
f 917/428/916 911/448/910 916/428/915
f 879/428/878 923/428/922 880/428/879
f 923/428/922 919/428/918 918/428/917
f 870/428/869 912/428/911 919/428/918
f 870/428/869 919/428/918 923/428/922
f 912/428/911 1476/428/1475 919/428/918
f 874/440/873 916/428/915 876/428/875
f 926/428/925 922/428/921 921/428/920
f 922/428/921 917/428/916 916/428/915
f 880/428/879 923/428/922 924/424/923
f 923/428/922 918/428/917 924/424/923
f 924/424/923 918/428/917 925/428/924
f 888/428/887 884/449/883 931/428/930
f 931/428/930 887/428/886 933/429/932
f 932/428/931 931/428/930 933/429/932
f 932/428/931 933/429/932 935/428/934
f 937/428/936 935/428/934 957/428/956
f 930/428/929 938/428/937 921/428/920
f 943/428/942 885/450/884 928/428/927
f 943/428/942 927/428/926 944/428/943
f 941/428/940 938/428/937 940/424/939
f 942/428/941 926/428/925 938/428/937
f 942/428/941 1485/428/1484 926/428/925
f 885/450/884 943/428/942 945/428/944
f 949/428/948 934/428/933 945/428/944
f 936/428/935 934/428/933 949/428/948
f 949/428/948 945/428/944 947/428/946
f 950/428/949 949/428/948 947/428/946
f 954/429/953 949/428/948 950/428/949
f 958/429/957 936/428/935 952/428/951
f 952/428/951 949/428/948 954/429/953
f 948/451/947 937/428/936 953/424/952
f 956/428/955 1947/428/1946 951/428/950
f 957/428/956 936/428/935 960/428/959
f 936/428/935 958/429/957 960/428/959
f 959/428/958 953/424/952 957/428/956
f 961/428/960 958/429/957 954/429/953
f 962/428/961 956/428/955 955/428/954
f 955/428/954 959/428/958 965/452/964
f 963/424/962 964/428/963 962/428/961
f 965/452/964 961/428/960 1957/428/1956
f 966/453/965 419/454/419 279/163/279
f 966/453/965 279/163/279 275/159/275
f 967/455/966 966/453/965 280/164/280
f 967/455/966 280/164/280 281/165/281
f 970/165/969 967/455/966 281/165/281
f 968/164/967 970/165/969 281/165/281
f 969/183/968 968/164/967 296/165/296
f 972/456/971 967/455/966 970/165/969
f 433/457/433 429/277/429 971/458/970
f 974/459/973 967/455/966 972/456/971
f 433/457/433 971/458/970 974/459/973
f 969/183/968 296/165/296 308/183/308
f 972/456/971 970/165/969 968/164/967
f 976/460/975 972/456/971 968/164/967
f 978/461/977 973/462/972 976/460/975
f 977/463/976 432/281/432 974/459/973
f 977/463/976 463/298/463 432/281/432
f 984/461/983 977/463/976 974/459/973
f 979/464/978 308/183/308 320/200/320
f 980/465/979 969/183/968 979/464/978
f 985/336/984 978/461/977 976/460/975
f 982/466/981 976/460/975 975/467/974
f 978/461/977 984/461/983 973/462/972
f 536/336/536 983/461/982 986/336/985
f 987/336/986 984/461/983 978/461/977
f 987/336/986 986/336/985 984/461/983
f 989/468/988 986/336/985 987/336/986
f 978/461/977 985/336/984 987/336/986
f 988/336/987 987/336/986 985/336/984
f 979/464/978 990/469/989 1000/470/999
f 980/465/979 1000/470/999 981/471/980
f 993/472/992 992/461/991 985/336/984
f 994/336/993 584/339/584 536/336/536
f 994/336/993 536/336/536 986/336/985
f 988/336/987 985/336/984 999/468/998
f 985/336/984 995/473/994 999/468/998
f 998/474/997 989/468/988 988/336/987
f 999/468/998 998/474/997 988/336/987
f 990/469/989 320/200/320 1010/475/1009
f 1000/470/999 990/469/989 1010/475/1009
f 981/471/980 1000/470/999 1001/476/1000
f 1003/477/1002 995/473/994 992/461/991
f 993/472/992 1004/478/1003 992/461/991
f 583/338/583 584/339/584 996/479/995
f 995/473/994 1009/480/1008 999/468/998
f 1003/477/1002 1005/481/1004 995/473/994
f 1007/482/1006 648/483/648 583/338/583
f 1009/480/1008 997/484/996 1008/485/1007
f 1009/480/1008 1008/485/1007 999/468/998
f 1018/481/1017 1009/480/1008 995/473/994
f 1010/475/1009 336/217/336 1022/486/1021
f 1011/487/1010 1010/475/1009 1023/488/1022
f 1002/489/1001 1011/487/1010 1024/490/1023
f 1013/491/1012 1015/492/1014 1014/493/1013
f 993/472/992 1013/491/1012 1014/493/1013
f 1027/494/1026 1003/477/1002 1004/478/1003
f 1027/494/1026 1004/478/1003 1016/495/1015
f 648/483/648 705/496/705 741/316/741
f 1009/480/1008 1021/495/1020 997/484/996
f 1005/481/1004 1018/481/1017 995/473/994
f 1019/494/1018 1018/481/1017 1005/481/1004
f 1027/494/1026 1019/494/1018 1005/481/1004
f 1020/481/1019 1007/482/1006 1006/497/1005
f 1018/481/1017 1031/494/1030 1021/495/1020
f 1019/494/1018 1031/494/1030 1018/481/1017
f 1026/481/1025 1037/494/1036 1019/494/1018
f 1029/495/1028 1028/498/1027 1020/481/1019
f 1031/494/1030 1040/481/1039 1032/495/1031
f 1033/494/1032 1031/494/1030 1019/494/1018
f 1012/499/1011 1045/500/1044 1046/501/1045
f 1015/492/1014 1024/490/1023 1034/502/1033
f 1036/417/1035 756/413/756 705/496/705
f 1033/494/1032 1019/494/1018 1037/494/1036
f 1038/503/1037 1017/504/1016 1028/498/1027
f 1038/503/1037 1036/417/1035 1017/504/1016
f 1032/495/1031 1030/505/1029 1029/495/1028
f 1040/481/1039 1041/506/1040 1032/495/1031
f 1033/494/1032 1040/481/1039 1031/494/1030
f 1033/494/1032 1041/506/1040 1040/481/1039
f 1045/500/1044 1043/507/1042 1044/508/1043
f 1012/499/1011 1046/501/1045 1024/490/1023
f 1034/502/1033 1048/509/1047 1047/510/1046
f 1047/510/1046 1025/494/1024 1034/502/1033
f 1049/511/1048 1025/494/1024 1047/510/1046
f 1035/494/1034 1049/511/1048 1051/495/1050
f 1049/511/1048 1035/494/1034 1025/494/1024
f 1054/512/1053 860/435/859 1038/503/1037
f 1063/513/1062 1054/512/1053 1039/481/1038
f 1055/514/1054 1042/515/1041 390/516/390
f 1970/517/1969 1042/515/1041 1055/514/1054
f 1046/501/1045 1045/500/1044 1056/518/1055
f 1057/519/1056 1048/509/1047 1046/501/1045
f 1058/520/1057 1048/509/1047 1057/519/1056
f 1047/510/1046 1058/520/1057 1059/494/1058
f 1050/494/1049 1060/494/1059 1053/495/1052
f 1053/495/1052 1061/495/1060 1052/494/1051
f 231/114/231 1068/116/1067 1069/101/1068
f 1068/116/1067 1071/116/1070 1083/116/1082
f 231/114/231 1069/101/1068 1066/116/1065
f 217/116/217 1084/521/1083 1071/116/1070
f 1084/521/1083 217/116/217 233/116/233
f 1085/522/1084 1084/521/1083 234/136/234
f 220/126/220 1073/523/1072 1086/524/1085
f 1074/135/1073 1077/140/1076 1088/525/1087
f 1076/526/1075 1077/140/1076 236/142/236
f 1079/114/1078 1066/116/1065 1103/114/1102
f 1087/527/1086 1086/524/1085 1073/523/1072
f 1090/528/1089 1080/101/1079 1104/529/1103
f 1090/528/1089 1104/529/1103 1091/530/1090
f 1102/531/1101 1065/532/1064 1091/530/1090
f 1066/116/1065 1081/101/1080 1103/114/1102
f 1106/533/1105 1082/114/1081 1094/114/1093
f 1095/534/1094 1085/522/1084 1097/535/1096
f 1073/523/1072 1099/536/1098 1087/527/1086
f 1114/537/1113 1087/527/1086 1099/536/1098
f 1088/525/1087 1101/538/1100 1100/539/1099
f 1100/539/1099 1114/537/1113 1099/536/1098
f 1101/538/1100 1076/526/1075 1115/540/1114
f 1089/541/1088 1115/540/1114 1078/542/1077
f 1102/531/1101 1091/530/1090 1105/543/1104
f 1103/114/1102 1093/544/1092 1121/545/1120
f 1093/544/1092 1092/116/1091 1110/546/1109
f 1106/533/1105 1094/114/1093 1096/547/1095
f 1108/62/1107 1106/533/1105 1096/547/1095
f 1107/548/1106 1109/549/1108 1106/533/1105
f 1092/116/1091 1109/549/1108 1110/546/1109
f 1111/550/1110 1096/547/1095 1097/535/1096
f 1113/551/1112 1098/552/1097 1087/527/1086
f 1113/551/1112 1112/553/1111 1098/552/1097
f 1129/554/1128 1101/538/1100 1115/540/1114
f 1104/529/1103 1121/545/1120 1118/555/1117
f 1120/556/1119 1110/546/1109 1119/80/1118
f 1093/544/1092 1110/546/1109 1121/545/1120
f 1121/545/1120 1120/556/1119 1122/80/1121
f 1123/62/1122 1107/548/1106 1108/62/1107
f 1111/550/1110 1124/557/1123 1108/62/1107
f 1125/558/1124 1108/62/1107 1124/557/1123
f 1119/80/1118 1107/548/1106 1123/62/1122
f 1126/559/1125 1142/560/1141 1112/553/1111
f 1129/554/1128 1128/561/1127 1100/539/1099
f 1131/69/1130 1129/554/1128 1115/540/1114
f 1131/69/1130 1116/562/1115 1130/71/1129
f 1117/563/1116 1105/543/1104 1133/564/1132
f 1133/564/1132 1105/543/1104 1132/565/1131
f 1133/564/1132 1132/565/1131 1150/566/1149
f 1134/567/1133 1118/555/1117 1122/80/1121
f 1137/568/1136 1122/80/1121 1120/556/1119
f 1123/62/1122 1139/569/1138 1135/570/1134
f 1140/571/1139 1143/63/1142 1141/39/1140
f 1127/572/1126 1144/573/1143 1126/559/1125
f 1129/554/1128 1131/69/1130 1147/71/1146
f 1129/554/1128 1147/71/1146 1146/71/1145
f 1131/69/1130 1130/71/1129 1675/69/1674
f 1131/69/1130 1675/69/1674 1149/73/1148
f 1131/69/1130 1149/73/1148 1147/71/1146
f 1147/71/1146 1149/73/1148 1148/71/1147
f 1152/574/1151 1134/567/1133 1151/575/1150
f 1138/576/1137 1135/570/1134 1155/39/1154
f 1157/43/1156 1139/569/1138 1154/39/1153
f 1153/43/1152 1151/575/1150 1155/39/1154
f 1156/43/1155 1154/39/1153 1141/39/1140
f 1158/577/1157 1154/39/1153 1156/43/1155
f 1161/71/1160 1162/578/1161 1145/579/1144
f 1166/71/1165 1162/578/1161 1164/71/1163
f 1147/71/1146 1148/71/1147 1164/71/1163
f 1148/71/1147 1166/71/1165 1164/71/1163
f 1164/71/1163 1146/71/1145 1147/71/1146
f 1167/69/1166 1168/73/1167 1148/71/1147
f 1169/580/1168 1165/581/1164 1166/71/1165
f 1151/575/1150 1153/43/1152 1175/582/1174
f 1174/583/1173 1175/582/1174 1176/584/1175
f 1157/43/1156 1154/39/1153 1177/63/1176
f 1154/39/1153 1179/84/1178 1177/63/1176
f 1154/39/1153 1158/577/1157 1179/84/1178
f 1177/63/1176 1155/39/1154 1157/43/1156
f 1177/63/1176 1179/84/1178 1201/585/1200
f 1160/586/1159 1163/587/1162 1182/63/1181
f 1163/587/1162 1183/588/1182 1180/589/1179
f 1165/581/1164 1183/588/1182 1163/587/1162
f 1185/590/1184 1186/591/1185 1169/580/1168
f 1188/592/1187 1189/593/1188 1172/38/1171
f 1171/38/1170 1174/583/1173 1188/592/1187
f 1190/594/1189 1188/592/1187 1174/583/1173
f 1191/595/1190 1188/592/1187 1190/594/1189
f 1190/594/1189 1174/583/1173 1176/584/1175
f 1194/596/1193 1190/594/1189 1176/584/1175
f 1177/63/1176 1201/585/1200 1198/597/1197
f 1176/584/1175 1178/39/1177 1198/597/1197
f 1199/598/1198 1176/584/1175 1240/599/1239
f 1200/600/1199 1201/585/1200 1179/84/1178
f 1202/16/1201 1201/585/1200 1200/600/1199
f 1187/27/1186 1205/31/1204 1184/601/1183
f 1187/27/1186 1826/16/1825 1205/31/1204
f 1205/31/1204 1203/47/1202 1184/601/1183
f 1206/31/1205 1260/602/1259 1205/31/1204
f 1213/169/1212 1191/595/1190 1196/169/1195
f 1210/603/1209 1193/604/1192 1191/595/1190
f 1210/603/1209 1211/605/1210 1193/604/1192
f 1212/606/1211 1197/607/1196 1195/608/1194
f 1197/607/1196 1213/169/1212 1196/169/1195
f 1216/14/1215 1214/1/1213 1212/606/1211
f 1220/1/1219 1219/1/1218 1218/609/1217
f 1215/1/1214 1208/1/1207 1213/169/1212
f 1217/1/1216 1222/3/1221 1215/1/1214
f 1224/1/1223 1222/3/1221 1217/1/1216
f 1219/1/1218 1224/1/1223 1217/1/1216
f 1227/1/1226 1223/1/1222 1224/1/1223
f 1228/1/1227 1224/1/1223 1219/1/1218
f 1239/1/1238 1227/1/1226 1228/1/1227
f 1239/1/1238 1228/1/1227 1229/1/1228
f 1245/610/1244 1230/2/1229 1194/596/1193
f 1233/1/1232 1216/14/1215 1230/2/1229
f 1233/1/1232 1234/1/1233 1216/14/1215
f 1247/1/1246 1234/1/1233 1233/1/1232
f 1234/1/1233 1247/1/1246 1221/1/1220
f 1234/1/1233 1218/609/1217 1216/14/1215
f 1234/1/1233 1221/1/1220 1218/609/1217
f 1236/1/1235 1235/1/1234 1221/1/1220
f 1237/1/1236 1235/1/1234 1238/1/1237
f 1241/611/1240 1240/599/1239 1198/597/1197
f 1243/612/1242 1199/598/1198 1240/599/1239
f 1249/1/1248 1236/1/1235 1248/1/1247
f 1250/153/1249 1251/1/1250 1236/1/1235
f 1250/153/1249 1236/1/1235 1249/1/1248
f 1198/597/1197 1201/585/1200 1202/16/1201
f 1252/31/1251 1241/611/1240 1198/597/1197
f 1253/613/1252 1255/614/1254 1244/615/1243
f 1254/616/1253 1243/612/1242 1240/599/1239
f 1264/617/1263 1243/612/1242 1254/616/1253
f 1264/617/1263 1253/613/1252 1243/612/1242
f 1256/27/1255 1255/614/1254 1253/613/1252
f 1258/1/1257 1249/1/1248 1257/618/1256
f 1265/619/1264 1258/1/1257 1257/618/1256
f 1259/1/1258 1250/153/1249 1249/1/1248
f 1261/27/1260 1263/16/1262 1254/616/1253
f 1263/16/1262 1264/617/1263 1254/616/1253
f 1267/1/1266 1258/1/1257 1266/620/1265
f 1269/16/1268 1261/27/1260 1268/31/1267
f 1271/621/1270 1265/619/1264 1256/27/1255
f 1261/27/1260 1271/621/1270 1256/27/1255
f 1271/621/1270 1261/27/1260 1270/16/1269
f 1272/622/1271 1267/1/1266 1266/620/1265
f 1273/31/1272 1268/31/1267 1207/27/1206
f 1272/622/1271 1266/620/1265 1275/623/1274
f 1276/624/1275 1272/622/1271 1275/623/1274
f 1924/625/1923 1277/626/1276 1276/624/1275
f 1279/1/1278 1238/1/1237 1281/1/1280
f 1281/1/1280 1238/1/1237 1251/1/1250
f 1280/2/1279 1281/1/1280 1251/1/1250
f 1283/1/1282 1280/2/1279 1282/1/1281
f 1282/1/1281 1259/1/1258 1267/1/1266
f 1288/1/1287 1284/153/1283 1272/622/1271
f 1288/1/1287 1285/1/1284 1284/153/1283
f 1289/1/1288 1285/1/1284 1288/1/1287
f 1292/627/1291 1293/1/1292 1288/1/1287
f 1294/1/1293 1289/1/1288 1288/1/1287
f 1293/1/1292 1295/1/1294 1294/1/1293
f 381/241/381 379/241/379 380/133/380
f 371/235/371 381/241/381 1298/628/1297
f 384/203/384 383/205/383 1300/203/1299
f 376/246/376 386/629/386 1303/630/1302
f 387/240/387 376/246/376 1304/248/1303
f 390/516/390 1308/631/1307 1055/514/1054
f 1309/632/1308 1297/133/1296 1102/531/1101
f 380/133/380 1297/133/1296 1313/633/1312
f 1314/634/1313 1298/628/1297 1313/633/1312
f 1299/212/1298 382/243/382 1314/634/1313
f 385/245/385 1310/203/1309 1302/635/1301
f 1305/636/1304 1304/248/1303 1311/637/1310
f 1308/631/1307 1306/638/1305 1307/639/1306
f 1312/640/1311 1308/631/1307 1331/641/1330
f 1302/635/1301 1310/203/1309 1318/203/1317
f 1303/630/1302 1302/635/1301 1319/642/1318
f 1320/643/1319 1303/630/1302 1319/642/1318
f 1311/637/1310 1303/630/1302 1320/643/1319
f 1331/641/1330 1307/639/1306 1322/644/1321
f 1332/645/1331 1309/632/1308 1102/531/1101
f 1313/633/1312 1324/646/1323 1325/647/1324
f 1315/648/1314 1325/647/1324 1326/203/1325
f 1317/245/1316 1334/649/1333 1327/227/1326
f 1335/650/1334 1327/227/1326 1334/649/1333
f 1335/650/1334 1318/203/1317 1327/227/1326
f 1319/642/1318 1318/203/1317 1335/650/1334
f 1319/642/1318 1335/650/1334 1328/651/1327
f 1319/642/1318 1328/651/1327 1320/643/1319
f 1330/214/1329 1320/643/1319 1329/214/1328
f 1321/652/1320 1320/643/1319 1330/214/1329
f 1323/653/1322 1331/641/1330 1347/196/1346
f 1332/645/1331 1102/531/1101 1117/563/1116
f 1324/646/1323 1309/632/1308 1332/645/1331
f 1326/203/1325 1325/647/1324 1338/654/1337
f 1317/245/1316 1333/227/1332 1334/649/1333
f 1328/651/1327 1335/650/1334 1342/655/1341
f 1343/214/1342 1328/651/1327 1342/655/1341
f 1322/644/1321 1330/214/1329 1345/656/1344
f 1322/644/1321 1345/656/1344 1346/657/1345
f 1332/645/1331 1117/563/1116 1337/186/1336
f 1351/658/1350 1333/227/1332 1339/659/1338
f 1334/649/1333 1333/227/1332 1340/660/1339
f 1334/649/1333 1340/660/1339 1341/661/1340
f 1357/662/1356 1347/196/1346 1346/657/1345
f 1337/186/1336 1133/564/1132 1348/663/1347
f 1133/564/1132 1150/566/1149 1348/663/1347
f 1337/186/1336 1350/664/1349 1349/665/1348
f 1351/658/1350 1339/659/1338 1349/665/1348
f 1342/655/1341 1341/661/1340 1354/666/1353
f 1355/667/1354 1342/655/1341 1354/666/1353
f 1344/668/1343 1343/214/1342 1355/667/1354
f 1368/669/1367 1344/668/1343 1355/667/1354
f 1344/668/1343 1368/669/1367 1370/670/1369
f 1345/656/1344 1370/670/1369 1356/671/1355
f 1346/657/1345 1345/656/1344 1356/671/1355
f 1173/672/1172 1348/663/1347 1150/566/1149
f 1173/672/1172 1359/673/1358 1348/663/1347
f 1349/665/1348 1350/664/1349 1359/673/1358
f 1359/673/1358 1352/674/1351 1349/665/1348
f 1352/674/1351 1361/675/1360 1349/665/1348
f 1340/660/1339 1351/658/1350 1361/675/1360
f 1363/190/1362 1340/660/1339 1361/675/1360
f 1364/676/1363 1361/675/1360 1362/677/1361
f 1363/190/1362 1361/675/1360 1364/676/1363
f 1367/678/1366 1354/666/1353 1366/679/1365
f 1355/667/1354 1354/666/1353 1368/669/1367
f 1368/669/1367 1354/666/1353 1367/678/1366
f 1370/670/1369 1369/680/1368 1356/671/1355
f 1357/662/1356 1356/671/1355 1378/681/1377
f 1358/682/1357 1357/662/1356 1378/681/1377
f 1360/683/1359 1359/673/1358 1173/672/1172
f 1189/593/1188 1360/683/1359 1173/672/1172
f 1362/677/1361 1359/673/1358 1360/683/1359
f 1372/684/1371 1364/676/1363 1362/677/1361
f 1373/685/1372 1365/686/1364 1364/676/1363
f 1367/678/1366 1365/686/1364 1374/687/1373
f 1374/687/1373 1375/688/1374 1367/678/1366
f 1378/681/1377 1377/689/1376 1391/690/1390
f 1380/691/1379 1360/683/1359 1189/593/1188
f 1381/692/1380 1372/684/1371 1360/683/1359
f 1380/691/1379 1193/604/1192 1382/693/1381
f 1383/694/1382 1381/692/1380 1380/691/1379
f 1385/146/1384 1365/686/1364 1384/695/1383
f 1384/695/1383 1381/692/1380 1402/696/1401
f 1374/687/1373 1365/686/1364 1385/146/1384
f 1388/697/1387 1384/695/1383 1402/696/1401
f 1420/698/1419 1389/699/1388 1388/697/1387
f 1376/700/1375 1374/687/1373 1390/701/1389
f 1392/165/1391 1389/699/1388 1420/698/1419
f 1391/690/1390 1389/699/1388 1392/165/1391
f 1395/1/1394 1394/2/1393 1239/1/1238
f 1383/694/1382 1398/702/1397 1399/146/1398
f 1394/2/1393 1401/703/1400 1398/702/1397
f 1401/703/1400 1399/146/1398 1398/702/1397
f 1400/704/1399 1394/2/1393 1395/1/1394
f 1399/146/1398 1402/696/1401 1383/694/1382
f 1413/705/1412 1403/706/1402 1402/696/1401
f 1409/707/1408 1412/708/1411 1399/146/1398
f 1407/1/1406 1281/1/1280 1283/1/1282
f 1415/169/1414 1416/1/1415 1406/1/1405
f 1415/169/1414 1417/1/1416 1416/1/1415
f 1413/705/1412 1412/708/1411 1419/1/1418
f 1418/1/1417 1419/1/1418 1411/1/1410
f 1403/706/1402 1413/705/1412 1420/698/1419
f 1286/1/1285 1414/1/1413 1283/1/1282
f 1421/1/1420 1422/1/1421 1286/1/1285
f 1427/709/1426 1413/705/1412 1419/1/1418
f 1294/1/1293 1423/14/1422 1289/1/1288
f 1429/1/1428 1424/1/1423 1423/14/1422
f 1428/710/1427 1413/705/1412 1427/709/1426
f 1937/711/1936 1430/1/1429 1296/1/1295
f 1435/164/1434 1431/712/1430 1434/713/1433
f 1433/165/1432 1427/709/1426 1435/164/1434
f 2049/183/2048 1428/710/1427 1433/165/1432
f 834/426/833 398/714/398 1442/715/1441
f 1444/716/1443 1437/717/1436 1438/271/1437
f 412/718/412 1438/271/1437 410/273/410
f 1440/719/1439 1438/271/1437 414/274/414
f 1625/720/1624 1442/715/1441 1443/721/1442
f 1436/722/1435 1443/721/1442 1442/715/1441
f 1437/717/1436 1443/721/1442 1436/722/1435
f 1445/723/1444 1440/719/1439 1439/724/1438
f 1627/725/1626 1625/720/1624 1443/721/1442
f 1453/726/1452 1452/727/1451 1447/258/1446
f 1445/723/1444 1449/728/1448 1448/253/1447
f 1453/726/1452 1627/725/1626 1452/727/1451
f 1447/258/1446 1685/729/1684 1453/726/1452
f 1685/729/1684 1447/258/1446 1449/728/1448
f 889/143/888 891/445/890 1454/445/1453
f 1454/445/1453 235/141/235 889/143/888
f 1554/730/1553 894/445/893 895/400/894
f 1490/731/1489 1554/730/1553 895/400/894
f 1457/400/1456 896/400/895 833/400/832
f 1457/400/1456 1456/400/1455 896/400/895
f 1459/732/1458 1456/400/1455 1457/400/1456
f 899/363/898 900/371/899 1463/363/1462
f 1464/371/1463 1463/363/1462 900/371/899
f 899/363/898 1463/363/1462 1505/733/1504
f 1465/392/1464 842/371/841 902/392/901
f 903/392/902 1465/392/1464 902/392/901
f 1465/392/1464 904/371/903 842/371/841
f 903/392/902 1497/392/1496 1465/392/1464
f 1509/363/1508 903/392/902 850/363/849
f 1466/363/1465 1508/392/1507 1509/363/1508
f 1466/363/1465 906/371/905 907/371/906
f 1466/363/1465 907/371/906 1513/392/1512
f 1468/371/1467 855/363/854 908/363/907
f 855/363/854 1468/371/1467 909/363/908
f 1468/371/1467 1467/392/1466 909/363/908
f 1467/392/1466 907/371/906 909/363/908
f 1470/363/1469 1468/371/1467 908/363/907
f 1470/363/1469 1472/363/1471 1468/371/1467
f 1523/428/1522 1477/428/1476 1473/428/1472
f 1471/363/1470 1469/371/1468 1474/734/1473
f 1475/735/1474 1471/363/1470 1479/736/1478
f 1477/428/1476 1476/428/1475 915/428/914
f 917/428/916 1474/734/1473 911/448/910
f 1478/428/1477 1474/734/1473 917/428/916
f 919/428/918 1476/428/1475 920/428/919
f 1531/428/1530 920/428/919 1476/428/1475
f 1480/428/1479 920/428/919 1531/428/1530
f 917/428/916 922/428/921 1485/428/1484
f 1484/428/1483 1486/428/1485 1482/428/1481
f 1481/424/1480 917/428/916 1485/428/1484
f 1940/737/1939 929/428/928 1486/428/1485
f 891/445/890 1487/400/1486 1454/445/1453
f 1487/400/1486 1089/541/1088 1454/445/1453
f 1554/730/1553 892/400/891 894/445/893
f 1554/730/1553 1455/738/1454 892/400/891
f 1581/739/1580 1582/740/1581 1565/316/1564
f 1495/741/1494 1460/742/1459 1461/274/1460
f 1506/743/1505 1588/744/1587 1495/741/1494
f 1498/392/1497 1497/392/1496 1496/745/1495
f 1497/392/1496 1501/363/1500 1496/745/1495
f 904/371/903 1500/371/1499 901/371/900
f 1501/363/1500 1500/371/1499 1496/745/1495
f 1520/746/1519 1502/428/1501 1601/747/1600
f 1503/428/1502 1581/739/1580 1492/748/1491
f 1502/428/1501 1493/749/1492 1601/747/1600
f 1466/363/1465 1510/363/1509 1508/392/1507
f 1512/371/1511 1501/363/1500 1497/392/1496
f 1514/392/1513 1510/363/1509 1466/363/1465
f 1515/392/1514 1517/363/1516 1514/392/1513
f 1472/363/1471 1515/392/1514 1468/371/1467
f 1472/363/1471 1516/371/1515 1515/392/1514
f 1522/428/1521 1521/428/1520 1502/428/1501
f 1524/428/1523 1523/428/1522 1473/428/1472
f 1524/428/1523 1583/750/1582 1494/428/1493
f 1526/751/1525 1471/363/1470 1475/735/1474
f 1518/363/1517 1471/363/1470 1526/751/1525
f 1528/371/1527 1518/363/1517 1526/751/1525
f 1606/363/1605 1518/363/1517 1528/371/1527
f 1530/752/1529 1540/428/1539 1520/746/1519
f 1522/428/1521 1520/746/1519 1540/428/1539
f 1532/428/1531 1531/428/1530 1477/428/1476
f 1522/428/1521 1531/428/1530 1521/428/1520
f 1532/428/1531 1477/428/1476 1523/428/1522
f 1533/428/1532 1534/428/1533 1479/736/1478
f 1534/428/1533 1526/751/1525 1475/735/1474
f 1529/753/1528 1534/428/1533 1535/754/1534
f 1529/753/1528 1527/755/1526 1534/428/1533
f 1538/756/1537 1529/753/1528 1535/754/1534
f 1615/757/1614 1541/428/1540 1611/758/1610
f 1539/428/1538 1541/428/1540 1615/757/1614
f 1541/428/1540 1540/428/1539 1530/752/1529
f 1531/428/1530 1522/428/1521 1542/428/1541
f 1481/424/1480 1543/424/1542 1478/428/1477
f 1544/759/1543 1538/756/1537 1543/424/1542
f 1548/428/1547 1484/428/1483 1483/428/1482
f 1549/760/1548 1544/759/1543 1543/424/1542
f 1550/761/1549 1539/428/1538 1545/762/1544
f 1488/763/1487 1551/764/1550 1487/400/1486
f 1552/765/1551 1487/400/1486 1551/764/1550
f 1553/766/1552 1620/767/1619 1488/763/1487
f 1455/738/1454 1619/768/1618 1553/766/1552
f 1490/731/1489 1459/732/1458 1556/769/1555
f 1458/770/1457 1442/715/1441 1491/771/1490
f 1561/316/1560 1560/316/1559 1563/349/1562
f 1559/316/1558 1562/316/1561 1633/316/1632
f 1564/349/1563 1561/316/1560 1644/316/1643
f 1566/354/1565 1565/316/1564 1562/316/1561
f 1567/316/1566 1639/316/1638 1562/316/1561
f 1568/316/1567 1560/316/1559 1561/316/1560
f 1569/354/1568 1568/316/1567 1561/316/1560
f 1569/354/1568 1561/316/1560 1570/316/1569
f 1571/316/1570 1587/316/1586 1572/316/1571
f 1587/316/1586 1573/316/1572 1572/316/1571
f 1579/349/1578 1578/772/1577 1580/316/1579
f 1579/349/1578 1664/316/1663 1577/773/1576
f 1579/349/1578 1577/773/1576 1578/772/1577
f 1580/316/1579 1493/749/1492 1492/748/1491
f 1569/354/1568 1580/316/1579 1568/316/1567
f 1566/354/1565 1492/748/1491 1581/739/1580
f 1571/316/1570 1565/316/1564 1582/740/1581
f 1585/774/1584 1586/775/1585 1504/776/1503
f 1587/316/1586 1571/316/1570 1584/777/1583
f 1589/778/1588 1506/743/1505 1507/392/1506
f 1658/779/1657 1589/778/1588 1507/392/1506
f 1658/779/1657 1507/392/1506 1590/780/1589
f 901/371/900 1590/780/1589 1464/371/1463
f 1593/392/1592 1590/780/1589 901/371/900
f 1592/781/1591 1590/780/1589 1593/392/1592
f 1591/363/1590 1660/782/1659 1575/783/1574
f 1501/363/1500 1660/782/1659 1591/363/1590
f 1512/371/1511 1669/392/1668 1595/363/1594
f 1603/392/1602 1667/784/1666 1602/392/1601
f 1668/392/1667 1604/392/1603 1596/392/1595
f 1578/772/1577 1577/773/1576 1598/785/1597
f 1602/392/1601 1512/371/1511 1511/371/1510
f 1603/392/1602 1602/392/1601 1510/363/1509
f 1604/392/1603 1603/392/1602 1514/392/1513
f 1605/371/1604 1519/363/1518 1518/363/1517
f 1616/363/1615 1610/371/1609 1608/363/1607
f 1608/363/1607 1599/786/1598 1674/371/1673
f 1607/363/1606 1608/363/1607 1674/371/1673
f 1610/371/1609 1601/747/1600 1597/363/1596
f 1611/758/1610 1609/787/1608 1610/371/1609
f 1608/363/1607 1597/363/1596 1599/786/1598
f 1529/753/1528 1612/363/1611 1528/371/1527
f 1612/363/1611 1606/363/1605 1528/371/1527
f 1606/363/1605 1607/363/1606 1605/371/1604
f 1612/363/1611 1614/363/1613 1606/363/1605
f 1614/363/1613 1612/363/1611 1537/788/1536
f 1606/363/1605 1616/363/1615 1607/363/1606
f 1615/757/1614 1611/758/1610 1616/363/1615
f 1616/363/1615 1606/363/1605 1614/363/1613
f 1616/363/1615 1608/363/1607 1607/363/1606
f 1530/752/1529 1520/746/1519 1609/787/1608
f 1611/758/1610 1530/752/1529 1609/787/1608
f 1529/753/1528 1613/371/1612 1612/363/1611
f 1537/788/1536 1613/371/1612 1538/756/1537
f 1537/788/1536 1612/363/1611 1613/371/1612
f 1551/764/1550 1130/71/1129 1552/765/1551
f 1620/767/1619 1618/73/1617 1488/763/1487
f 1488/763/1487 1618/73/1617 1551/764/1550
f 1622/789/1621 1623/329/1622 1624/790/1623
f 1455/738/1454 1554/730/1553 1624/790/1623
f 1624/790/1623 1677/791/1676 1619/768/1618
f 1622/789/1621 1555/792/1554 1557/793/1556
f 1626/251/1625 1557/793/1556 1628/794/1627
f 1625/720/1624 1682/251/1681 1628/794/1627
f 1631/316/1630 1630/354/1629 1632/316/1631
f 1633/316/1632 1635/316/1634 1634/316/1633
f 1630/354/1629 1635/316/1634 1637/316/1636
f 1639/316/1638 1629/316/1628 1636/316/1635
f 1632/316/1631 1637/316/1636 1698/316/1697
f 1638/316/1637 1640/316/1639 1639/316/1638
f 1638/316/1637 1641/316/1640 1640/316/1639
f 1640/316/1639 1629/316/1628 1639/316/1638
f 1642/316/1641 1644/316/1643 1645/316/1644
f 1644/316/1643 1643/316/1642 1647/316/1646
f 1567/316/1566 1638/316/1637 1639/316/1638
f 1649/316/1648 1641/316/1640 1648/316/1647
f 1657/795/1656 1712/796/1711 1704/797/1703
f 1661/371/1660 1716/798/1715 1662/799/1661
f 1651/316/1650 1564/349/1563 1646/316/1645
f 1666/800/1665 1652/316/1651 1653/316/1652
f 1666/800/1665 1651/316/1650 1652/316/1651
f 1654/316/1653 1573/316/1572 1587/316/1586
f 1655/316/1654 1648/316/1647 1573/316/1572
f 1654/316/1653 1721/349/1720 1655/316/1654
f 1574/801/1573 1657/795/1656 1704/797/1703
f 1656/802/1655 1588/744/1587 1589/778/1588
f 1589/778/1588 1715/291/1714 1656/802/1655
f 1592/781/1591 1594/803/1593 1658/779/1657
f 1658/779/1657 1594/803/1593 1659/804/1658
f 1576/805/1575 1594/803/1593 1575/783/1574
f 1661/371/1660 1662/799/1661 1576/805/1575
f 1664/316/1663 1600/806/1599 1577/773/1576
f 1664/316/1663 1728/316/1727 1600/806/1599
f 1600/806/1599 1728/316/1727 1673/807/1672
f 1666/800/1665 1579/349/1578 1569/354/1568
f 1579/349/1578 1665/316/1664 1664/316/1663
f 1654/316/1653 1587/316/1586 1586/775/1585
f 1603/392/1602 1668/392/1667 1667/784/1666
f 1668/392/1667 1722/363/1721 1667/784/1666
f 1722/363/1721 1595/363/1594 1669/392/1668
f 1668/392/1667 1596/392/1595 1723/808/1722
f 1672/809/1671 1674/371/1673 1599/786/1598
f 1677/791/1676 1678/71/1677 1621/810/1620
f 1626/251/1625 1623/329/1622 1622/789/1621
f 1627/725/1626 1684/811/1683 1682/251/1681
f 1685/729/1684 1684/811/1683 1453/726/1452
f 1687/316/1686 1689/316/1688 1698/316/1697
f 1690/316/1689 1688/316/1687 1687/316/1686
f 1691/316/1690 1692/354/1691 1690/316/1689
f 1692/354/1691 1688/316/1687 1690/316/1689
f 1692/354/1691 1693/316/1692 1688/316/1687
f 1636/316/1635 1698/316/1697 1637/316/1636
f 1696/349/1695 1698/316/1697 1689/316/1688
f 1696/349/1695 1699/316/1698 1697/316/1696
f 1700/316/1699 1691/316/1690 1640/316/1639
f 1701/316/1700 1700/316/1699 1649/316/1648
f 1702/316/1701 1701/316/1700 1649/316/1648
f 1449/728/1448 1695/812/1694 1685/729/1684
f 1705/291/1704 1703/813/1702 1704/797/1703
f 1708/814/1707 1707/291/1706 1717/815/1716
f 1643/316/1642 1709/316/1708 1647/316/1646
f 1712/796/1711 1705/291/1704 1704/797/1703
f 1657/795/1656 1713/816/1712 1712/796/1711
f 1713/816/1712 1706/817/1705 1755/291/1754
f 1714/292/1713 1713/816/1712 1656/802/1655
f 1715/291/1714 1716/798/1715 1714/292/1713
f 1653/316/1652 1652/316/1651 1720/316/1719
f 1647/316/1646 1710/316/1709 1719/316/1718
f 1654/316/1653 1762/818/1761 1721/349/1720
f 1724/819/1723 1723/808/1722 1671/820/1670
f 1726/821/1725 1727/316/1726 1771/822/1770
f 1727/316/1726 1673/807/1672 1728/316/1727
f 1665/316/1664 1729/316/1728 1730/349/1729
f 1149/73/1148 1675/69/1674 1167/69/1166
f 1732/71/1731 1734/823/1733 1733/73/1732
f 1738/251/1737 1736/329/1735 1680/330/1679
f 1681/330/1680 1738/251/1737 1680/330/1679
f 1737/329/1736 1739/329/1738 1681/330/1680
f 1684/811/1683 1683/329/1682 1682/251/1681
f 1685/729/1684 1686/824/1685 1740/329/1739
f 1779/825/1778 1740/329/1739 1686/824/1685
f 1688/316/1687 1741/316/1740 1687/316/1686
f 1694/316/1693 1693/316/1692 1692/354/1691
f 1693/316/1692 1744/316/1743 1688/316/1687
f 1741/316/1740 1744/316/1743 1743/316/1742
f 1785/292/1784 1746/826/1745 1705/291/1704
f 1785/292/1784 1782/827/1781 1746/826/1745
f 1705/291/1704 1787/292/1786 1785/292/1784
f 1755/291/1754 1789/292/1788 1787/292/1786
f 1748/291/1747 1790/292/1789 1757/291/1756
f 1699/316/1698 1742/316/1741 1750/316/1749
f 1711/828/1710 1754/829/1753 1753/316/1752
f 1752/830/1751 1753/316/1752 1754/829/1753
f 1706/817/1705 1789/292/1788 1755/291/1754
f 1748/291/1747 1757/291/1756 1707/291/1706
f 1758/291/1757 1748/291/1747 1707/291/1706
f 1759/316/1758 1710/316/1709 1749/316/1748
f 1749/316/1748 1750/316/1749 1760/316/1759
f 1761/349/1760 1759/316/1758 1807/316/1806
f 1762/818/1761 1711/828/1710 1650/316/1649
f 1803/292/1802 1718/831/1717 1763/832/1762
f 1771/822/1770 1766/292/1765 1770/833/1769
f 1768/316/1767 1772/316/1771 1730/349/1729
f 1720/316/1719 1719/316/1718 1759/316/1758
f 1759/316/1758 1761/349/1760 1720/316/1719
f 1726/821/1725 1770/833/1769 1725/834/1724
f 1771/822/1770 1770/833/1769 1726/821/1725
f 1727/316/1726 1767/835/1766 1771/822/1770
f 1819/316/1818 1767/835/1766 1727/316/1726
f 1727/316/1726 1772/316/1771 1819/316/1818
f 1734/823/1733 1169/580/1168 1168/73/1167
f 1773/836/1772 1170/837/1169 1734/823/1733
f 1170/837/1169 1775/838/1774 1774/839/1773
f 1170/837/1169 1774/839/1773 1185/590/1184
f 1736/329/1735 1775/838/1774 1773/836/1772
f 1776/251/1775 1774/839/1773 1775/838/1774
f 1777/840/1776 1823/841/1822 1776/251/1775
f 1738/251/1737 1775/838/1774 1736/329/1735
f 1739/329/1738 1776/251/1775 1738/251/1737
f 1778/842/1777 1777/840/1776 1739/329/1738
f 1779/825/1778 1778/842/1777 1740/329/1739
f 1779/825/1778 1831/843/1830 1780/844/1779
f 1783/291/1782 1831/843/1830 1785/292/1784
f 1785/292/1784 1831/843/1830 1782/827/1781
f 1785/292/1784 1786/291/1785 1783/291/1782
f 1787/292/1786 1786/291/1785 1785/292/1784
f 1791/294/1790 1747/291/1746 1790/292/1789
f 1794/291/1793 1790/292/1789 1748/291/1747
f 1750/316/1749 1751/316/1750 1796/316/1795
f 1798/845/1797 1745/316/1744 1752/830/1751
f 1752/830/1751 1799/846/1798 1798/845/1797
f 1754/829/1753 1801/847/1800 1752/830/1751
f 1801/847/1800 1802/848/1801 1799/846/1798
f 1802/848/1801 1851/849/1850 1797/316/1796
f 1802/848/1801 1797/316/1796 1799/846/1798
f 1793/291/1792 1748/291/1747 1758/291/1757
f 1807/316/1806 1760/316/1759 1750/316/1749
f 1807/316/1806 1796/316/1795 1850/316/1849
f 1761/349/1760 1807/316/1806 1850/316/1849
f 1808/850/1807 1801/847/1800 1800/851/1799
f 1854/852/1853 1801/847/1800 1808/850/1807
f 1771/822/1770 1813/291/1812 1766/292/1765
f 1766/292/1765 1810/294/1809 1809/294/1808
f 1815/294/1814 1814/294/1813 1813/291/1812
f 1814/294/1813 1812/294/1811 1810/294/1809
f 1767/835/1766 1815/294/1814 1765/853/1764
f 1767/835/1766 1820/854/1819 1816/855/1815
f 1720/316/1719 1822/316/1821 1768/316/1767
f 1821/316/1820 1768/316/1767 1822/316/1821
f 1761/349/1760 1822/316/1821 1720/316/1719
f 1823/841/1822 1185/590/1184 1774/839/1773
f 1827/856/1826 1825/857/1824 1824/858/1823
f 1829/16/1828 1825/857/1824 1828/859/1827
f 1828/859/1827 1825/857/1824 1780/844/1779
f 1831/843/1830 1828/859/1827 1780/844/1779
f 1830/860/1829 1828/859/1827 1831/843/1830
f 1834/861/1833 1886/27/1885 1833/862/1832
f 1835/294/1834 1832/863/1831 1784/292/1783
f 1890/294/1889 1885/864/1884 1834/861/1833
f 1838/292/1837 1835/294/1834 1788/294/1787
f 1838/292/1837 1839/294/1838 1835/294/1834
f 1839/294/1838 1836/292/1835 1835/294/1834
f 1792/291/1791 1837/292/1836 1787/292/1786
f 1841/292/1840 1840/292/1839 1794/291/1793
f 1849/865/1848 1850/316/1849 1852/866/1851
f 1853/867/1852 1851/849/1850 1802/848/1801
f 1901/868/1900 1851/849/1850 1853/867/1852
f 1854/852/1853 1853/867/1852 1801/847/1800
f 1854/852/1853 1855/336/1854 1901/868/1900
f 1854/852/1853 1901/868/1900 1853/867/1852
f 1841/292/1840 1804/294/1803 1811/294/1810
f 1805/292/1804 1841/292/1840 1811/294/1810
f 1841/292/1840 1794/291/1793 1804/294/1803
f 1805/292/1804 1842/294/1841 1841/292/1840
f 1812/294/1811 1856/294/1855 1842/294/1841
f 1856/294/1855 1843/294/1842 1842/294/1841
f 1859/292/1858 1905/292/1904 1856/294/1855
f 1867/292/1866 1858/294/1857 1818/291/1817
f 1867/292/1866 1868/869/1867 1911/870/1910
f 1816/855/1815 1874/871/1873 1865/294/1864
f 1865/294/1864 1872/872/1871 1870/873/1869
f 1872/872/1871 1874/871/1873 1846/277/1845
f 1875/874/1874 1855/336/1854 1854/852/1853
f 1876/291/1875 1857/291/1856 1814/294/1813
f 1858/294/1857 1860/291/1859 1876/291/1875
f 1206/31/1205 1205/31/1204 1826/16/1825
f 1878/16/1877 1879/16/1878 1206/31/1205
f 1206/31/1205 1879/16/1878 1207/27/1206
f 1878/16/1877 1206/31/1205 1829/16/1828
f 1880/31/1879 1922/875/1921 1879/16/1878
f 1828/859/1827 1878/16/1877 1829/16/1828
f 1830/860/1829 1882/876/1881 1828/859/1827
f 1830/860/1829 1833/862/1832 1882/876/1881
f 1882/876/1881 1880/31/1879 1878/16/1877
f 1885/864/1884 1886/27/1885 1834/861/1833
f 1885/864/1884 1887/877/1886 1886/27/1885
f 1887/877/1886 1884/878/1883 1883/16/1882
f 1889/879/1888 1931/277/1930 1884/878/1883
f 1891/291/1890 1887/877/1886 1885/864/1884
f 1892/291/1891 1888/880/1887 1887/877/1886
f 1889/879/1888 1888/880/1887 1893/881/1892
f 1894/277/1893 1899/882/1898 1931/277/1930
f 1893/881/1892 1891/291/1890 1896/292/1895
f 1893/881/1892 1896/292/1895 1897/291/1896
f 1897/291/1896 1898/883/1897 1893/881/1892
f 1898/883/1897 1889/879/1888 1893/881/1892
f 1900/277/1899 1920/277/1919 1895/277/1894
f 1901/868/1900 1920/277/1919 1852/866/1851
f 1901/868/1900 1902/277/1901 1920/277/1919
f 1902/277/1901 1934/884/1933 1895/277/1894
f 1903/885/1902 1902/277/1901 1901/868/1900
f 1897/291/1896 1896/292/1895 1843/294/1842
f 1906/294/1905 1898/883/1897 1897/291/1896
f 1907/294/1906 1909/886/1908 1898/883/1897
f 1914/887/1913 1909/886/1908 1921/292/1920
f 1908/291/1907 1913/888/1912 1912/889/1911
f 1874/871/1873 1919/890/1918 1900/277/1899
f 1907/294/1906 1905/292/1904 1859/292/1858
f 1907/294/1906 1921/292/1920 1909/886/1908
f 1925/277/1924 1291/891/1290 1290/892/1289
f 1881/27/1880 1923/893/1922 1922/875/1921
f 1928/277/1927 1936/894/1935 1927/277/1926
f 1884/878/1883 1923/893/1922 1881/27/1880
f 1928/277/1927 1927/277/1926 1926/895/1925
f 1930/278/1929 1929/277/1928 1928/277/1927
f 1938/896/1937 1929/277/1928 1933/277/1932
f 1938/896/1937 1936/894/1935 1929/277/1928
f 1931/277/1930 1928/277/1927 1926/895/1925
f 1934/884/1933 1930/278/1929 1928/277/1927
f 1933/277/1932 1929/277/1928 1932/897/1931
f 1895/277/1894 1934/884/1933 1928/277/1927
f 1935/277/1934 1934/884/1933 1902/277/1901
f 1937/711/1936 1292/627/1291 1291/891/1290
f 1936/894/1935 1937/711/1936 1291/891/1290
f 1939/428/1938 1543/424/1542 1485/428/1484
f 1486/428/1485 1548/428/1547 1941/429/1940
f 939/428/938 929/428/928 1940/737/1939
f 1942/428/1941 1485/428/1484 942/428/941
f 1944/428/1943 939/428/938 1940/737/1939
f 1942/428/1941 942/428/941 946/424/945
f 1945/424/1944 947/428/946 939/428/938
f 1945/424/1944 939/428/938 1944/428/1943
f 1946/428/1945 1942/428/1941 946/424/945
f 1963/429/1962 1943/428/1942 1948/428/1947
f 1969/428/1968 1956/429/1955 1966/428/1965
f 1952/428/1951 1948/428/1947 1951/428/1950
f 1963/429/1962 1948/428/1947 1952/428/1951
f 1954/428/1953 1953/428/1952 1950/428/1949
f 1956/429/1955 1969/428/1968 1955/428/1954
f 1953/428/1952 950/428/949 1950/428/1949
f 1954/428/1953 1950/428/1949 1949/428/1948
f 1959/898/1958 1956/429/1955 1955/428/1954
f 964/428/963 1951/428/1950 956/428/955
f 1958/428/1957 1953/428/1952 1954/428/1953
f 1958/428/1957 1959/898/1958 1957/428/1956
f 1939/428/1938 1549/760/1548 1543/424/1542
f 1939/428/1938 1960/428/1959 1549/760/1548
f 1960/428/1959 1550/761/1549 1549/760/1548
f 1943/428/1942 1960/428/1959 1939/428/1938
f 1962/428/1961 1961/429/1960 1550/761/1549
f 1944/428/1943 1940/737/1939 1941/429/1940
f 1963/429/1962 1960/428/1959 1943/428/1942
f 1968/428/1967 1966/428/1965 1964/428/1963
f 1969/428/1968 1968/428/1967 1962/428/1961
f 1966/428/1965 1968/428/1967 1969/428/1968
f 1056/518/1055 1044/508/1043 1971/899/1970
f 1057/519/1056 1979/900/1978 1972/901/1971
f 1973/902/1972 1057/519/1056 1972/901/1971
f 1058/520/1057 1057/519/1056 1973/902/1972
f 1976/494/1975 1060/494/1059 1975/494/1974
f 1041/506/1040 1981/903/1980 1064/904/1063
f 1052/494/1051 1982/481/1981 1041/506/1040
f 1982/481/1981 1981/903/1980 1041/506/1040
f 1982/481/1981 1052/494/1051 1061/495/1060
f 1985/495/1984 1061/495/1060 1060/494/1059
f 1063/513/1062 1473/428/1472 1062/428/1061
f 1062/428/1061 1473/428/1472 915/428/914
f 1971/899/1970 1970/517/1969 1055/514/1054
f 1974/481/1973 1058/520/1057 1973/902/1972
f 1974/481/1973 1973/902/1972 1994/495/1993
f 1984/494/1983 1985/495/1984 1060/494/1059
f 1981/903/1980 1987/905/1986 1064/904/1063
f 1981/903/1980 1982/481/1981 1983/495/1982
f 1984/494/1983 1982/481/1981 1985/495/1984
f 1473/428/1472 1977/906/1976 1986/907/1985
f 1987/905/1986 1988/908/1987 1977/906/1976
f 1988/908/1987 1996/909/1995 1986/907/1985
f 1972/901/1971 1979/900/1978 1993/910/1992
f 1972/901/1971 1980/911/1979 1973/902/1972
f 1984/494/1983 1995/494/1994 2004/495/2003
f 1995/494/1994 1984/494/1983 1976/494/1975
f 1996/909/1995 1504/776/1503 1525/428/1524
f 1996/909/1995 1585/774/1584 1504/776/1503
f 2003/912/2002 1585/774/1584 1996/909/1995
f 1988/908/1987 1998/913/1997 1996/909/1995
f 1997/495/1996 1998/913/1997 1988/908/1987
f 1997/495/1996 1987/905/1986 1981/903/1980
f 1999/481/1998 1983/495/1982 1982/481/1981
f 1992/914/1991 1993/910/1992 2010/915/2009
f 1980/911/1979 2001/916/2000 2002/494/2001
f 2002/494/2001 1994/495/1993 1980/911/1979
f 1585/774/1584 2003/912/2002 1586/775/1585
f 2003/912/2002 1731/316/1730 1586/775/1585
f 2004/495/2003 1995/494/1994 2005/917/2004
f 1998/913/1997 2003/912/2002 1996/909/1995
f 2014/918/2013 2003/912/2002 1998/913/1997
f 1999/481/1998 2007/494/2006 1983/495/1982
f 2016/495/2015 1997/495/1996 2007/494/2006
f 2008/919/2007 1323/653/1322 1336/920/1335
f 2010/915/2009 2000/921/1999 2009/922/2008
f 2011/923/2010 2010/915/2009 2009/922/2008
f 2005/917/2004 2012/481/2011 2022/924/2021
f 2002/494/2001 2021/925/2020 2012/481/2011
f 2003/912/2002 2013/926/2012 1731/316/1730
f 2025/495/2024 2016/495/2015 2015/494/2014
f 2014/918/2013 1998/913/1997 2006/495/2005
f 2006/495/2005 2026/481/2025 2014/918/2013
f 2025/495/2024 2026/481/2025 2016/495/2015
f 2017/927/2016 2008/919/2007 1358/682/1357
f 2029/928/2028 2022/924/2021 2021/925/2020
f 1769/929/1768 2023/930/2022 1808/850/1807
f 2015/494/2014 2005/917/2004 2022/924/2021
f 2026/481/2025 2024/931/2023 2023/930/2022
f 2025/495/2024 2015/494/2014 2022/924/2021
f 2027/932/2026 2025/495/2024 2022/924/2021
f 2028/933/2027 2017/927/2016 1358/682/1357
f 2036/934/2035 2018/935/2017 2034/936/2033
f 2018/935/2017 2011/923/2010 2034/936/2033
f 2019/937/2018 2036/934/2035 2020/938/2019
f 2020/938/2019 2036/934/2035 2029/928/2028
f 2029/928/2028 2036/934/2035 2035/336/2034
f 2022/924/2021 2029/928/2028 2031/336/2030
f 2030/939/2029 1875/874/1874 2024/931/2023
f 2030/939/2029 2038/336/2037 1855/336/1854
f 2030/939/2029 2039/940/2038 2038/336/2037
f 2032/941/2031 2028/933/2027 1371/183/1370
f 2028/933/2027 2032/941/2031 2034/936/2033
f 2032/941/2031 2033/942/2032 2034/936/2033
f 2033/942/2032 2046/943/2045 2035/336/2034
f 2047/336/2046 1904/944/1903 1903/885/1902
f 2037/461/2036 2048/336/2047 2041/468/2040
f 2038/336/2037 2047/336/2046 1903/885/1902
f 2041/468/2040 2047/336/2046 2038/336/2037
f 2040/461/2039 2041/468/2040 2039/940/2038
f 2040/461/2039 2029/928/2028 2037/461/2036
f 2040/461/2039 2039/940/2038 2031/336/2030
f 2032/941/2031 1371/183/1370 2042/183/2041
f 2042/183/2041 1379/183/1378 1393/164/1392
f 2042/183/2041 2043/183/2042 2032/941/2031
f 2048/336/2047 2044/945/2043 2053/946/2052
f 2035/336/2034 2046/943/2045 2045/947/2044
f 2046/943/2045 2052/948/2051 2045/947/2044
f 2053/946/2052 1932/897/1931 1904/944/1903
f 2048/336/2047 2053/946/2052 2047/336/2046
f 2045/947/2044 2044/945/2043 2048/336/2047
f 2049/183/2048 1433/165/1432 2050/183/2049
f 2051/164/2050 2049/183/2048 2050/183/2049
f 2050/183/2049 1435/164/1434 2054/949/2053
f 2051/164/2050 2050/183/2049 2052/948/2051
f 2052/948/2051 2054/949/2053 2044/945/2043
f 2053/946/2052 1933/277/1932 1932/897/1931
f 1435/164/1434 1434/713/1433 2055/950/2054
f 2055/950/2054 1937/711/1936 1938/896/1937
f 2054/949/2053 1435/164/1434 2055/950/2054
f 1/1/1 3/1/3 2/1/2
f 3/1/3 63/1/63 52/1/52
f 6/1/6 63/1/63 3/1/3
f 7/1/7 74/1/74 4/1/4
f 9/1/9 7/1/7 6/1/6
f 4/1/4 63/1/63 6/1/6
f 10/1/10 80/29/80 74/1/74
f 11/1/11 10/1/10 7/1/7
f 14/1/14 13/1/13 11/1/11
f 9/1/9 11/1/11 7/1/7
f 13/1/13 82/4/82 11/1/11
f 266/951/266 14/1/14 12/1/12
f 17/7/17 91/6/91 15/1/15
f 19/1/19 16/1/16 14/1/14
f 279/163/279 18/1/18 278/1/278
f 22/1/22 21/3/21 23/9/23
f 93/41/93 20/8/20 21/3/21
f 28/952/28 25/1/25 26/10/26
f 28/952/28 26/10/26 97/40/97
f 29/1/29 31/1/31 32/2/32
f 31/1/31 25/1/25 32/2/32
f 21/3/21 32/2/32 27/1/27
f 32/2/32 28/952/28 27/1/27
f 25/1/25 31/1/31 30/1/30
f 27/1/27 93/41/93 21/3/21
f 27/1/27 28/952/28 97/40/97
f 34/169/34 29/1/29 38/1/38
f 35/1/35 29/1/29 34/169/34
f 36/1/36 37/1/37 35/1/35
f 22/1/22 39/1/39 21/3/21
f 34/169/34 41/1/41 35/1/35
f 35/1/35 41/1/41 33/1/33
f 24/1/24 40/1/40 43/1/43
f 42/1/42 40/1/40 24/1/24
f 43/1/43 34/169/34 38/1/38
f 38/1/38 22/1/22 24/1/24
f 45/953/45 57/954/57 44/955/44
f 46/1/46 47/1/47 51/1/51
f 48/1/48 26/10/26 30/1/30
f 48/1/48 60/15/60 49/1/49
f 97/40/97 26/10/26 44/955/44
f 49/1/49 44/955/44 26/10/26
f 50/1/50 51/1/51 37/1/37
f 31/1/31 51/1/51 30/1/30
f 52/1/52 37/1/37 36/1/36
f 50/1/50 37/1/37 52/1/52
f 54/1/54 2/1/2 33/1/33
f 72/22/72 100/26/100 56/23/56
f 56/23/56 100/26/100 57/954/57
f 57/954/57 100/26/100 99/42/99
f 45/953/45 55/24/55 57/954/57
f 58/14/58 45/953/45 60/15/60
f 59/1/59 60/15/60 47/1/47
f 63/1/63 61/1/61 50/1/50
f 63/1/63 50/1/50 52/1/52
f 68/25/68 65/13/65 100/26/100
f 71/18/71 73/20/73 70/19/70
f 56/23/56 73/20/73 72/22/72
f 67/21/67 68/25/68 72/22/72
f 70/19/70 58/14/58 59/1/59
f 62/1/62 61/1/61 70/19/70
f 69/17/69 70/19/70 61/1/61
f 4/1/4 61/1/61 63/1/63
f 74/1/74 61/1/61 4/1/4
f 75/31/75 65/13/65 68/25/68
f 77/27/77 67/21/67 76/27/76
f 76/27/76 67/21/67 73/20/73
f 79/28/79 61/1/61 74/1/74
f 85/27/85 68/25/68 67/21/67
f 78/16/78 69/17/69 81/27/81
f 81/27/81 77/27/77 78/16/78
f 86/30/86 69/17/69 79/28/79
f 82/4/82 80/29/80 10/1/10
f 83/27/83 109/16/109 75/31/75
f 84/31/84 83/27/83 85/27/85
f 87/32/87 81/27/81 86/30/86
f 88/16/88 77/27/77 81/27/81
f 89/33/89 86/30/86 80/29/80
f 87/32/87 86/30/86 89/33/89
f 92/38/92 96/36/96 110/51/110
f 96/36/96 95/35/95 110/51/110
f 93/41/93 96/36/96 20/8/20
f 93/41/93 94/34/94 96/36/96
f 94/34/94 98/39/98 112/37/112
f 97/40/97 44/955/44 98/39/98
f 27/1/27 97/40/97 93/41/93
f 101/12/101 116/44/116 117/43/117
f 44/955/44 99/42/99 98/39/98
f 57/954/57 99/42/99 44/955/44
f 103/47/103 124/31/124 102/45/102
f 106/16/106 104/48/104 103/47/103
f 104/48/104 124/31/124 103/47/103
f 84/31/84 109/16/109 83/27/83
f 95/35/95 112/37/112 113/49/113
f 112/37/112 126/53/126 113/49/113
f 112/37/112 98/39/98 131/52/131
f 98/39/98 117/43/117 114/39/114
f 115/39/115 116/44/116 136/39/136
f 117/43/117 116/44/116 115/39/115
f 121/55/121 119/54/119 120/46/120
f 122/68/122 121/55/121 120/46/120
f 120/46/120 124/31/124 125/56/125
f 123/57/123 122/68/122 120/46/120
f 543/309/543 147/58/147 125/56/125
f 151/77/151 127/60/127 126/53/126
f 127/60/127 152/74/152 128/59/128
f 131/52/131 156/62/156 126/53/126
f 155/79/155 130/65/130 177/82/177
f 155/79/155 132/61/132 130/65/130
f 114/39/114 133/43/133 130/65/130
f 132/61/132 131/52/131 114/39/114
f 133/43/133 136/39/136 130/65/130
f 138/39/138 141/63/141 134/39/134
f 144/67/144 139/66/139 121/55/121
f 139/66/139 144/67/144 140/70/140
f 139/66/139 143/72/143 164/88/164
f 164/88/164 141/63/141 139/66/139
f 146/71/146 149/73/149 148/69/148
f 149/73/149 122/68/122 148/69/148
f 149/73/149 145/71/145 142/69/142
f 172/956/172 152/74/152 151/77/151
f 127/60/127 151/77/151 152/74/152
f 128/59/128 152/74/152 129/76/129
f 150/91/150 154/80/154 177/82/177
f 157/64/157 161/43/161 158/83/158
f 161/43/161 157/64/157 160/63/160
f 161/43/161 137/43/137 134/39/134
f 161/43/161 160/63/160 137/43/137
f 134/39/134 163/84/163 161/43/161
f 163/84/163 134/39/134 141/63/141
f 141/63/141 164/88/164 163/84/163
f 164/88/164 143/72/143 179/86/179
f 165/89/165 140/70/140 166/73/166
f 166/73/166 140/70/140 145/71/145
f 170/73/170 168/71/168 167/69/167
f 167/69/167 145/71/145 169/71/169
f 151/77/151 187/101/187 186/113/186
f 187/101/187 151/77/151 173/78/173
f 186/113/186 172/956/172 151/77/151
f 172/956/172 171/75/171 152/74/152
f 156/62/156 154/80/154 174/92/174
f 153/81/153 158/83/158 175/62/175
f 191/95/191 188/93/188 175/62/175
f 177/82/177 153/81/153 188/93/188
f 176/94/176 158/83/158 159/85/159
f 162/87/162 178/104/178 159/85/159
f 162/87/162 179/86/179 178/104/178
f 180/107/180 179/86/179 181/90/181
f 181/90/181 179/86/179 143/72/143
f 193/110/193 165/89/165 166/73/166
f 165/89/165 193/110/193 181/90/181
f 182/108/182 166/73/166 168/71/168
f 193/110/193 166/73/166 182/108/182
f 171/75/171 172/956/172 184/99/184
f 184/99/184 172/956/172 186/113/186
f 171/75/171 184/99/184 329/98/329
f 200/114/200 186/113/186 187/101/187
f 185/100/185 173/78/173 174/92/174
f 198/101/198 188/93/188 189/102/189
f 176/94/176 190/103/190 191/95/191
f 159/85/159 203/105/203 190/103/190
f 193/110/193 180/107/180 181/90/181
f 184/99/184 186/113/186 195/112/195
f 190/103/190 202/114/202 201/116/201
f 198/101/198 197/101/197 185/100/185
f 218/117/218 202/114/202 190/103/190
f 206/127/206 221/121/221 180/107/180
f 206/127/206 193/110/193 207/109/207
f 206/127/206 180/107/180 193/110/193
f 226/131/226 182/108/182 208/96/208
f 226/131/226 207/109/207 182/108/182
f 228/133/228 209/224/209 213/115/213
f 195/112/195 200/114/200 212/124/212
f 213/115/213 195/112/195 212/124/212
f 199/101/199 197/101/197 198/101/198
f 198/101/198 201/116/201 214/116/214
f 215/125/215 198/101/198 214/116/214
f 216/101/216 199/101/199 211/101/211
f 202/114/202 214/116/214 201/116/201
f 217/116/217 214/116/214 202/114/202
f 218/117/218 217/116/217 202/114/202
f 1072/135/1071 219/118/219 204/119/204
f 220/126/220 205/120/205 222/137/222
f 222/137/222 205/120/205 221/121/221
f 206/127/206 225/129/225 224/139/224
f 225/129/225 207/109/207 227/130/227
f 226/131/226 227/130/227 207/109/207
f 825/122/824 226/131/226 208/96/208
f 1067/134/1066 212/124/212 229/116/229
f 211/101/211 199/101/199 231/114/231
f 230/132/230 213/115/213 212/124/212
f 231/114/231 199/101/199 215/125/215
f 215/125/215 232/114/232 1068/116/1067
f 233/116/233 218/117/218 234/136/234
f 217/116/217 218/117/218 233/116/233
f 220/126/220 1072/135/1071 204/119/204
f 219/118/219 234/136/234 218/117/218
f 221/121/221 223/128/223 222/137/222
f 1074/135/1073 223/128/223 224/139/224
f 225/129/225 1077/140/1076 224/139/224
f 1077/140/1076 1074/135/1073 224/139/224
f 235/141/235 236/142/236 227/130/227
f 241/1/241 238/144/238 242/3/242
f 242/3/242 238/144/238 237/3/237
f 237/3/237 239/3/239 2/1/2
f 1/1/1 2/1/2 239/3/239
f 240/2/240 241/1/241 288/1/288
f 245/146/245 238/144/238 240/2/240
f 283/150/283 244/148/244 287/1/287
f 287/1/287 244/148/244 246/147/246
f 249/1/249 248/1/248 239/3/239
f 248/1/248 250/1/250 1/1/1
f 252/151/252 251/153/251 238/144/238
f 251/153/251 248/1/248 249/1/249
f 256/154/256 254/2/254 255/152/255
f 247/149/247 256/154/256 243/145/243
f 258/1/258 8/3/8 257/1/257
f 250/1/250 8/3/8 5/1/5
f 259/1/259 253/1/253 254/2/254
f 253/1/253 251/153/251 252/151/252
f 253/1/253 252/151/252 254/2/254
f 262/1/262 261/1/261 254/2/254
f 263/155/263 262/1/262 256/154/256
f 290/156/290 263/155/263 247/149/247
f 12/1/12 9/1/9 258/1/258
f 266/951/266 258/1/258 265/1/265
f 12/1/12 258/1/258 266/951/266
f 261/1/261 268/1/268 260/1/260
f 267/1/267 264/1/264 259/1/259
f 261/1/261 273/158/273 268/1/268
f 269/162/269 263/155/263 292/157/292
f 267/1/267 270/1/270 265/1/265
f 270/1/270 266/951/266 265/1/265
f 270/1/270 271/1/271 266/951/266
f 271/1/271 14/1/14 266/951/266
f 272/1/272 267/1/267 268/1/268
f 273/158/273 272/1/272 268/1/268
f 273/158/273 274/160/274 272/1/272
f 276/161/276 273/158/273 263/155/263
f 419/454/419 18/1/18 279/163/279
f 280/164/280 966/453/965 275/159/275
f 281/165/281 280/164/280 276/161/276
f 281/165/281 276/161/276 269/162/269
f 283/150/283 282/166/282 284/167/284
f 286/1/286 288/1/288 40/1/40
f 285/170/285 284/167/284 299/168/299
f 34/169/34 241/1/241 41/1/41
f 40/1/40 288/1/288 43/1/43
f 43/1/43 288/1/288 34/169/34
f 283/150/283 287/1/287 289/1/289
f 289/1/289 20/8/20 283/150/283
f 290/156/290 247/149/247 284/167/284
f 290/156/290 285/170/285 291/172/291
f 291/172/291 285/170/285 303/173/303
f 293/171/293 294/165/294 292/157/292
f 292/157/292 290/156/290 291/172/291
f 292/157/292 291/172/291 293/171/293
f 269/162/269 292/157/292 294/165/294
f 294/165/294 293/171/293 295/164/295
f 294/165/294 277/164/277 269/162/269
f 296/165/296 277/164/277 294/165/294
f 296/165/296 294/165/294 295/164/295
f 299/168/299 297/176/297 298/178/298
f 300/177/300 298/178/298 312/957/312
f 300/177/300 312/957/312 301/192/301
f 302/179/302 300/177/300 301/192/301
f 303/173/303 300/177/300 302/179/302
f 316/958/316 304/180/304 302/179/302
f 305/174/305 303/173/303 304/180/304
f 306/182/306 305/174/305 317/181/317
f 307/184/307 295/164/295 306/182/306
f 308/183/308 296/165/296 295/164/295
f 309/175/309 128/59/128 321/186/321
f 310/185/310 297/176/297 309/175/309
f 298/178/298 310/185/310 311/188/311
f 298/178/298 311/188/311 312/957/312
f 312/957/312 311/188/311 313/190/313
f 312/957/312 313/190/313 301/192/301
f 316/958/316 302/179/302 315/193/315
f 317/181/317 304/180/304 316/958/316
f 324/194/324 317/181/317 316/958/316
f 320/200/320 308/183/308 319/197/319
f 311/188/311 322/187/322 330/198/330
f 315/193/315 314/191/314 333/204/333
f 333/204/333 324/194/324 315/193/315
f 316/958/316 315/193/315 324/194/324
f 318/196/318 325/195/325 326/208/326
f 319/197/319 318/196/318 327/196/327
f 327/196/327 318/196/318 326/208/326
f 329/98/329 328/186/328 129/76/129
f 329/98/329 129/76/129 171/75/171
f 337/202/337 328/186/328 329/98/329
f 322/187/322 331/201/331 330/198/330
f 332/203/332 330/198/330 340/211/340
f 341/205/341 332/203/332 340/211/340
f 341/205/341 333/204/333 332/203/332
f 334/199/334 333/204/333 342/206/342
f 324/194/324 333/204/333 334/199/334
f 335/207/335 325/195/325 334/199/334
f 344/209/344 325/195/325 335/207/335
f 336/217/336 320/200/320 327/196/327
f 331/201/331 337/202/337 338/210/338
f 340/211/340 330/198/330 339/211/339
f 352/213/352 341/205/341 340/211/340
f 352/213/352 340/211/340 350/203/350
f 342/206/342 341/205/341 343/212/343
f 355/229/355 345/214/345 335/207/335
f 345/214/345 344/209/344 335/207/335
f 346/216/346 327/196/327 326/208/326
f 196/97/196 347/218/347 329/98/329
f 359/226/359 348/219/348 347/218/347
f 338/210/338 348/219/348 349/220/349
f 339/211/339 338/210/338 349/220/349
f 351/211/351 352/213/352 350/203/350
f 343/212/343 352/213/352 351/211/351
f 353/221/353 343/212/343 351/211/351
f 342/206/342 343/212/343 353/221/353
f 354/222/354 335/207/335 342/206/342
f 354/222/354 355/229/355 335/207/335
f 345/214/345 355/229/355 356/214/356
f 366/215/366 345/214/345 356/214/356
f 359/226/359 347/218/347 358/97/358
f 351/211/351 350/203/350 361/213/361
f 361/213/361 350/203/350 349/220/349
f 363/238/363 354/222/354 353/221/353
f 364/230/364 354/222/354 363/238/363
f 364/230/364 355/229/355 354/222/354
f 365/231/365 356/214/356 355/229/355
f 368/233/368 346/216/346 366/215/366
f 357/223/357 346/216/346 368/233/368
f 370/242/370 349/220/349 360/225/360
f 371/235/371 370/242/370 360/225/360
f 349/220/349 370/242/370 372/236/372
f 361/213/361 349/220/349 372/236/372
f 361/213/361 374/244/374 351/211/351
f 374/244/374 361/213/361 373/237/373
f 374/244/374 362/227/362 351/211/351
f 364/230/364 375/239/375 376/246/376
f 377/228/377 364/230/364 376/246/376
f 365/231/365 355/229/355 377/228/377
f 387/240/387 365/231/365 377/228/377
f 389/638/389 368/233/368 367/232/367
f 379/241/379 369/97/369 358/97/358
f 372/236/372 382/243/382 383/205/383
f 383/205/383 373/237/373 372/236/372
f 383/205/383 384/203/384 373/237/373
f 385/245/385 362/227/362 374/244/374
f 385/245/385 375/239/375 362/227/362
f 375/239/375 385/245/385 386/629/386
f 376/246/376 375/239/375 386/629/386
f 388/247/388 367/232/367 387/240/387
f 389/638/389 367/232/367 388/247/388
f 389/638/389 388/247/388 1306/638/1305
f 378/234/378 368/233/368 389/638/389
f 390/516/390 389/638/389 1306/638/1305
f 378/234/378 389/638/389 390/516/390
f 392/253/392 395/258/395 664/252/664
f 393/257/393 392/253/392 730/255/730
f 730/255/730 394/801/394 393/257/393
f 393/257/393 396/258/396 395/258/395
f 400/264/400 717/259/717 391/249/391
f 391/249/391 395/258/395 401/265/401
f 403/260/403 395/258/395 396/258/396
f 394/801/394 396/258/396 393/257/393
f 397/253/397 396/258/396 394/801/394
f 397/253/397 394/801/394 744/253/744
f 398/714/398 832/263/831 399/262/399
f 400/264/400 399/262/399 717/259/717
f 403/260/403 410/273/410 401/265/401
f 412/718/412 410/273/410 403/260/403
f 404/267/404 412/718/412 403/260/403
f 403/260/403 397/253/397 405/261/405
f 408/270/408 407/271/407 406/268/406
f 398/714/398 834/426/833 832/263/831
f 409/272/409 398/714/398 399/262/399
f 1436/722/1435 398/714/398 409/272/409
f 409/272/409 402/266/402 411/959/411
f 402/266/402 410/273/410 411/959/411
f 404/267/404 413/267/413 412/718/412
f 408/270/408 404/267/404 407/271/407
f 408/270/408 417/274/417 416/267/416
f 419/454/419 17/7/17 18/1/18
f 419/454/419 423/279/423 17/7/17
f 419/454/419 418/277/418 423/279/423
f 84/31/84 85/27/85 88/16/88
f 426/276/426 88/16/88 87/32/87
f 421/277/421 87/32/87 89/33/89
f 426/276/426 421/277/421 420/277/420
f 424/277/424 422/278/422 420/277/420
f 420/277/420 89/33/89 90/5/90
f 423/279/423 424/277/424 91/6/91
f 91/6/91 420/277/420 90/5/90
f 438/282/438 84/31/84 88/16/88
f 438/282/438 88/16/88 426/276/426
f 425/277/425 423/279/423 418/277/418
f 427/280/427 438/282/438 426/276/426
f 442/290/442 438/282/438 427/280/427
f 425/277/425 427/280/427 426/276/426
f 428/277/428 425/277/425 418/277/418
f 431/277/431 430/277/430 428/277/428
f 430/277/430 431/277/431 450/277/450
f 429/277/429 432/281/432 428/277/428
f 435/27/435 109/16/109 84/31/84
f 433/457/433 432/281/432 429/277/429
f 108/16/108 105/31/105 104/48/104
f 434/16/434 483/960/483 108/16/108
f 107/16/107 434/16/434 108/16/108
f 436/16/436 434/16/434 107/16/107
f 436/16/436 487/310/487 434/16/434
f 436/16/436 109/16/109 435/27/435
f 439/27/439 437/16/437 438/282/438
f 441/287/441 439/27/439 438/282/438
f 443/286/443 445/27/445 446/288/446
f 492/285/492 440/284/440 445/27/445
f 446/288/446 445/27/445 441/287/441
f 444/289/444 441/287/441 442/290/442
f 448/292/448 443/286/443 446/288/446
f 454/291/454 444/289/444 447/293/447
f 447/293/447 444/289/444 442/290/442
f 449/277/449 442/290/442 427/280/427
f 458/277/458 449/277/449 450/277/450
f 451/291/451 496/294/496 495/291/495
f 455/292/455 452/292/452 451/291/451
f 458/277/458 457/297/457 456/299/456
f 460/277/460 459/296/459 450/277/450
f 460/277/460 450/277/450 461/277/461
f 431/277/431 461/277/461 450/277/450
f 462/317/462 460/277/460 461/277/461
f 464/277/464 462/317/462 461/277/461
f 432/281/432 461/277/461 431/277/431
f 463/298/463 464/277/464 461/277/461
f 455/292/455 454/291/454 453/295/453
f 456/299/456 466/292/466 453/295/453
f 469/292/469 503/291/503 452/292/452
f 471/291/471 456/299/456 457/297/457
f 471/291/471 457/297/457 470/294/470
f 473/300/473 459/296/459 472/301/472
f 473/300/473 472/301/472 474/961/474
f 476/302/476 474/961/474 472/301/472
f 460/277/460 477/277/477 459/296/459
f 476/302/476 477/277/477 508/884/508
f 470/294/470 481/292/481 471/291/471
f 125/56/125 482/305/482 543/309/543
f 483/960/483 105/31/105 108/16/108
f 483/960/483 482/305/482 105/31/105
f 484/307/484 482/305/482 483/960/483
f 485/306/485 547/308/547 482/305/482
f 489/283/489 487/310/487 436/16/436
f 490/313/490 553/332/553 486/311/486
f 488/312/488 486/311/486 487/310/487
f 492/285/492 491/314/491 440/284/440
f 494/292/494 491/314/491 493/291/493
f 494/292/494 558/292/558 491/314/491
f 493/291/493 492/285/492 495/291/495
f 498/292/498 497/294/497 493/291/493
f 497/294/497 494/292/494 493/291/493
f 498/292/498 493/291/493 496/294/496
f 502/294/502 497/294/497 498/292/498
f 504/291/504 501/292/501 502/294/502
f 501/292/501 497/294/497 502/294/502
f 504/291/504 505/291/505 564/294/564
f 508/884/508 477/277/477 507/277/507
f 507/277/507 510/962/510 508/884/508
f 509/315/509 511/277/511 507/277/507
f 510/962/510 507/277/507 512/277/512
f 511/277/511 512/277/512 507/277/507
f 462/317/462 513/320/513 478/304/478
f 499/318/499 569/316/569 514/316/514
f 569/316/569 581/316/581 514/316/514
f 572/324/572 515/321/515 500/322/500
f 515/321/515 569/316/569 499/318/499
f 465/963/465 464/277/464 463/298/463
f 516/323/516 464/277/464 465/963/465
f 503/291/503 506/294/506 504/291/504
f 522/294/522 540/292/540 506/294/506
f 506/294/506 540/292/540 518/291/518
f 506/294/506 517/292/517 505/291/505
f 519/291/519 522/294/522 469/292/469
f 520/294/520 521/292/521 480/292/480
f 524/292/524 473/300/473 475/964/475
f 481/292/481 473/300/473 524/292/524
f 527/294/527 525/294/525 528/291/528
f 525/294/525 527/294/527 524/292/524
f 527/294/527 529/292/529 524/292/524
f 524/292/524 529/292/529 541/291/541
f 512/277/512 475/964/475 510/962/510
f 512/277/512 525/294/525 475/964/475
f 512/277/512 511/277/511 532/277/532
f 532/277/532 511/277/511 509/315/509
f 532/277/532 525/294/525 512/277/512
f 528/291/528 525/294/525 509/315/509
f 533/294/533 530/294/530 528/291/528
f 533/294/533 531/294/531 530/294/530
f 479/303/479 593/326/593 509/315/509
f 531/294/531 541/291/541 529/292/529
f 526/291/526 539/291/539 520/294/520
f 593/326/593 479/303/479 542/325/542
f 548/328/548 544/327/544 543/309/543
f 544/327/544 148/69/148 147/58/147
f 544/327/544 546/345/546 545/73/545
f 548/328/548 546/345/546 544/327/544
f 603/329/603 546/345/546 548/328/548
f 550/329/550 603/329/603 549/329/549
f 486/311/486 553/332/553 485/306/485
f 553/332/553 611/251/611 485/306/485
f 552/329/552 550/329/550 549/329/549
f 552/329/552 606/330/606 550/329/550
f 555/347/555 611/251/611 553/332/553
f 556/331/556 555/347/555 553/332/553
f 557/333/557 556/331/556 490/313/490
f 491/314/491 558/292/558 554/291/554
f 560/294/560 559/335/559 558/292/558
f 501/292/501 562/294/562 497/294/497
f 559/335/559 623/294/623 557/333/557
f 564/294/564 562/294/562 501/292/501
f 562/294/562 564/294/564 565/291/565
f 565/291/565 564/294/564 566/294/566
f 567/292/567 505/291/505 625/291/625
f 570/316/570 581/316/581 569/316/569
f 581/316/581 570/316/570 571/349/571
f 573/336/573 574/337/574 515/321/515
f 577/341/577 573/336/573 572/324/572
f 577/341/577 578/316/578 576/351/576
f 518/291/518 579/291/579 506/294/506
f 506/294/506 579/291/579 517/292/517
f 517/292/517 580/294/580 568/291/568
f 579/291/579 580/294/580 517/292/517
f 596/316/596 534/319/534 581/316/581
f 596/316/596 581/316/581 582/316/582
f 584/339/584 516/323/516 536/336/536
f 583/338/583 585/340/585 572/324/572
f 585/340/585 578/316/578 577/341/577
f 518/291/518 586/294/586 579/291/579
f 579/291/579 587/356/587 580/294/580
f 522/294/522 537/294/537 540/292/540
f 588/291/588 590/294/590 537/294/537
f 590/294/590 589/292/589 537/294/537
f 645/360/645 586/294/586 589/292/589
f 590/294/590 645/360/645 589/292/589
f 588/291/588 592/343/592 651/361/651
f 593/326/593 591/342/591 531/294/531
f 533/294/533 593/326/593 531/294/531
f 542/325/542 592/343/592 591/342/591
f 542/325/542 594/316/594 592/343/592
f 542/325/542 595/316/595 594/316/594
f 595/316/595 653/374/653 594/316/594
f 598/316/598 653/374/653 595/316/595
f 596/316/596 595/316/595 535/316/535
f 596/316/596 597/316/597 595/316/595
f 545/73/545 601/69/601 146/71/146
f 599/71/599 601/69/601 545/73/545
f 146/71/146 170/73/170 169/71/169
f 601/69/601 600/69/600 170/73/170
f 604/344/604 605/346/605 546/345/546
f 603/329/603 609/329/609 604/344/604
f 606/330/606 607/251/607 550/329/550
f 550/329/550 608/329/608 609/329/609
f 550/329/550 609/329/609 603/329/603
f 612/330/612 613/329/613 610/330/610
f 614/329/614 613/329/613 611/251/611
f 620/316/620 619/316/619 621/316/621
f 616/316/616 618/316/618 665/316/665
f 665/316/665 628/316/628 616/316/616
f 619/316/619 631/316/631 621/316/621
f 620/316/620 621/316/621 617/316/617
f 615/334/615 622/348/622 555/347/555
f 623/294/623 615/334/615 557/333/557
f 561/291/561 563/292/563 624/292/624
f 635/353/635 566/294/566 567/292/567
f 636/292/636 635/353/635 567/292/567
f 636/292/636 567/292/567 625/291/625
f 626/294/626 636/292/636 625/291/625
f 628/316/628 571/349/571 616/316/616
f 616/316/616 575/350/575 620/316/620
f 630/352/630 629/316/629 578/316/578
f 632/292/632 623/294/623 624/292/624
f 563/292/563 634/291/634 633/292/633
f 635/353/635 636/292/636 634/291/634
f 637/292/637 626/294/626 568/291/568
f 637/292/637 638/367/638 626/294/626
f 638/367/638 636/292/636 626/294/626
f 582/316/582 571/349/571 627/316/627
f 585/340/585 630/352/630 578/316/578
f 637/292/637 641/355/641 638/367/638
f 580/294/580 641/355/641 637/292/637
f 645/360/645 643/357/643 586/294/586
f 597/316/597 596/316/596 646/316/646
f 644/359/644 700/373/700 645/360/645
f 583/338/583 741/316/741 647/354/647
f 594/316/594 652/316/652 592/343/592
f 652/316/652 700/373/700 644/359/644
f 653/374/653 652/316/652 594/316/594
f 600/69/600 602/71/602 170/73/170
f 605/346/605 656/378/656 599/71/599
f 656/378/656 655/364/655 599/71/599
f 608/329/608 711/251/711 657/251/657
f 658/330/658 656/378/656 605/346/605
f 609/329/609 608/329/608 657/251/657
f 608/329/608 660/330/660 711/251/711
f 659/251/659 661/251/661 662/250/662
f 659/251/659 660/330/660 610/330/610
f 607/251/607 610/330/610 608/329/608
f 661/251/661 663/254/663 664/252/664
f 617/316/617 666/316/666 618/316/618
f 667/316/667 618/316/618 666/316/666
f 667/316/667 672/316/672 665/316/665
f 668/316/668 669/316/669 621/316/621
f 670/316/670 721/316/721 666/316/666
f 628/316/628 671/316/671 627/316/627
f 628/316/628 665/316/665 672/316/672
f 720/316/720 672/316/672 667/316/667
f 674/316/674 669/316/669 668/316/668
f 675/316/675 674/316/674 631/316/631
f 674/316/674 675/316/675 676/316/676
f 676/316/676 729/316/729 674/316/674
f 632/292/632 678/366/678 623/294/623
f 640/316/640 681/316/681 676/316/676
f 731/316/731 679/316/679 671/316/671
f 678/366/678 730/255/730 677/256/677
f 738/382/738 678/366/678 632/292/632
f 738/382/738 632/292/632 683/384/683
f 683/384/683 632/292/632 624/292/624
f 685/291/685 687/368/687 686/370/686
f 641/355/641 687/368/687 638/367/638
f 696/371/696 687/368/687 641/355/641
f 597/316/597 703/316/703 598/316/598
f 689/316/689 597/316/597 688/349/688
f 648/483/648 741/316/741 583/338/583
f 693/385/693 686/370/686 687/368/687
f 687/368/687 694/389/694 693/385/693
f 642/358/642 696/371/696 641/355/641
f 697/363/697 695/371/695 642/358/642
f 698/376/698 695/371/695 697/363/697
f 700/373/700 650/362/650 645/360/645
f 700/373/700 698/376/698 650/362/650
f 700/373/700 702/372/702 698/376/698
f 701/349/701 700/373/700 652/316/652
f 653/374/653 701/349/701 652/316/652
f 653/374/653 598/316/598 703/316/703
f 704/316/704 701/349/701 653/374/653
f 699/363/699 695/371/695 698/376/698
f 654/73/654 707/399/707 602/71/602
f 707/399/707 183/69/183 602/71/602
f 707/399/707 194/111/194 183/69/183
f 766/965/766 707/399/707 654/73/654
f 709/379/709 766/965/766 654/73/654
f 708/377/708 709/379/709 655/364/655
f 715/380/715 658/330/658 657/251/657
f 715/380/715 710/405/710 658/330/658
f 710/405/710 708/377/708 658/330/658
f 660/330/660 713/365/713 712/966/712
f 712/966/712 715/380/715 711/251/711
f 712/966/712 713/365/713 716/406/716
f 672/316/672 718/316/718 673/316/673
f 721/316/721 720/316/720 667/316/667
f 723/316/723 722/316/722 720/316/720
f 723/316/723 725/349/725 722/316/722
f 726/316/726 727/349/727 670/316/670
f 727/349/727 726/316/726 728/316/728
f 727/349/727 723/316/723 721/316/721
f 729/316/729 728/316/728 726/316/726
f 719/316/719 731/316/731 673/316/673
f 733/316/733 732/316/732 719/316/719
f 734/316/734 680/316/680 731/316/731
f 735/316/735 733/316/733 724/316/724
f 725/349/725 735/316/735 724/316/724
f 732/316/732 733/316/733 735/316/735
f 734/316/734 732/316/732 772/316/772
f 728/316/728 775/316/775 727/349/727
f 681/316/681 736/316/736 682/316/682
f 682/316/682 728/316/728 729/316/729
f 690/316/690 689/316/689 688/349/688
f 690/316/690 688/349/688 680/316/680
f 689/316/689 690/316/690 739/316/739
f 736/316/736 649/316/649 737/316/737
f 649/316/649 780/383/780 737/316/737
f 741/316/741 742/383/742 780/383/780
f 394/801/394 730/255/730 738/382/738
f 743/253/743 394/801/394 738/382/738
f 743/253/743 744/253/744 394/801/394
f 691/396/691 743/253/743 683/384/683
f 686/370/686 691/396/691 684/369/684
f 746/386/746 692/967/692 686/370/686
f 694/389/694 750/391/750 747/387/747
f 748/371/748 750/391/750 694/389/694
f 748/371/748 749/416/749 750/391/750
f 749/416/749 751/415/751 750/391/750
f 751/415/751 796/390/795 750/391/750
f 748/371/748 694/389/694 687/368/687
f 701/349/701 753/394/753 702/372/702
f 704/316/704 753/394/753 701/349/701
f 754/316/754 753/394/753 704/316/704
f 703/316/703 754/316/754 704/316/704
f 703/316/703 740/316/740 754/316/754
f 705/496/705 756/413/756 741/316/741
f 741/316/741 756/413/756 742/383/742
f 748/371/748 757/392/757 749/416/749
f 758/392/758 800/392/799 752/392/752
f 759/392/759 758/392/758 695/371/695
f 699/363/699 759/392/759 695/371/695
f 760/371/760 706/375/706 702/372/702
f 702/372/702 761/371/761 760/371/760
f 763/398/763 764/371/764 761/371/761
f 765/363/765 761/371/761 764/371/764
f 707/399/707 766/965/766 824/400/823
f 708/377/708 827/402/826 709/379/709
f 710/405/710 769/968/769 767/401/767
f 827/402/826 828/400/827 709/379/709
f 713/365/713 714/381/714 770/406/770
f 716/406/716 768/404/768 715/380/715
f 714/381/714 832/263/831 770/406/770
f 717/259/717 832/263/831 714/381/714
f 772/316/772 732/316/732 735/316/735
f 739/316/739 734/316/734 777/316/777
f 778/316/778 740/316/740 739/316/739
f 777/316/777 772/316/772 735/316/735
f 779/316/779 778/316/778 774/316/774
f 779/316/779 774/316/774 781/316/781
f 780/383/780 776/316/776 737/316/737
f 782/316/782 776/316/776 780/383/780
f 751/415/751 797/392/796 796/390/795
f 740/316/740 778/316/778 754/316/754
f 753/394/753 755/393/755 804/409/803
f 786/408/785 802/969/801 804/409/803
f 786/408/785 778/316/778 787/316/786
f 787/316/786 779/316/779 788/316/787
f 788/316/787 836/410/835 787/316/786
f 782/316/782 783/316/783 789/427/788
f 789/427/788 790/411/789 782/316/782
f 756/413/756 792/418/791 791/412/790
f 745/395/745 406/268/406 743/253/743
f 745/395/745 838/269/837 406/268/406
f 686/370/686 692/967/692 745/395/745
f 745/395/745 692/967/692 793/432/792
f 746/386/746 840/414/839 692/967/692
f 795/388/794 794/363/793 746/386/746
f 796/390/795 785/363/784 798/363/797
f 797/392/796 785/363/784 796/390/795
f 798/363/797 794/363/793 795/388/794
f 799/371/798 749/416/749 757/392/757
f 759/392/759 806/392/805 758/392/758
f 699/363/699 801/392/800 759/392/759
f 763/398/763 762/397/762 804/409/803
f 802/969/801 763/398/763 804/409/803
f 802/969/801 786/408/785 836/410/835
f 803/970/802 802/969/801 836/410/835
f 800/392/799 807/371/806 757/392/757
f 808/363/807 806/392/805 759/392/759
f 801/392/800 808/363/807 759/392/759
f 809/371/808 810/371/809 761/371/761
f 810/371/809 853/392/852 801/392/800
f 765/363/765 809/371/808 761/371/761
f 814/363/813 764/371/764 803/970/802
f 811/371/810 856/371/855 810/371/809
f 815/419/814 803/970/802 805/434/804
f 811/371/810 816/392/815 863/371/862
f 809/371/808 811/371/810 810/371/809
f 867/437/866 863/371/862 816/392/815
f 817/371/816 812/363/811 818/420/817
f 819/392/818 815/419/814 877/421/876
f 817/371/816 816/392/815 811/371/810
f 818/420/817 820/423/819 817/371/816
f 889/143/888 825/122/824 824/400/823
f 826/400/825 824/400/823 766/965/766
f 828/400/827 826/400/825 766/965/766
f 827/402/826 830/143/829 828/400/827
f 769/968/769 829/403/828 767/401/767
f 768/404/768 769/968/769 710/405/710
f 768/404/768 894/445/893 769/968/769
f 770/406/770 832/263/831 771/407/771
f 832/263/831 833/400/832 771/407/771
f 836/410/835 788/316/787 835/430/834
f 835/430/834 788/316/787 790/411/789
f 415/275/415 408/270/408 838/269/837
f 839/446/838 838/269/837 745/395/745
f 839/446/838 415/275/415 838/269/837
f 692/967/692 840/414/839 793/432/792
f 785/363/784 841/371/840 798/363/797
f 841/371/840 785/363/784 797/392/796
f 805/434/804 803/970/802 844/429/843
f 844/429/843 803/970/802 836/410/835
f 844/429/843 836/410/835 835/430/834
f 835/430/834 790/411/789 837/424/836
f 837/424/836 790/411/789 789/427/788
f 837/424/836 845/428/844 844/429/843
f 792/418/791 860/435/859 791/412/790
f 846/431/845 839/446/838 793/432/792
f 840/414/839 847/363/846 848/433/847
f 850/363/849 799/371/798 757/392/757
f 850/363/849 843/363/842 799/371/798
f 849/363/848 905/392/904 807/371/806
f 807/371/806 851/392/850 850/363/849
f 806/392/805 808/363/807 849/363/848
f 853/392/852 810/371/809 856/371/855
f 853/392/852 857/371/856 854/392/853
f 869/424/868 844/429/843 845/428/844
f 861/428/860 1062/428/1061 862/428/861
f 863/371/862 865/438/864 864/392/863
f 869/424/868 868/428/867 805/434/804
f 870/428/869 869/424/868 845/428/844
f 859/428/858 870/428/869 845/428/844
f 871/428/870 870/428/869 859/428/858
f 862/428/861 871/428/870 859/428/858
f 867/437/866 873/428/872 865/438/864
f 872/439/871 821/422/820 874/440/873
f 872/439/871 876/428/875 875/441/874
f 823/363/822 822/363/821 817/371/816
f 879/428/878 868/428/867 869/424/868
f 878/428/877 868/428/867 879/428/878
f 880/428/879 878/428/877 879/428/878
f 870/428/869 923/428/922 879/428/878
f 822/363/821 882/442/881 874/440/873
f 874/440/873 821/422/820 822/363/821
f 882/442/881 921/428/920 874/440/873
f 881/443/880 822/363/821 823/363/822
f 881/443/880 823/363/822 820/423/819
f 884/449/883 881/443/880 820/423/819
f 887/428/886 820/423/819 883/424/882
f 885/450/884 878/428/877 886/428/885
f 882/442/881 881/443/880 888/428/887
f 884/449/883 820/423/819 887/428/886
f 884/449/883 888/428/887 881/443/880
f 883/424/882 878/428/877 885/450/884
f 887/428/886 883/424/882 885/450/884
f 826/400/825 889/143/888 824/400/823
f 891/445/890 889/143/888 890/400/889
f 830/143/829 827/402/826 893/444/892
f 769/968/769 894/445/893 829/403/828
f 768/404/768 895/400/894 894/445/893
f 415/275/415 1461/274/1460 417/274/417
f 897/971/896 1461/274/1460 839/446/838
f 1462/972/1461 1461/274/1460 897/971/896
f 846/431/845 897/971/896 839/446/838
f 898/363/897 897/971/896 846/431/845
f 898/363/897 1462/972/1461 897/971/896
f 847/363/846 899/363/898 848/433/847
f 905/392/904 906/371/905 851/392/850
f 857/371/856 855/363/854 854/392/853
f 855/363/854 909/363/908 907/371/906
f 858/436/857 908/363/907 857/371/856
f 1062/428/1061 914/428/913 862/428/861
f 864/392/863 866/447/865 910/392/909
f 910/392/909 911/448/910 1469/371/1468
f 913/428/912 912/428/911 871/428/870
f 870/428/869 871/428/870 912/428/911
f 862/428/861 914/428/913 913/428/912
f 865/438/864 875/441/874 866/447/865
f 876/428/875 916/428/915 875/441/874
f 916/428/915 866/447/865 875/441/874
f 866/447/865 916/428/915 911/448/910
f 916/428/915 921/428/920 922/428/921
f 874/440/873 921/428/920 916/428/915
f 922/428/921 926/428/925 1485/428/1484
f 924/424/923 886/428/885 880/428/879
f 921/428/920 938/428/937 926/428/925
f 928/428/927 885/450/884 886/428/885
f 924/424/923 927/428/926 886/428/885
f 928/428/927 886/428/885 927/428/926
f 927/428/926 924/424/923 925/428/924
f 925/428/924 929/428/928 927/428/926
f 888/428/887 930/428/929 882/442/881
f 930/428/929 921/428/920 882/442/881
f 931/428/930 884/449/883 887/428/886
f 932/428/931 888/428/887 931/428/930
f 932/428/931 930/428/929 888/428/887
f 885/450/884 934/428/933 887/428/886
f 933/429/932 887/428/886 934/428/933
f 934/428/933 935/428/934 933/429/932
f 937/428/936 930/428/929 932/428/931
f 936/428/935 935/428/934 934/428/933
f 937/428/936 932/428/931 935/428/934
f 957/428/956 935/428/934 936/428/935
f 927/428/926 943/428/942 928/428/927
f 944/428/943 927/428/926 939/428/938
f 940/424/939 938/428/937 930/428/929
f 941/428/940 942/428/941 938/428/937
f 148/69/148 122/68/122 123/57/123 147/58/147
f 945/428/944 934/428/933 885/450/884
f 947/428/946 943/428/942 944/428/943
f 946/424/945 942/428/941 941/428/940
f 947/428/946 945/428/944 943/428/942
f 948/451/947 940/424/939 930/428/929
f 948/451/947 941/428/940 940/424/939
f 951/428/950 941/428/940 948/451/947
f 951/428/950 946/424/945 941/428/940
f 1947/428/1946 946/424/945 951/428/950
f 952/428/951 936/428/935 949/428/948
f 953/424/952 937/428/936 957/428/956
f 958/429/957 952/428/951 954/429/953
f 955/428/954 948/451/947 953/424/952
f 955/428/954 956/428/955 951/428/950
f 957/428/956 960/428/959 959/428/958
f 959/428/958 955/428/954 953/424/952
f 955/428/954 963/424/962 962/428/961
f 960/428/959 958/429/957 965/452/964
f 960/428/959 965/452/964 959/428/958
f 961/428/960 965/452/964 958/429/957
f 965/452/964 963/424/962 955/428/954
f 965/452/964 1957/428/1956 963/424/962
f 966/453/965 418/277/418 419/454/419
f 967/455/966 971/458/970 966/453/965
f 296/165/296 281/165/281 277/164/277
f 296/165/296 968/164/967 281/165/281
f 971/458/970 418/277/418 966/453/965
f 971/458/970 429/277/429 418/277/418
f 967/455/966 974/459/973 971/458/970
f 973/462/972 974/459/973 972/456/971
f 975/467/974 976/460/975 968/164/967
f 969/183/968 975/467/974 968/164/967
f 974/459/973 432/281/432 433/457/433
f 976/460/975 973/462/972 972/456/971
f 973/462/972 984/461/983 974/459/973
f 979/464/978 969/183/968 308/183/308
f 980/465/979 975/467/974 969/183/968
f 980/465/979 981/471/980 975/467/974
f 981/471/980 982/466/981 975/467/974
f 977/463/976 983/461/982 463/298/463
f 982/466/981 985/336/984 976/460/975
f 536/336/536 465/963/465 983/461/982
f 986/336/985 977/463/976 984/461/983
f 986/336/985 983/461/982 977/463/976
f 989/468/988 994/336/993 986/336/985
f 988/336/987 989/468/988 987/336/986
f 320/200/320 990/469/989 979/464/978
f 980/465/979 979/464/978 1000/470/999
f 982/466/981 981/471/980 991/973/990
f 991/973/990 993/472/992 982/466/981
f 982/466/981 993/472/992 985/336/984
f 992/461/991 995/473/994 985/336/984
f 996/479/995 584/339/584 994/336/993
f 998/474/997 997/484/996 994/336/993
f 996/479/995 994/336/993 997/484/996
f 999/468/998 1008/485/1007 998/474/997
f 1010/475/1009 320/200/320 336/217/336
f 1001/476/1000 991/973/990 981/471/980
f 991/973/990 1001/476/1000 1002/489/1001
f 1004/478/1003 1003/477/1002 992/461/991
f 996/479/995 1006/497/1005 583/338/583
f 1006/497/1005 1007/482/1006 583/338/583
f 1006/497/1005 996/479/995 997/484/996
f 1008/485/1007 997/484/996 998/474/997
f 1027/494/1026 1005/481/1004 1003/477/1002
f 1001/476/1000 1000/470/999 1011/487/1010
f 1000/470/999 1010/475/1009 1011/487/1010
f 1002/489/1001 1001/476/1000 1011/487/1010
f 1013/491/1012 991/973/990 1002/489/1001
f 1013/491/1012 1002/489/1001 1015/492/1014
f 1013/491/1012 993/472/992 991/973/990
f 993/472/992 1016/495/1015 1004/478/1003
f 993/472/992 1014/493/1013 1016/495/1015
f 1017/504/1016 705/496/705 648/483/648
f 1017/504/1016 648/483/648 1007/482/1006
f 1021/495/1020 1009/480/1008 1018/481/1017
f 1020/481/1019 1017/504/1016 1007/482/1006
f 1021/495/1020 1020/481/1019 1006/497/1005
f 357/223/357 1022/486/1021 336/217/336
f 1022/486/1021 1023/488/1022 1010/475/1009
f 1012/499/1011 1011/487/1010 1023/488/1022
f 1024/490/1023 1011/487/1010 1012/499/1011
f 1015/492/1014 1002/489/1001 1024/490/1023
f 1014/493/1013 1015/492/1014 1025/494/1024
f 1025/494/1024 1016/495/1015 1014/493/1013
f 1027/494/1026 1016/495/1015 1026/481/1025
f 1019/494/1018 1027/494/1026 1026/481/1025
f 1020/481/1019 1028/498/1027 1017/504/1016
f 1032/495/1031 1021/495/1020 1031/494/1030
f 1020/481/1019 1021/495/1020 1032/495/1031
f 1032/495/1031 1029/495/1028 1020/481/1019
f 1022/486/1021 357/223/357 378/234/378
f 1029/495/1028 1030/505/1029 1039/481/1038
f 1043/507/1042 1023/488/1022 1022/486/1021
f 1012/499/1011 1023/488/1022 1045/500/1044
f 1015/492/1014 1034/502/1033 1025/494/1024
f 1016/495/1015 1035/494/1034 1026/481/1025
f 1035/494/1034 1016/495/1015 1025/494/1024
f 1026/481/1025 1035/494/1034 1051/495/1050
f 1017/504/1016 1036/417/1035 705/496/705
f 1029/495/1028 1039/481/1038 1028/498/1027
f 1039/481/1038 1038/503/1037 1028/498/1027
f 1041/506/1040 1030/505/1029 1032/495/1031
f 1033/494/1032 1052/494/1051 1041/506/1040
f 1042/515/1041 1022/486/1021 378/234/378
f 1042/515/1041 1043/507/1042 1022/486/1021
f 1044/508/1043 1043/507/1042 1042/515/1041
f 1023/488/1022 1043/507/1042 1045/500/1044
f 1034/502/1033 1024/490/1023 1046/501/1045
f 1037/494/1036 1050/494/1049 1053/495/1052
f 1051/495/1050 1037/494/1036 1026/481/1025
f 1037/494/1036 1051/495/1050 1050/494/1049
f 1038/503/1037 860/435/859 1036/417/1035
f 1033/494/1032 1053/495/1052 1052/494/1051
f 1054/512/1053 861/428/860 860/435/859
f 1054/512/1053 1062/428/1061 861/428/860
f 1039/481/1038 1054/512/1053 1038/503/1037
f 1039/481/1038 1030/505/1029 1063/513/1062
f 390/516/390 1042/515/1041 378/234/378
f 1056/518/1055 1045/500/1044 1044/508/1043
f 1057/519/1056 1046/501/1045 1056/518/1055
f 1048/509/1047 1058/520/1057 1047/510/1046
f 1060/494/1059 1050/494/1049 1975/494/1974
f 1059/494/1058 1049/511/1048 1047/510/1046
f 1051/495/1050 1049/511/1048 1059/494/1058
f 1051/495/1050 1975/494/1974 1050/494/1049
f 1061/495/1060 1053/495/1052 1060/494/1059
f 1051/495/1050 1059/494/1058 1975/494/1974
f 1041/506/1040 1064/904/1063 1030/505/1029
f 1063/513/1062 1062/428/1061 1054/512/1053
f 914/428/913 1062/428/1061 915/428/914
f 1064/904/1063 1063/513/1062 1030/505/1029
f 1065/532/1064 228/133/228 230/132/230
f 231/114/231 1066/116/1065 211/101/211
f 1079/114/1078 1067/134/1066 229/116/229
f 229/116/229 211/101/211 1079/114/1078
f 1079/114/1078 211/101/211 1066/116/1065
f 1090/528/1089 230/132/230 1067/134/1066
f 232/114/232 217/116/217 1071/116/1070
f 1069/101/1068 1068/116/1067 1070/116/1069
f 1068/116/1067 232/114/232 1071/116/1070
f 234/136/234 1084/521/1083 233/116/233
f 1072/135/1071 1085/522/1084 234/136/234
f 220/126/220 1086/524/1085 1072/135/1071
f 220/126/220 1075/138/1074 1073/523/1072
f 223/128/223 1074/135/1073 1075/138/1074
f 1088/525/1087 1075/138/1074 1074/135/1073
f 236/142/236 235/141/235 1078/542/1077
f 1089/541/1088 235/141/235 1454/445/1453
f 1089/541/1088 1078/542/1077 235/141/235
f 1065/532/1064 230/132/230 1090/528/1089
f 1080/101/1079 1079/114/1078 1103/114/1102
f 1067/134/1066 1079/114/1078 1090/528/1089
f 1090/528/1089 1079/114/1078 1080/101/1079
f 1082/114/1081 1069/101/1068 1070/116/1069
f 1082/114/1081 1070/116/1069 1083/116/1082
f 1081/101/1080 1066/116/1065 1069/101/1068
f 1071/116/1070 1084/521/1083 1095/534/1094
f 1097/535/1096 1085/522/1084 1086/524/1085
f 1087/527/1086 1097/535/1096 1086/524/1085
f 1073/523/1072 1075/138/1074 1099/536/1098
f 1075/138/1074 1088/525/1087 1099/536/1098
f 1077/140/1076 1076/526/1075 1088/525/1087
f 1076/526/1075 1101/538/1100 1088/525/1087
f 1076/526/1075 236/142/236 1078/542/1077
f 1091/530/1090 1065/532/1064 1090/528/1089
f 1081/101/1080 1069/101/1068 1092/116/1091
f 1069/101/1068 1082/114/1081 1092/116/1091
f 1081/101/1080 1092/116/1091 1093/544/1092
f 1103/114/1102 1081/101/1080 1093/544/1092
f 1083/116/1082 1071/116/1070 1094/114/1093
f 1095/534/1094 1094/114/1093 1071/116/1070
f 1095/534/1094 1096/547/1095 1094/114/1093
f 1106/533/1105 1092/116/1091 1082/114/1081
f 1095/534/1094 1084/521/1083 1085/522/1084
f 1097/535/1096 1096/547/1095 1095/534/1094
f 1087/527/1086 1098/552/1097 1097/535/1096
f 1114/537/1113 1113/551/1112 1087/527/1086
f 1099/536/1098 1088/525/1087 1100/539/1099
f 1076/526/1075 1078/542/1077 1115/540/1114
f 1089/541/1088 1116/562/1115 1115/540/1114
f 1105/543/1104 1091/530/1090 1104/529/1103
f 1105/543/1104 1117/563/1116 1102/531/1101
f 1104/529/1103 1080/101/1079 1103/114/1102
f 1103/114/1102 1121/545/1120 1104/529/1103
f 1108/62/1107 1107/548/1106 1106/533/1105
f 1092/116/1091 1106/533/1105 1109/549/1108
f 1111/550/1110 1108/62/1107 1096/547/1095
f 1098/552/1097 1112/553/1111 1097/535/1096
f 1112/553/1111 1111/550/1110 1097/535/1096
f 1114/537/1113 1100/539/1099 1128/561/1127
f 1100/539/1099 1101/538/1100 1129/554/1128
f 1089/541/1088 1552/765/1551 1116/562/1115
f 1104/529/1103 1118/555/1117 1105/543/1104
f 1105/543/1104 1118/555/1117 1132/565/1131
f 1107/548/1106 1119/80/1118 1109/549/1108
f 1110/546/1109 1109/549/1108 1119/80/1118
f 1121/545/1120 1110/546/1109 1120/556/1119
f 1118/555/1117 1121/545/1120 1122/80/1121
f 1125/558/1124 1123/62/1122 1108/62/1107
f 1112/553/1111 1124/557/1123 1111/550/1110
f 1126/559/1125 1112/553/1111 1113/551/1112
f 1127/572/1126 1113/551/1112 1114/537/1113
f 1127/572/1126 1126/559/1125 1113/551/1112
f 1552/765/1551 1130/71/1129 1116/562/1115
f 1115/540/1114 1116/562/1115 1131/69/1130
f 1136/80/1135 1120/556/1119 1119/80/1118
f 1132/565/1131 1118/555/1117 1134/567/1133
f 1135/570/1134 1119/80/1118 1123/62/1122
f 1136/80/1135 1119/80/1118 1135/570/1134
f 1138/576/1137 1137/568/1136 1136/80/1135
f 1125/558/1124 1124/557/1123 1140/571/1139
f 1139/569/1138 1123/62/1122 1125/558/1124
f 1141/39/1140 1139/569/1138 1125/558/1124
f 1142/560/1141 1124/557/1123 1112/553/1111
f 1124/557/1123 1142/560/1141 1140/571/1139
f 1143/63/1142 1140/571/1139 1142/560/1141
f 1145/579/1144 1143/63/1142 1142/560/1141
f 1145/579/1144 1142/560/1141 1144/573/1143
f 1128/561/1127 1127/572/1126 1114/537/1113
f 1128/561/1127 1144/573/1143 1127/572/1126
f 1128/561/1127 1161/71/1160 1144/573/1143
f 1128/561/1127 1129/554/1128 1146/71/1145
f 1148/71/1147 1149/73/1148 1167/69/1166
f 1152/574/1151 1150/566/1149 1134/567/1133
f 1134/567/1133 1150/566/1149 1132/565/1131
f 1151/575/1150 1137/568/1136 1138/576/1137
f 1134/567/1133 1122/80/1121 1137/568/1136
f 1134/567/1133 1137/568/1136 1151/575/1150
f 1155/39/1154 1135/570/1134 1139/569/1138
f 1154/39/1153 1139/569/1138 1141/39/1140
f 1155/39/1154 1139/569/1138 1157/43/1156
f 1159/43/1158 1141/39/1140 1143/63/1142
f 1155/39/1154 1151/575/1150 1138/576/1137
f 1159/43/1158 1156/43/1155 1141/39/1140
f 1145/579/1144 1159/43/1158 1143/63/1142
f 1182/63/1181 1156/43/1155 1159/43/1158
f 1182/63/1181 1159/43/1158 1145/579/1144
f 1161/71/1160 1145/579/1144 1144/573/1143
f 1182/63/1181 1145/579/1144 1160/586/1159
f 1146/71/1145 1164/71/1163 1161/71/1160
f 1161/71/1160 1164/71/1163 1162/578/1161
f 1163/587/1162 1166/71/1165 1165/581/1164
f 1166/71/1165 1163/587/1162 1160/586/1159
f 1166/71/1165 1148/71/1147 1168/73/1167
f 1168/73/1167 1169/580/1168 1166/71/1165
f 1152/574/1151 1151/575/1150 1174/583/1173
f 1171/38/1170 1150/566/1149 1152/574/1151
f 1174/583/1173 1171/38/1170 1152/574/1151
f 1171/38/1170 1173/672/1172 1150/566/1149
f 1172/38/1171 1173/672/1172 1171/38/1170
f 1174/583/1173 1151/575/1150 1175/582/1174
f 1176/584/1175 1175/582/1174 1153/43/1152
f 1178/39/1177 1153/43/1152 1155/39/1154
f 1178/39/1177 1155/39/1154 1177/63/1176
f 1153/43/1152 1178/39/1177 1176/584/1175
f 1180/589/1179 1182/63/1181 1163/587/1162
f 1180/589/1179 1156/43/1155 1182/63/1181
f 1156/43/1155 1180/589/1179 1158/577/1157
f 1180/589/1179 1181/974/1180 1158/577/1157
f 1181/974/1180 1180/589/1179 1183/588/1182
f 1165/581/1164 1184/601/1183 1183/588/1182
f 1169/580/1168 1186/591/1185 1165/581/1164
f 1184/601/1183 1165/581/1164 1186/591/1185
f 1186/591/1185 1187/27/1186 1184/601/1183
f 1171/38/1170 1188/592/1187 1172/38/1171
f 1172/38/1171 1189/593/1188 1173/672/1172
f 1191/595/1190 1192/975/1191 1188/592/1187
f 1192/975/1191 1189/593/1188 1188/592/1187
f 1192/975/1191 1193/604/1192 1189/593/1188
f 1195/608/1194 1191/595/1190 1190/594/1189
f 1178/39/1177 1177/63/1176 1198/597/1197
f 1194/596/1193 1195/608/1194 1190/594/1189
f 1195/608/1194 1196/169/1195 1191/595/1190
f 1199/598/1198 1194/596/1193 1176/584/1175
f 1181/974/1180 1200/600/1199 1158/577/1157
f 1200/600/1199 1179/84/1178 1158/577/1157
f 1240/599/1239 1176/584/1175 1198/597/1197
f 1183/588/1182 1200/600/1199 1181/974/1180
f 1183/588/1182 1184/601/1183 1200/600/1199
f 1184/601/1183 1203/47/1202 1200/600/1199
f 1203/47/1202 1202/16/1201 1200/600/1199
f 1203/47/1202 1204/976/1203 1202/16/1201
f 1205/31/1204 1204/976/1203 1203/47/1202
f 1205/31/1204 1260/602/1259 1204/976/1203
f 1206/31/1205 1207/27/1206 1260/602/1259
f 1191/595/1190 1213/169/1212 1208/1/1207
f 1191/595/1190 1193/604/1192 1192/975/1191
f 1209/1/1208 1191/595/1190 1208/1/1207
f 1195/608/1194 1197/607/1196 1196/169/1195
f 1214/1/1213 1197/607/1196 1212/606/1211
f 1213/169/1212 1214/1/1213 1215/1/1214
f 1214/1/1213 1216/14/1215 1217/1/1216
f 1216/14/1215 1218/609/1217 1217/1/1216
f 1218/609/1217 1219/1/1218 1217/1/1216
f 1221/1/1220 1220/1/1219 1218/609/1217
f 1215/1/1214 1222/3/1221 1208/1/1207
f 1219/1/1218 1220/1/1219 1225/1/1224
f 1225/1/1224 1228/1/1227 1219/1/1218
f 1224/1/1223 1223/1/1222 1222/3/1221
f 1223/1/1222 1226/1/1225 1211/605/1210
f 1386/1/1385 1193/604/1192 1211/605/1210
f 1211/605/1210 1226/1/1225 1386/1/1385
f 1224/1/1223 1228/1/1227 1227/1/1226
f 1199/598/1198 1245/610/1244 1194/596/1193
f 1245/610/1244 1233/1/1232 1230/2/1229
f 1245/610/1244 1232/977/1231 1233/1/1232
f 1232/977/1231 1231/1/1230 1233/1/1232
f 1230/2/1229 1216/14/1215 1212/606/1211
f 1233/1/1232 1231/1/1230 1247/1/1246
f 1221/1/1220 1235/1/1234 1220/1/1219
f 1236/1/1235 1221/1/1220 1247/1/1246
f 1225/1/1224 1237/1/1236 1228/1/1227
f 1235/1/1234 1225/1/1224 1220/1/1219
f 1237/1/1236 1225/1/1224 1235/1/1234
f 1235/1/1234 1251/1/1250 1238/1/1237
f 1238/1/1237 1229/1/1228 1237/1/1236
f 1243/612/1242 1242/978/1241 1199/598/1198
f 1242/978/1241 1243/612/1242 1244/615/1243
f 1245/610/1244 1199/598/1198 1242/978/1241
f 1245/610/1244 1244/615/1243 1232/977/1231
f 1242/978/1241 1244/615/1243 1245/610/1244
f 1246/1/1245 1247/1/1246 1231/1/1230
f 1232/977/1231 1255/614/1254 1246/1/1245
f 1246/1/1245 1248/1/1247 1247/1/1246
f 1198/597/1197 1202/16/1201 1252/31/1251
f 1248/1/1247 1236/1/1235 1247/1/1246
f 1251/1/1250 1235/1/1234 1236/1/1235
f 1244/615/1243 1243/612/1242 1253/613/1252
f 1254/616/1253 1240/599/1239 1241/611/1240
f 1255/614/1254 1256/27/1255 1257/618/1256
f 1264/617/1263 1256/27/1255 1253/613/1252
f 1255/614/1254 1257/618/1256 1246/1/1245
f 1257/618/1256 1248/1/1247 1246/1/1245
f 1202/16/1201 1204/976/1203 1252/31/1251
f 1257/618/1256 1249/1/1248 1248/1/1247
f 1258/1/1257 1259/1/1258 1249/1/1248
f 1268/31/1267 1261/27/1260 1254/616/1253
f 1263/16/1262 1256/27/1255 1264/617/1263
f 1265/619/1264 1257/618/1256 1256/27/1255
f 1266/620/1265 1258/1/1257 1265/619/1264
f 1204/976/1203 1260/602/1259 1252/31/1251
f 1260/602/1259 1268/31/1267 1241/611/1240
f 1271/621/1270 1275/623/1274 1266/620/1265
f 1272/622/1271 1284/153/1283 1267/1/1266
f 1260/602/1259 1207/27/1206 1268/31/1267
f 1268/31/1267 1273/31/1272 1269/16/1268
f 1269/16/1268 1274/979/1273 1262/31/1261
f 1276/624/1275 1277/626/1276 1272/622/1271
f 1278/1/1277 1239/1/1238 1229/1/1228
f 1229/1/1228 1279/1/1278 1278/1/1277
f 1238/1/1237 1279/1/1278 1229/1/1228
f 1250/153/1249 1280/2/1279 1251/1/1250
f 1258/1/1257 1267/1/1266 1259/1/1258
f 1282/1/1281 1280/2/1279 1250/153/1249
f 1259/1/1258 1282/1/1281 1250/153/1249
f 1280/2/1279 1283/1/1282 1281/1/1280
f 1284/153/1283 1282/1/1281 1267/1/1266
f 1285/1/1284 1282/1/1281 1284/153/1283
f 1286/1/1285 1283/1/1282 1282/1/1281
f 1285/1/1284 1286/1/1285 1282/1/1281
f 1277/626/1276 1290/892/1289 1272/622/1271
f 1290/892/1289 1288/1/1287 1272/622/1271
f 1291/891/1290 1292/627/1291 1290/892/1289
f 1290/892/1289 1292/627/1291 1288/1/1287
f 1288/1/1287 1293/1/1292 1294/1/1293
f 1293/1/1292 1296/1/1295 1295/1/1294
f 1292/627/1291 1296/1/1295 1293/1/1292
f 1297/133/1296 380/133/380 379/241/379
f 1297/133/1296 379/241/379 228/133/228
f 1297/133/1296 228/133/228 1065/532/1064
f 1298/628/1297 381/241/381 380/133/380
f 1298/628/1297 382/243/382 371/235/371
f 1299/212/1298 383/205/383 382/243/382
f 383/205/383 1299/212/1298 1300/203/1299
f 1301/212/1300 384/203/384 1300/203/1299
f 385/245/385 384/203/384 1310/203/1309
f 1302/635/1301 386/629/386 385/245/385
f 1303/630/1302 386/629/386 1302/635/1301
f 1311/637/1310 376/246/376 1303/630/1302
f 1304/248/1303 376/246/376 1311/637/1310
f 1305/636/1304 388/247/388 1304/248/1303
f 1307/639/1306 1306/638/1305 388/247/388
f 390/516/390 1306/638/1305 1308/631/1307
f 1102/531/1101 1297/133/1296 1065/532/1064
f 1298/628/1297 380/133/380 1313/633/1312
f 1314/634/1313 382/243/382 1298/628/1297
f 1307/639/1306 388/247/388 1305/636/1304
f 1321/652/1320 1307/639/1306 1305/636/1304
f 1331/641/1330 1308/631/1307 1307/639/1306
f 1055/514/1054 1308/631/1307 1312/640/1311
f 1315/648/1314 1314/634/1313 1313/633/1312
f 1316/227/1315 1299/212/1298 1314/634/1313
f 1317/245/1316 1300/203/1299 1299/212/1298
f 1317/245/1316 1299/212/1298 1316/227/1315
f 1301/212/1300 1300/203/1299 1317/245/1316
f 1327/227/1326 1301/212/1300 1317/245/1316
f 1318/203/1317 1310/203/1309 1301/212/1300
f 1327/227/1326 1318/203/1317 1301/212/1300
f 1319/642/1318 1302/635/1301 1318/203/1317
f 1305/636/1304 1311/637/1310 1320/643/1319
f 1321/652/1320 1305/636/1304 1320/643/1319
f 1322/644/1321 1307/639/1306 1321/652/1320
f 1323/653/1322 1312/640/1311 1331/641/1330
f 1309/632/1308 1313/633/1312 1297/133/1296
f 1324/646/1323 1313/633/1312 1309/632/1308
f 1315/648/1314 1316/227/1315 1314/634/1313
f 1326/203/1325 1316/227/1315 1315/648/1314
f 1317/245/1316 1316/227/1315 1333/227/1332
f 1329/214/1328 1320/643/1319 1328/651/1327
f 1330/214/1329 1322/644/1321 1321/652/1320
f 1347/196/1346 1331/641/1330 1322/644/1321
f 1338/654/1337 1325/647/1324 1324/646/1323
f 1342/655/1341 1335/650/1334 1341/661/1340
f 1329/214/1328 1328/651/1327 1343/214/1342
f 1345/656/1344 1330/214/1329 1329/214/1328
f 1347/196/1346 1322/644/1321 1346/657/1345
f 1336/920/1335 1323/653/1322 1347/196/1346
f 1337/186/1336 1117/563/1116 1133/564/1132
f 1324/646/1323 1332/645/1331 1338/654/1337
f 1338/654/1337 1332/645/1331 1337/186/1336
f 1339/659/1338 1326/203/1325 1338/654/1337
f 1339/659/1338 1333/227/1332 1326/203/1325
f 1341/661/1340 1335/650/1334 1334/649/1333
f 1329/214/1328 1343/214/1342 1344/668/1343
f 1345/656/1344 1329/214/1328 1344/668/1343
f 1357/662/1356 1336/920/1335 1347/196/1346
f 1336/920/1335 1357/662/1356 1358/682/1357
f 1349/665/1348 1338/654/1337 1337/186/1336
f 1339/659/1338 1338/654/1337 1349/665/1348
f 1361/675/1360 1351/658/1350 1349/665/1348
f 1351/658/1350 1340/660/1339 1333/227/1332
f 1340/660/1339 1353/957/1352 1341/661/1340
f 1353/957/1352 1340/660/1339 1363/190/1362
f 1354/666/1353 1341/661/1340 1353/957/1352
f 1355/667/1354 1343/214/1342 1342/655/1341
f 1345/656/1344 1344/668/1343 1370/670/1369
f 1357/662/1356 1346/657/1345 1356/671/1355
f 1350/664/1349 1348/663/1347 1359/673/1358
f 1362/677/1361 1352/674/1351 1359/673/1358
f 1361/675/1360 1352/674/1351 1362/677/1361
f 1364/676/1363 1365/686/1364 1363/190/1362
f 1366/679/1365 1353/957/1352 1363/190/1362
f 1365/686/1364 1366/679/1365 1363/190/1362
f 1366/679/1365 1354/666/1353 1353/957/1352
f 1369/680/1368 1368/669/1367 1375/688/1374
f 1370/670/1369 1368/669/1367 1369/680/1368
f 1371/183/1370 1358/682/1357 1378/681/1377
f 1372/684/1371 1362/677/1361 1360/683/1359
f 1373/685/1372 1364/676/1363 1372/684/1371
f 1384/695/1383 1365/686/1364 1373/685/1372
f 1367/678/1366 1366/679/1365 1365/686/1364
f 1368/669/1367 1367/678/1366 1375/688/1374
f 1376/700/1375 1375/688/1374 1374/687/1373
f 1376/700/1375 1369/680/1368 1375/688/1374
f 1377/689/1376 1376/700/1375 1390/701/1389
f 1377/689/1376 1356/671/1355 1369/680/1368
f 1377/689/1376 1369/680/1368 1376/700/1375
f 1377/689/1376 1378/681/1377 1356/671/1355
f 1379/183/1378 1378/681/1377 1391/690/1390
f 1371/183/1370 1378/681/1377 1379/183/1378
f 1193/604/1192 1380/691/1379 1189/593/1188
f 1380/691/1379 1381/692/1380 1360/683/1359
f 1381/692/1380 1373/685/1372 1372/684/1371
f 1381/692/1380 1384/695/1383 1373/685/1372
f 1386/1/1385 1382/693/1381 1193/604/1192
f 1386/1/1385 1387/1/1386 1382/693/1381
f 1382/693/1381 1383/694/1382 1380/691/1379
f 1383/694/1382 1402/696/1401 1381/692/1380
f 1384/695/1383 1388/697/1387 1385/146/1384
f 1388/697/1387 1374/687/1373 1385/146/1384
f 1389/699/1388 1374/687/1373 1388/697/1387
f 1390/701/1389 1374/687/1373 1389/699/1388
f 1391/690/1390 1377/689/1376 1390/701/1389
f 1391/690/1390 1390/701/1389 1389/699/1388
f 1393/164/1392 1391/690/1390 1392/165/1391
f 1393/164/1392 1392/165/1391 2049/183/2048
f 1379/183/1378 1391/690/1390 1393/164/1392
f 1227/1/1226 1239/1/1238 1394/2/1393
f 1396/1/1395 1395/1/1394 1278/1/1277
f 1398/702/1397 1383/694/1382 1382/693/1381
f 1397/980/1396 1400/704/1399 1395/1/1394
f 1403/706/1402 1388/697/1387 1402/696/1401
f 1396/1/1395 1405/1/1404 1395/1/1394
f 1279/1/1278 1404/169/1403 1396/1/1395
f 1404/169/1403 1279/1/1278 1281/1/1280
f 1404/169/1403 1281/1/1280 1407/1/1406
f 1408/981/1407 1400/704/1399 1397/980/1396
f 1395/1/1394 1405/1/1404 1397/980/1396
f 1410/2/1409 1408/981/1407 1397/980/1396
f 1410/2/1409 1397/980/1396 1405/1/1404
f 1408/981/1407 1411/1/1410 1409/707/1408
f 1412/708/1411 1402/696/1401 1399/146/1398
f 1412/708/1411 1413/705/1412 1402/696/1401
f 1414/1/1413 1415/169/1414 1406/1/1405
f 1283/1/1282 1414/1/1413 1407/1/1406
f 1415/169/1414 1414/1/1413 1422/1/1421
f 1405/1/1404 1416/1/1415 1410/2/1409
f 1406/1/1405 1416/1/1415 1405/1/1404
f 1410/2/1409 1411/1/1410 1408/981/1407
f 1416/1/1415 1417/1/1416 1410/2/1409
f 1411/1/1410 1419/1/1418 1412/708/1411
f 1420/698/1419 1388/697/1387 1403/706/1402
f 1415/169/1414 1421/1/1420 1426/1/1425
f 1417/1/1416 1415/169/1414 1426/1/1425
f 1417/1/1416 1424/1/1423 1418/1/1417
f 1426/1/1425 1424/1/1423 1417/1/1416
f 1418/1/1417 1425/1/1424 1419/1/1418
f 1425/1/1424 1427/709/1426 1419/1/1418
f 1428/710/1427 1420/698/1419 1413/705/1412
f 1287/2/1286 1421/1/1420 1286/1/1285
f 1287/2/1286 1289/1/1288 1421/1/1420
f 1421/1/1420 1289/1/1288 1423/14/1422
f 1294/1/1293 1429/1/1428 1423/14/1422
f 1426/1/1425 1423/14/1422 1424/1/1423
f 1424/1/1423 1429/1/1428 1431/712/1430
f 1432/982/1431 1429/1/1428 1430/1/1429
f 1434/713/1433 1431/712/1430 1432/982/1431
f 1433/165/1432 1428/710/1427 1427/709/1426
f 1392/165/1391 1420/698/1419 1428/710/1427
f 1295/1/1294 1430/1/1429 1429/1/1428
f 1430/1/1429 1434/713/1433 1432/982/1431
f 1937/711/1936 1434/713/1433 1430/1/1429
f 1435/164/1434 1427/709/1426 1431/712/1430
f 2049/183/2048 1392/165/1391 1428/710/1427
f 834/426/833 1442/715/1441 1458/770/1457
f 398/714/398 1436/722/1435 1442/715/1441
f 411/959/411 1436/722/1435 409/272/409
f 411/959/411 1437/717/1436 1436/722/1435
f 410/273/410 1438/271/1437 411/959/411
f 1438/271/1437 1437/717/1436 411/959/411
f 412/718/412 414/274/414 1438/271/1437
f 413/267/413 1439/724/1438 414/274/414
f 1439/724/1438 1440/719/1439 414/274/414
f 416/267/416 1439/724/1438 413/267/413
f 416/267/416 1441/983/1440 1439/724/1438
f 417/274/417 1441/983/1440 416/267/416
f 417/274/417 1460/742/1459 1441/983/1440
f 1444/716/1443 1443/721/1442 1437/717/1436
f 1440/719/1439 1447/258/1446 1444/716/1443
f 1440/719/1439 1444/716/1443 1438/271/1437
f 1445/723/1444 1448/253/1447 1440/719/1439
f 1439/724/1438 1441/983/1440 1446/984/1445
f 1446/984/1445 1445/723/1444 1439/724/1438
f 1460/742/1459 1446/984/1445 1441/983/1440
f 1460/742/1459 1450/801/1449 1446/984/1445
f 1443/721/1442 1452/727/1451 1627/725/1626
f 1444/716/1443 1452/727/1451 1443/721/1442
f 1447/258/1446 1452/727/1451 1444/716/1443
f 1448/253/1447 1449/728/1448 1447/258/1446
f 1448/253/1447 1447/258/1446 1440/719/1439
f 1446/984/1445 1451/253/1450 1445/723/1444
f 1451/253/1450 1449/728/1448 1445/723/1444
f 1451/253/1450 1704/797/1703 1449/728/1448
f 1446/984/1445 1450/801/1449 1451/253/1450
f 893/444/892 829/403/828 892/400/891
f 890/400/889 1487/400/1486 891/445/890
f 834/426/833 1457/400/1456 833/400/832
f 834/426/833 1458/770/1457 1457/400/1456
f 1456/400/1455 1490/731/1489 895/400/894
f 417/274/417 1461/274/1460 1460/742/1459
f 898/363/897 1505/733/1504 1462/972/1461
f 899/363/898 1505/733/1504 898/363/897
f 1462/972/1461 1505/733/1504 1495/741/1494
f 901/371/900 1464/371/1463 900/371/899
f 1467/392/1466 1468/371/1467 1515/392/1514
f 1467/392/1466 1513/392/1512 907/371/906
f 1469/371/1468 1470/363/1469 908/363/907
f 1474/734/1473 1469/371/1468 911/448/910
f 1479/736/1478 1471/363/1470 1474/734/1473
f 912/428/911 915/428/914 1476/428/1475
f 913/428/912 914/428/913 915/428/914
f 1473/428/1472 1477/428/1476 915/428/914
f 1533/428/1532 1479/736/1478 1478/428/1477
f 920/428/919 1480/428/1479 919/428/918
f 1542/428/1541 918/428/917 1480/428/1479
f 918/428/917 919/428/918 1480/428/1479
f 1481/424/1480 1478/428/1477 917/428/916
f 1482/428/1481 925/428/924 918/428/917
f 1482/428/1481 918/428/917 1542/428/1541
f 1484/428/1483 1482/428/1481 1483/428/1482
f 929/428/928 925/428/924 1482/428/1481
f 1486/428/1485 929/428/928 1482/428/1481
f 1487/400/1486 1552/765/1551 1089/541/1088
f 1487/400/1486 890/400/889 1489/400/1488
f 830/143/829 893/444/892 1489/400/1488
f 1455/738/1454 893/444/892 892/400/891
f 1553/766/1552 1489/400/1488 893/444/892
f 1458/770/1457 1491/771/1490 1457/400/1456
f 1456/400/1455 1459/732/1458 1490/731/1489
f 1556/769/1555 1457/400/1456 1491/771/1490
f 1581/739/1580 1494/428/1493 1582/740/1581
f 1495/741/1494 1588/744/1587 1460/742/1459
f 1496/745/1495 904/371/903 1498/392/1497
f 1496/745/1495 1500/371/1499 904/371/903
f 1503/428/1502 1494/428/1493 1581/739/1580
f 1494/428/1493 1583/750/1582 1582/740/1581
f 1583/750/1582 1525/428/1524 1584/777/1583
f 1506/743/1505 1495/741/1494 1505/733/1504
f 1463/363/1462 1464/371/1463 1507/392/1506
f 1463/363/1462 1507/392/1506 1505/733/1504
f 1507/392/1506 1506/743/1505 1505/733/1504
f 1464/371/1463 1590/780/1589 1507/392/1506
f 1465/392/1464 1498/392/1497 904/371/903
f 1497/392/1496 1498/392/1497 1465/392/1464
f 1509/363/1508 1497/392/1496 903/392/902
f 1512/371/1511 1508/392/1507 1511/371/1510
f 1509/363/1508 1512/371/1511 1497/392/1496
f 1508/392/1507 1512/371/1511 1509/363/1508
f 1511/371/1510 1508/392/1507 1510/363/1509
f 1513/392/1512 1514/392/1513 1466/363/1465
f 1515/392/1514 1513/392/1512 1467/392/1466
f 1516/371/1515 1517/363/1516 1515/392/1514
f 1471/363/1470 1518/363/1517 1470/363/1469
f 1470/363/1469 1516/371/1515 1472/363/1471
f 1518/363/1517 1516/371/1515 1470/363/1469
f 1517/363/1516 1516/371/1515 1604/392/1603
f 1519/363/1518 1604/392/1603 1516/371/1515
f 1518/363/1517 1519/363/1518 1516/371/1515
f 1502/428/1501 1521/428/1520 1503/428/1502
f 1520/746/1519 1522/428/1521 1502/428/1501
f 1524/428/1523 1494/428/1493 1532/428/1531
f 1494/428/1493 1521/428/1520 1532/428/1531
f 1473/428/1472 1525/428/1524 1524/428/1523
f 1523/428/1522 1524/428/1523 1532/428/1531
f 1527/755/1526 1529/753/1528 1528/371/1527
f 1527/755/1526 1528/371/1527 1526/751/1525
f 1476/428/1475 1477/428/1476 1531/428/1530
f 1521/428/1520 1531/428/1530 1532/428/1531
f 1479/736/1478 1534/428/1533 1475/735/1474
f 1535/754/1534 1534/428/1533 1533/428/1532
f 1533/428/1532 1536/985/1535 1535/754/1534
f 1534/428/1533 1527/755/1526 1526/751/1525
f 1536/985/1535 1538/756/1537 1535/754/1534
f 1529/753/1528 1538/756/1537 1613/371/1612
f 1531/428/1530 1542/428/1541 1480/428/1479
f 1542/428/1541 1522/428/1521 1540/428/1539
f 1540/428/1539 1483/428/1482 1542/428/1541
f 1543/424/1542 1536/985/1535 1478/428/1477
f 1536/985/1535 1543/424/1542 1538/756/1537
f 1538/756/1537 1544/759/1543 1537/788/1536
f 1539/428/1538 1547/428/1546 1546/424/1545
f 1546/424/1545 1548/428/1547 1541/428/1540
f 1546/424/1545 1541/428/1540 1539/428/1538
f 1548/428/1547 1540/428/1539 1541/428/1540
f 1549/760/1548 1545/762/1544 1544/759/1543
f 1545/762/1544 1549/760/1548 1550/761/1549
f 1550/761/1549 1547/428/1546 1539/428/1538
f 1489/400/1488 1488/763/1487 1487/400/1486
f 1547/428/1546 1548/428/1547 1546/424/1545
f 1484/428/1483 1548/428/1547 1486/428/1485
f 1553/766/1552 893/444/892 1455/738/1454
f 1489/400/1488 1553/766/1552 1488/763/1487
f 1554/730/1553 1490/731/1489 1555/792/1554
f 1558/986/1557 1556/769/1555 1491/771/1490
f 1557/793/1556 1490/731/1489 1556/769/1555
f 1490/731/1489 1557/793/1556 1555/792/1554
f 1556/769/1555 1558/986/1557 1557/793/1556
f 1491/771/1490 1442/715/1441 1625/720/1624
f 1559/316/1558 1563/349/1562 1560/316/1559
f 1634/316/1633 1563/349/1562 1559/316/1558
f 1563/349/1562 1644/316/1643 1561/316/1560
f 1560/316/1559 1566/354/1565 1562/316/1561
f 1562/316/1561 1565/316/1564 1567/316/1566
f 1562/316/1561 1639/316/1638 1633/316/1632
f 1572/316/1571 1638/316/1637 1567/316/1566
f 1564/349/1563 1570/316/1569 1561/316/1560
f 1566/354/1565 1581/739/1580 1565/316/1564
f 1565/316/1564 1571/316/1570 1572/316/1571
f 1565/316/1564 1572/316/1571 1567/316/1566
f 1450/801/1449 1574/801/1573 1451/253/1450
f 1601/747/1600 1493/749/1492 1578/772/1577
f 1580/316/1579 1578/772/1577 1493/749/1492
f 1492/748/1491 1566/354/1565 1580/316/1579
f 1569/354/1568 1579/349/1578 1580/316/1579
f 1583/750/1582 1584/777/1583 1571/316/1570
f 1584/777/1583 1504/776/1503 1586/775/1585
f 1586/775/1585 1587/316/1586 1584/777/1583
f 1460/742/1459 1588/744/1587 1450/801/1449
f 1588/744/1587 1656/802/1655 1450/801/1449
f 1589/778/1588 1588/744/1587 1506/743/1505
f 901/371/900 1500/371/1499 1593/392/1592
f 1500/371/1499 1499/363/1498 1593/392/1592
f 1593/392/1592 1499/363/1498 1591/363/1590
f 1501/363/1500 1512/371/1511 1595/363/1594
f 1591/363/1590 1575/783/1574 1594/803/1593
f 1593/392/1592 1591/363/1590 1594/803/1593
f 1500/371/1499 1591/363/1590 1499/363/1498
f 1500/371/1499 1501/363/1500 1591/363/1590
f 1599/786/1598 1597/363/1596 1598/785/1597
f 1599/786/1598 1598/785/1597 1600/806/1599
f 1598/785/1597 1601/747/1600 1578/772/1577
f 1597/363/1596 1601/747/1600 1598/785/1597
f 1511/371/1510 1510/363/1509 1602/392/1601
f 1602/392/1601 1669/392/1668 1512/371/1511
f 1514/392/1513 1603/392/1602 1510/363/1509
f 1669/392/1668 1602/392/1601 1667/784/1666
f 1517/363/1516 1604/392/1603 1514/392/1513
f 1604/392/1603 1519/363/1518 1596/392/1595
f 1519/363/1518 1605/371/1604 1670/371/1669
f 1596/392/1595 1519/363/1518 1670/371/1669
f 1670/371/1669 1605/371/1604 1674/371/1673
f 1607/363/1606 1674/371/1673 1605/371/1604
f 1608/363/1607 1610/371/1609 1597/363/1596
f 1616/363/1615 1611/758/1610 1610/371/1609
f 1609/787/1608 1520/746/1519 1601/747/1600
f 1610/371/1609 1609/787/1608 1601/747/1600
f 1606/363/1605 1605/371/1604 1518/363/1517
f 1614/363/1613 1537/788/1536 1615/757/1614
f 1614/363/1613 1615/757/1614 1616/363/1615
f 1617/987/1616 1537/788/1536 1545/762/1544
f 1539/428/1538 1615/757/1614 1617/987/1616
f 1611/758/1610 1541/428/1540 1530/752/1529
f 1553/766/1552 1619/768/1618 1620/767/1619
f 1619/768/1618 1621/810/1620 1620/767/1619
f 1555/792/1554 1622/789/1621 1624/790/1623
f 1455/738/1454 1624/790/1623 1619/768/1618
f 1621/810/1620 1619/768/1618 1677/791/1676
f 1628/794/1627 1558/986/1557 1491/771/1490
f 1557/793/1556 1558/986/1557 1628/794/1627
f 1491/771/1490 1625/720/1624 1628/794/1627
f 1453/726/1452 1684/811/1683 1627/725/1626
f 1642/316/1641 1645/316/1644 1630/354/1629
f 1631/316/1630 1642/316/1641 1630/354/1629
f 1559/316/1558 1633/316/1632 1634/316/1633
f 1633/316/1632 1639/316/1638 1636/316/1635
f 1634/316/1633 1635/316/1634 1645/316/1644
f 1630/354/1629 1645/316/1644 1635/316/1634
f 1636/316/1635 1637/316/1636 1635/316/1634
f 1637/316/1636 1632/316/1631 1630/354/1629
f 1640/316/1639 1641/316/1640 1700/316/1699
f 1643/316/1642 1642/316/1641 1631/316/1630
f 1634/316/1633 1645/316/1644 1644/316/1643
f 1572/316/1571 1648/316/1647 1638/316/1637
f 1648/316/1647 1641/316/1640 1638/316/1637
f 1649/316/1648 1700/316/1699 1641/316/1640
f 1449/728/1448 1704/797/1703 1703/813/1702
f 1666/800/1665 1569/354/1568 1570/316/1569
f 1564/349/1563 1644/316/1643 1646/316/1645
f 1570/316/1569 1651/316/1650 1666/800/1665
f 1647/316/1646 1646/316/1645 1644/316/1643
f 1652/316/1651 1646/316/1645 1647/316/1646
f 1646/316/1645 1652/316/1651 1651/316/1650
f 1655/316/1654 1649/316/1648 1648/316/1647
f 1654/316/1653 1655/316/1654 1573/316/1572
f 1451/253/1450 1574/801/1573 1704/797/1703
f 1656/802/1655 1657/795/1656 1574/801/1573
f 1656/802/1655 1713/816/1712 1657/795/1656
f 1658/779/1657 1715/291/1714 1589/778/1588
f 1576/805/1575 1660/782/1659 1661/371/1660
f 1661/371/1660 1660/782/1659 1595/363/1594
f 1664/316/1663 1665/316/1664 1728/316/1727
f 1666/800/1665 1665/316/1664 1579/349/1578
f 1729/316/1728 1665/316/1664 1666/800/1665
f 1729/316/1728 1666/800/1665 1653/316/1652
f 1586/775/1585 1731/316/1730 1654/316/1653
f 1656/802/1655 1574/801/1573 1450/801/1449
f 1658/779/1657 1590/780/1589 1592/781/1591
f 1595/363/1594 1660/782/1659 1501/363/1500
f 1604/392/1603 1668/392/1667 1603/392/1602
f 1668/392/1667 1723/808/1722 1663/371/1662
f 1596/392/1595 1671/820/1670 1723/808/1722
f 1672/809/1671 1670/371/1669 1674/371/1673
f 1672/809/1671 1671/820/1670 1670/371/1669
f 1671/820/1670 1672/809/1671 1673/807/1672
f 1672/809/1671 1599/786/1598 1600/806/1599
f 1672/809/1671 1600/806/1599 1673/807/1672
f 1600/806/1599 1598/785/1597 1577/773/1576
f 1618/73/1617 1676/73/1675 1733/73/1732
f 1676/73/1675 1618/73/1617 1620/767/1619
f 1621/810/1620 1678/71/1677 1676/73/1675
f 1677/791/1676 1735/988/1734 1678/71/1677
f 1624/790/1623 1623/329/1622 1677/791/1676
f 1623/329/1622 1680/330/1679 1677/791/1676
f 1681/330/1680 1680/330/1679 1623/329/1622
f 1625/720/1624 1627/725/1626 1682/251/1681
f 1679/330/1678 1626/251/1625 1683/329/1682
f 1684/811/1683 1685/729/1684 1740/329/1739
f 1685/729/1684 1695/812/1694 1686/824/1685
f 1636/316/1635 1629/316/1628 1687/316/1686
f 1636/316/1635 1687/316/1686 1698/316/1697
f 1629/316/1628 1690/316/1689 1687/316/1686
f 1695/812/1694 1746/826/1745 1686/824/1685
f 1696/349/1695 1697/316/1696 1632/316/1631
f 1699/316/1698 1696/349/1695 1689/316/1688
f 1640/316/1639 1690/316/1689 1629/316/1628
f 1640/316/1639 1691/316/1690 1690/316/1689
f 1691/316/1690 1694/316/1693 1692/354/1691
f 1700/316/1699 1701/316/1700 1691/316/1690
f 1701/316/1700 1694/316/1693 1691/316/1690
f 1753/316/1752 1694/316/1693 1701/316/1700
f 1702/316/1701 1753/316/1752 1701/316/1700
f 1703/813/1702 1695/812/1694 1449/728/1448
f 1695/812/1694 1703/813/1702 1746/826/1745
f 1757/291/1756 1717/815/1716 1707/291/1706
f 1709/316/1708 1631/316/1630 1697/316/1696
f 1749/316/1748 1710/316/1709 1709/316/1708
f 1647/316/1646 1709/316/1708 1710/316/1709
f 1650/316/1649 1702/316/1701 1649/316/1648
f 1702/316/1701 1650/316/1649 1711/828/1710
f 1712/796/1711 1713/816/1712 1755/291/1754
f 1712/796/1711 1755/291/1754 1705/291/1704
f 1656/802/1655 1715/291/1714 1714/292/1713
f 1716/798/1715 1715/291/1714 1659/804/1658
f 1717/815/1716 1714/292/1713 1716/798/1715
f 1717/815/1716 1757/291/1756 1714/292/1713
f 1716/798/1715 1708/814/1707 1717/815/1716
f 1718/831/1717 1708/814/1707 1716/798/1715
f 1647/316/1646 1719/316/1718 1652/316/1651
f 1720/316/1719 1729/316/1728 1653/316/1652
f 1720/316/1719 1652/316/1651 1719/316/1718
f 1659/804/1658 1715/291/1714 1658/779/1657
f 1659/804/1658 1662/799/1661 1716/798/1715
f 1595/363/1594 1716/798/1715 1661/371/1660
f 1595/363/1594 1722/363/1721 1716/798/1715
f 1668/392/1667 1663/371/1662 1763/832/1762
f 1722/363/1721 1668/392/1667 1718/831/1717
f 1723/808/1722 1724/819/1723 1663/371/1662
f 1724/819/1723 1725/834/1724 1663/371/1662
f 1726/821/1725 1724/819/1723 1671/820/1670
f 1725/834/1724 1724/819/1723 1726/821/1725
f 1727/316/1726 1726/821/1725 1673/807/1672
f 1728/316/1727 1665/316/1664 1727/316/1726
f 1665/316/1664 1772/316/1771 1727/316/1726
f 1665/316/1664 1730/349/1729 1772/316/1771
f 1673/807/1672 1726/821/1725 1671/820/1670
f 1733/73/1732 1676/73/1675 1678/71/1677
f 1675/69/1674 1733/73/1732 1167/69/1166
f 1167/69/1166 1733/73/1732 1734/823/1733
f 1678/71/1677 1735/988/1734 1732/71/1731
f 1678/71/1677 1732/71/1731 1733/73/1732
f 1732/71/1731 1735/988/1734 1773/836/1772
f 1681/330/1680 1679/330/1678 1683/329/1682
f 1735/988/1734 1736/329/1735 1773/836/1772
f 1677/791/1676 1680/330/1679 1735/988/1734
f 1680/330/1679 1736/329/1735 1735/988/1734
f 1681/330/1680 1739/329/1738 1738/251/1737
f 1684/811/1683 1740/329/1739 1683/329/1682
f 1737/329/1736 1683/329/1682 1740/329/1739
f 1686/824/1685 1746/826/1745 1782/827/1781
f 1689/316/1688 1687/316/1686 1741/316/1740
f 1741/316/1740 1743/316/1742 1742/316/1741
f 1688/316/1687 1744/316/1743 1741/316/1740
f 1744/316/1743 1693/316/1692 1745/316/1744
f 1757/291/1756 1790/292/1789 1747/291/1746
f 1749/316/1748 1697/316/1696 1750/316/1749
f 1750/316/1749 1697/316/1696 1699/316/1698
f 1689/316/1688 1742/316/1741 1699/316/1698
f 1750/316/1749 1742/316/1741 1751/316/1750
f 1694/316/1693 1745/316/1744 1693/316/1692
f 1751/316/1750 1742/316/1741 1743/316/1742
f 1702/316/1701 1711/828/1710 1753/316/1752
f 1753/316/1752 1745/316/1744 1694/316/1693
f 1753/316/1752 1752/830/1751 1745/316/1744
f 1703/813/1702 1705/291/1704 1746/826/1745
f 1787/292/1786 1705/291/1704 1755/291/1754
f 1756/292/1755 1706/817/1705 1714/292/1713
f 1706/817/1705 1756/292/1755 1789/292/1788
f 1747/291/1746 1789/292/1788 1756/292/1755
f 1756/292/1755 1757/291/1756 1747/291/1746
f 1710/316/1709 1759/316/1758 1719/316/1718
f 1760/316/1759 1759/316/1758 1749/316/1748
f 1807/316/1806 1759/316/1758 1760/316/1759
f 1754/829/1753 1711/828/1710 1800/851/1799
f 1714/292/1713 1757/291/1756 1756/292/1755
f 1718/831/1717 1758/291/1757 1708/814/1707
f 1764/989/1763 1803/292/1802 1763/832/1762
f 1718/831/1717 1803/292/1802 1758/291/1757
f 1725/834/1724 1770/833/1769 1766/292/1765
f 1729/316/1728 1720/316/1719 1730/349/1729
f 1768/316/1767 1730/349/1729 1720/316/1719
f 1654/316/1653 1769/929/1768 1762/818/1761
f 1663/371/1662 1725/834/1724 1764/989/1763
f 1663/371/1662 1764/989/1763 1763/832/1762
f 1771/822/1770 1767/835/1766 1765/853/1764
f 1168/73/1167 1167/69/1166 1734/823/1733
f 1732/71/1731 1773/836/1772 1734/823/1733
f 1734/823/1733 1170/837/1169 1169/580/1168
f 1773/836/1772 1775/838/1774 1170/837/1169
f 1776/251/1775 1823/841/1822 1774/839/1773
f 1737/329/1736 1778/842/1777 1739/329/1738
f 1780/844/1779 1777/840/1776 1778/842/1777
f 1779/825/1778 1780/844/1779 1778/842/1777
f 1782/827/1781 1831/843/1830 1779/825/1778
f 1783/291/1782 1781/335/1780 1831/843/1830
f 1783/291/1782 1784/292/1783 1781/335/1780
f 1784/292/1783 1832/863/1831 1781/335/1780
f 1686/824/1685 1782/827/1781 1779/825/1778
f 1783/291/1782 1788/294/1787 1784/292/1783
f 1786/291/1785 1787/292/1786 1837/292/1836
f 1786/291/1785 1837/292/1836 1788/294/1787
f 1789/292/1788 1792/291/1791 1787/292/1786
f 1789/292/1788 1747/291/1746 1791/294/1790
f 1791/294/1790 1792/291/1791 1789/292/1788
f 1793/291/1792 1794/291/1793 1748/291/1747
f 1795/294/1794 1791/294/1790 1790/292/1789
f 1794/291/1793 1795/294/1794 1790/292/1789
f 1804/294/1803 1794/291/1793 1793/291/1792
f 1796/316/1795 1751/316/1750 1797/316/1796
f 1745/316/1744 1798/845/1797 1744/316/1743
f 1751/316/1750 1743/316/1742 1798/845/1797
f 1751/316/1750 1799/846/1798 1797/316/1796
f 1799/846/1798 1751/316/1750 1798/845/1797
f 1754/829/1753 1800/851/1799 1801/847/1800
f 1752/830/1751 1801/847/1800 1799/846/1798
f 1803/292/1802 1793/291/1792 1758/291/1757
f 1811/294/1810 1804/294/1803 1793/291/1792
f 1761/349/1760 1850/316/1849 1806/316/1805
f 1800/851/1799 1762/818/1761 1808/850/1807
f 1808/850/1807 1875/874/1874 1854/852/1853
f 1803/292/1802 1764/989/1763 1809/294/1808
f 1803/292/1802 1809/294/1808 1811/294/1810
f 1811/294/1810 1793/291/1792 1803/292/1802
f 1765/853/1764 1815/294/1814 1771/822/1770
f 1725/834/1724 1766/292/1765 1809/294/1808
f 1813/291/1812 1771/822/1770 1815/294/1814
f 1766/292/1765 1813/291/1812 1810/294/1809
f 1813/291/1812 1814/294/1813 1810/294/1809
f 1815/294/1814 1767/835/1766 1876/291/1875
f 1767/835/1766 1816/855/1815 1876/291/1875
f 1861/356/1860 1818/291/1817 1817/990/1816
f 1816/855/1815 1818/291/1817 1876/291/1875
f 1817/990/1816 1818/291/1817 1816/855/1815
f 1861/356/1860 1817/990/1816 1869/294/1868
f 1821/316/1820 1819/316/1818 1772/316/1771
f 1821/316/1820 1820/854/1819 1767/835/1766
f 1767/835/1766 1819/316/1818 1821/316/1820
f 1761/349/1760 1806/316/1805 1822/316/1821
f 1170/837/1169 1185/590/1184 1169/580/1168
f 1824/858/1823 1187/27/1186 1185/590/1184
f 1185/590/1184 1187/27/1186 1186/591/1185
f 1824/858/1823 1825/857/1824 1187/27/1186
f 1825/857/1824 1826/16/1825 1187/27/1186
f 1823/841/1822 1777/840/1776 1827/856/1826
f 1185/590/1184 1823/841/1822 1824/858/1823
f 1823/841/1822 1827/856/1826 1824/858/1823
f 1829/16/1828 1826/16/1825 1825/857/1824
f 1780/844/1779 1827/856/1826 1777/840/1776
f 1780/844/1779 1825/857/1824 1827/856/1826
f 1781/335/1780 1830/860/1829 1831/843/1830
f 1781/335/1780 1833/862/1832 1830/860/1829
f 1832/863/1831 1833/862/1832 1781/335/1780
f 1832/863/1831 1834/861/1833 1833/862/1832
f 1834/861/1833 1832/863/1831 1836/292/1835
f 1836/292/1835 1890/294/1889 1834/861/1833
f 1788/294/1787 1835/294/1834 1784/292/1783
f 1837/292/1836 1838/292/1837 1788/294/1787
f 1839/294/1838 1890/294/1889 1836/292/1835
f 1838/292/1837 1843/294/1842 1839/294/1838
f 1795/294/1794 1840/292/1839 1792/291/1791
f 1794/291/1793 1840/292/1839 1795/294/1794
f 1837/292/1836 1840/292/1839 1838/292/1837
f 1843/294/1842 1838/292/1837 1840/292/1839
f 1842/294/1841 1843/294/1842 1840/292/1839
f 1848/277/1847 1873/277/1872 1846/277/1845
f 1845/277/1844 1873/277/1872 1848/277/1847
f 1919/890/1918 1852/866/1851 1920/277/1919
f 1797/316/1796 1850/316/1849 1796/316/1795
f 1919/890/1918 1849/865/1848 1852/866/1851
f 1852/866/1851 1850/316/1849 1851/849/1850
f 1901/868/1900 1855/336/1854 1903/885/1902
f 1805/292/1804 1812/294/1811 1842/294/1841
f 1842/294/1841 1840/292/1839 1841/292/1840
f 1856/294/1855 1812/294/1811 1877/291/1876
f 1856/294/1855 1877/291/1876 1859/292/1858
f 1857/291/1856 1860/291/1859 1859/292/1858
f 1858/294/1857 1908/291/1907 1860/291/1859
f 1818/291/1817 1862/294/1861 1867/292/1866
f 1913/888/1912 1867/292/1866 1911/870/1910
f 1858/294/1857 1867/292/1866 1908/291/1907
f 1863/294/1862 1869/294/1868 1865/294/1864
f 1908/291/1907 1867/292/1866 1913/888/1912
f 1865/294/1864 1870/873/1869 1866/292/1865
f 1871/991/1870 1867/292/1866 1870/873/1869
f 1866/292/1865 1870/873/1869 1867/292/1866
f 1845/277/1844 1868/869/1867 1871/991/1870
f 1873/277/1872 1872/872/1871 1846/277/1845
f 1820/854/1819 1919/890/1918 1874/871/1873
f 1865/294/1864 1874/871/1873 1872/872/1871
f 1822/316/1821 1806/316/1805 1820/854/1819
f 1919/890/1918 1820/854/1819 1806/316/1805
f 1806/316/1805 1849/865/1848 1919/890/1918
f 1850/316/1849 1849/865/1848 1806/316/1805
f 1814/294/1813 1815/294/1814 1876/291/1875
f 1877/291/1876 1814/294/1813 1857/291/1856
f 1857/291/1856 1876/291/1875 1860/291/1859
f 1863/294/1862 1861/356/1860 1869/294/1868
f 1876/291/1875 1818/291/1817 1858/294/1857
f 1865/294/1864 1817/990/1816 1816/855/1815
f 1816/855/1815 1820/854/1819 1874/871/1873
f 1820/854/1819 1821/316/1820 1822/316/1821
f 1829/16/1828 1206/31/1205 1826/16/1825
f 1207/27/1206 1879/16/1878 1273/31/1272
f 1879/16/1878 1922/875/1921 1273/31/1272
f 1878/16/1877 1880/31/1879 1879/16/1878
f 1880/31/1879 1881/27/1880 1922/875/1921
f 1828/859/1827 1882/876/1881 1878/16/1877
f 1886/27/1885 1880/31/1879 1882/876/1881
f 1880/31/1879 1883/16/1882 1881/27/1880
f 1884/878/1883 1881/27/1880 1883/16/1882
f 1833/862/1832 1886/27/1885 1882/876/1881
f 1886/27/1885 1887/877/1886 1883/16/1882
f 1886/27/1885 1883/16/1882 1880/31/1879
f 1887/877/1886 1888/880/1887 1884/878/1883
f 1888/880/1887 1889/879/1888 1884/878/1883
f 1890/294/1889 1891/291/1890 1885/864/1884
f 1891/291/1890 1892/291/1891 1887/877/1886
f 1899/882/1898 1895/277/1894 1931/277/1930
f 1843/294/1842 1896/292/1895 1839/294/1838
f 1891/291/1890 1893/881/1892 1892/291/1891
f 1898/883/1897 1894/277/1893 1889/879/1888
f 1894/277/1893 1898/883/1897 1899/882/1898
f 1852/866/1851 1851/849/1850 1901/868/1900
f 1912/889/1911 1895/277/1894 1899/882/1898
f 1912/889/1911 1900/277/1899 1895/277/1894
f 1920/277/1919 1902/277/1901 1895/277/1894
f 1903/885/1902 1904/944/1903 1902/277/1901
f 1904/944/1903 1935/277/1934 1902/277/1901
f 1856/294/1855 1905/292/1904 1843/294/1842
f 1905/292/1904 1906/294/1905 1843/294/1842
f 1906/294/1905 1907/294/1906 1898/883/1897
f 1909/886/1908 1914/887/1913 1899/882/1898
f 1898/883/1897 1909/886/1908 1899/882/1898
f 1911/870/1910 1918/992/1917 1912/889/1911
f 1914/887/1913 1908/291/1907 1912/889/1911
f 1914/887/1913 1912/889/1911 1899/882/1898
f 1848/277/1847 1846/277/1845 1915/993/1914
f 1910/294/1909 1847/994/1846 1915/993/1914
f 1915/993/1914 1847/994/1846 1848/277/1847
f 1846/277/1845 1874/871/1873 1900/277/1899
f 1910/294/1909 1915/993/1914 1918/992/1917
f 1900/277/1899 1916/277/1915 1846/277/1845
f 1917/277/1916 1916/277/1915 1912/889/1911
f 1917/277/1916 1918/992/1917 1915/993/1914
f 1916/277/1915 1900/277/1899 1912/889/1911
f 1919/890/1918 1920/277/1919 1900/277/1899
f 1860/291/1859 1908/291/1907 1921/292/1920
f 1907/294/1906 1860/291/1859 1921/292/1920
f 1921/292/1920 1908/291/1907 1914/887/1913
f 1274/979/1273 1923/893/1922 1276/624/1275
f 1273/31/1272 1922/875/1921 1269/16/1268
f 1922/875/1921 1274/979/1273 1269/16/1268
f 1276/624/1275 1275/623/1274 1274/979/1273
f 1923/893/1922 1927/277/1926 1924/625/1923
f 1924/625/1923 1290/892/1289 1277/626/1276
f 1924/625/1923 1925/277/1924 1290/892/1289
f 1922/875/1921 1923/893/1922 1274/979/1273
f 1926/895/1925 1927/277/1926 1923/893/1922
f 1927/277/1926 1936/894/1935 1925/277/1924
f 1884/878/1883 1926/895/1925 1923/893/1922
f 1928/277/1927 1929/277/1928 1936/894/1935
f 1932/897/1931 1929/277/1928 1930/278/1929
f 1931/277/1930 1895/277/1894 1928/277/1927
f 1934/884/1933 1932/897/1931 1930/278/1929
f 1935/277/1934 1932/897/1931 1934/884/1933
f 1937/711/1936 1296/1/1295 1292/627/1291
f 1938/896/1937 1937/711/1936 1936/894/1935
f 1485/428/1484 1543/424/1542 1481/424/1480
f 1941/429/1940 1940/737/1939 1486/428/1485
f 939/428/938 927/428/926 929/428/928
f 1485/428/1484 1942/428/1941 1939/428/1938
f 1942/428/1941 1943/428/1942 1939/428/1938
f 947/428/946 944/428/943 939/428/938
f 1965/428/1964 1945/424/1944 1944/428/1943
f 1946/428/1945 1943/428/1942 1942/428/1941
f 946/424/945 1947/428/1946 1946/428/1945
f 1947/428/1946 1948/428/1947 1946/428/1945
f 1946/428/1945 1948/428/1947 1943/428/1942
f 1950/428/1949 950/428/949 1945/424/1944
f 1947/428/1946 1951/428/1950 1948/428/1947
f 1967/428/1966 1955/428/1954 1969/428/1968
f 950/428/949 961/428/960 954/429/953
f 961/428/960 950/428/949 1953/428/1952
f 956/428/955 1951/428/1950 1947/428/1946
f 1952/428/1951 1967/428/1966 1963/429/1962
f 1952/428/1951 1955/428/1954 1967/428/1966
f 964/428/963 956/428/955 962/428/961
f 1957/428/1956 961/428/960 1953/428/1952
f 1953/428/1952 1958/428/1957 1957/428/1956
f 1958/428/1957 1954/428/1953 1956/429/1955
f 1959/898/1958 1958/428/1957 1956/429/1955
f 1959/898/1958 1955/428/1954 1952/428/1951
f 963/424/962 1957/428/1956 964/428/963
f 1959/898/1958 964/428/963 1957/428/1956
f 964/428/963 1959/898/1958 1952/428/1951
f 1550/761/1549 1961/429/1960 1547/428/1546
f 1960/428/1959 1962/428/1961 1550/761/1549
f 1961/429/1960 1548/428/1547 1547/428/1546
f 1961/429/1960 1941/429/1940 1548/428/1547
f 1965/428/1964 1944/428/1943 1941/429/1940
f 1961/429/1960 1965/428/1964 1941/429/1940
f 1964/428/1963 1965/428/1964 1961/429/1960
f 1960/428/1959 1967/428/1966 1962/428/1961
f 1962/428/1961 1968/428/1967 1964/428/1963
f 1963/429/1962 1967/428/1966 1960/428/1959
f 1966/428/1965 1965/428/1964 1964/428/1963
f 1967/428/1966 1969/428/1968 1962/428/1961
f 1966/428/1965 1949/428/1948 1965/428/1964
f 1971/899/1970 1044/508/1043 1970/517/1969
f 1057/519/1056 1056/518/1055 1979/900/1978
f 1059/494/1058 1058/520/1057 1974/481/1973
f 1974/481/1973 1976/494/1975 1975/494/1974
f 1059/494/1058 1974/481/1973 1975/494/1974
f 1985/495/1984 1982/481/1981 1061/495/1060
f 1063/513/1062 1977/906/1976 1473/428/1472
f 1987/905/1986 1063/513/1062 1064/904/1063
f 1978/995/1977 1055/514/1054 1312/640/1311
f 1978/995/1977 1312/640/1311 1989/996/1988
f 1978/995/1977 1971/899/1970 1055/514/1054
f 1971/899/1970 1990/997/1989 1991/998/1990
f 1979/900/1978 1056/518/1055 1971/899/1970
f 1994/495/1993 1976/494/1975 1974/481/1973
f 1980/911/1979 1994/495/1993 1973/902/1972
f 1976/494/1975 1984/494/1983 1060/494/1059
f 1976/494/1975 1994/495/1993 1995/494/1994
f 1473/428/1472 1986/907/1985 1525/428/1524
f 1986/907/1985 1996/909/1995 1525/428/1524
f 1063/513/1062 1987/905/1986 1977/906/1976
f 1977/906/1976 1988/908/1987 1986/907/1985
f 1312/640/1311 1323/653/1322 1989/996/1988
f 1990/997/1989 1978/995/1977 1989/996/1988
f 1990/997/1989 1971/899/1970 1978/995/1977
f 1979/900/1978 1971/899/1970 1991/998/1990
f 1991/998/1990 1993/910/1992 1979/900/1978
f 1992/914/1991 1972/901/1971 1993/910/1992
f 1980/911/1979 1972/901/1971 1992/914/1991
f 1999/481/1998 1984/494/1983 2004/495/2003
f 1995/494/1994 1994/495/1993 2012/481/2011
f 1987/905/1986 1997/495/1996 1988/908/1987
f 1981/903/1980 1983/495/1982 1997/495/1996
f 1984/494/1983 1999/481/1998 1982/481/1981
f 2000/921/1999 1990/997/1989 1989/996/1988
f 2008/919/2007 2000/921/1999 1989/996/1988
f 2000/921/1999 1991/998/1990 1990/997/1989
f 1993/910/1992 1991/998/1990 2010/915/2009
f 2010/915/2009 1991/998/1990 2000/921/1999
f 2001/916/2000 1980/911/1979 1992/914/1991
f 2002/494/2001 2012/481/2011 1994/495/1993
f 2012/481/2011 2005/917/2004 1995/494/1994
f 1997/495/1996 2006/495/2005 1998/913/1997
f 2004/495/2003 2007/494/2006 1999/481/1998
f 2007/494/2006 1997/495/1996 1983/495/1982
f 2010/915/2009 2018/935/2017 1992/914/1991
f 1323/653/1322 2008/919/2007 1989/996/1988
f 2009/922/2008 2000/921/1999 2008/919/2007
f 2018/935/2017 2010/915/2009 2011/923/2010
f 2018/935/2017 2001/916/2000 1992/914/1991
f 2001/916/2000 2018/935/2017 2019/937/2018
f 2002/494/2001 2020/938/2019 2021/925/2020
f 2002/494/2001 2001/916/2000 2020/938/2019
f 2012/481/2011 2021/925/2020 2022/924/2021
f 1731/316/1730 1769/929/1768 1654/316/1653
f 1731/316/1730 2013/926/2012 1769/929/1768
f 2003/912/2002 2014/918/2013 2013/926/2012
f 2014/918/2013 2023/930/2022 2013/926/2012
f 2015/494/2014 2016/495/2015 2007/494/2006
f 2005/917/2004 2015/494/2014 2004/495/2003
f 2007/494/2006 2004/495/2003 2015/494/2014
f 2014/918/2013 2026/481/2025 2023/930/2022
f 1997/495/1996 2016/495/2015 2006/495/2005
f 2016/495/2015 2026/481/2025 2006/495/2005
f 1358/682/1357 2008/919/2007 1336/920/1335
f 2017/927/2016 2009/922/2008 2008/919/2007
f 2009/922/2008 2034/936/2033 2011/923/2010
f 2020/938/2019 2029/928/2028 2021/925/2020
f 2013/926/2012 2023/930/2022 1769/929/1768
f 2023/930/2022 2024/931/2023 1808/850/1807
f 2025/495/2024 2027/932/2026 2026/481/2025
f 2030/939/2029 2026/481/2025 2027/932/2026
f 2017/927/2016 2028/933/2027 2009/922/2008
f 2009/922/2008 2028/933/2027 2034/936/2033
f 2034/936/2033 2033/942/2032 2036/934/2035
f 2018/935/2017 2036/934/2035 2019/937/2018
f 2031/336/2030 2029/928/2028 2040/461/2039
f 1808/850/1807 2024/931/2023 1875/874/1874
f 2030/939/2029 1855/336/1854 1875/874/1874
f 2039/940/2038 2027/932/2026 2031/336/2030
f 2027/932/2026 2039/940/2038 2030/939/2029
f 2028/933/2027 1358/682/1357 1371/183/1370
f 2032/941/2031 2043/183/2042 2033/942/2032
f 2037/461/2036 2035/336/2034 2045/947/2044
f 2036/934/2035 2033/942/2032 2035/336/2034
f 2041/468/2040 2048/336/2047 2047/336/2046
f 2029/928/2028 2035/336/2034 2037/461/2036
f 1903/885/1902 1855/336/1854 2038/336/2037
f 2039/940/2038 2041/468/2040 2038/336/2037
f 2040/461/2039 2037/461/2036 2041/468/2040
f 2042/183/2041 1371/183/1370 1379/183/1378
f 2042/183/2041 2051/164/2050 2043/183/2042
f 2046/943/2045 2051/164/2050 2052/948/2051
f 2043/183/2042 2051/164/2050 2046/943/2045
f 2033/942/2032 2043/183/2042 2046/943/2045
f 1904/944/1903 1932/897/1931 1935/277/1934
f 2045/947/2044 2052/948/2051 2044/945/2043
f 2047/336/2046 2053/946/2052 1904/944/1903
f 2037/461/2036 2045/947/2044 2048/336/2047
f 2050/183/2049 1433/165/1432 1435/164/1434
f 2051/164/2050 1393/164/1392 2049/183/2048
f 2051/164/2050 2042/183/2041 1393/164/1392
f 2052/948/2051 2050/183/2049 2054/949/2053
f 1933/277/1932 2055/950/2054 1938/896/1937
f 2053/946/2052 2055/950/2054 1933/277/1932
f 2044/945/2043 2054/949/2053 2053/946/2052
f 2053/946/2052 2054/949/2053 2055/950/2054
f 2055/950/2054 1434/713/1433 1937/711/1936
f 1/1/1 5/1/5 3/1/3
f 8/3/8 258/1/258 9/1/9
f 271/1/271 19/1/19 14/1/14
f 16/1/16 91/6/91 90/5/90
f 16/1/16 19/1/19 15/1/15
f 19/1/19 278/1/278 15/1/15
f 28/952/28 32/2/32 25/1/25
f 35/1/35 33/1/33 36/1/36
f 29/1/29 37/1/37 31/1/31
f 22/1/22 38/1/38 39/1/39
f 21/3/21 39/1/39 32/2/32
f 49/1/49 60/15/60 45/953/45
f 44/955/44 49/1/49 45/953/45
f 48/1/48 51/1/51 47/1/47
f 48/1/48 47/1/47 60/15/60
f 26/10/26 48/1/48 49/1/49
f 30/1/30 51/1/51 48/1/48
f 36/1/36 33/1/33 53/2/53
f 41/1/41 54/1/54 33/1/33
f 33/1/33 2/1/2 53/2/53
f 45/953/45 58/14/58 55/24/55
f 55/24/55 56/23/56 57/954/57
f 62/1/62 59/1/59 46/1/46
f 46/1/46 59/1/59 47/1/47
f 100/26/100 65/13/65 101/12/101
f 73/20/73 56/23/56 58/14/58
f 73/20/73 71/18/71 76/27/76
f 61/1/61 79/28/79 69/17/69
f 65/13/65 75/31/75 103/47/103
f 67/21/67 77/27/77 85/27/85
f 68/25/68 83/27/83 75/31/75
f 76/27/76 69/17/69 78/16/78
f 81/27/81 69/17/69 86/30/86
f 82/4/82 89/33/89 80/29/80
f 64/16/64 65/13/65 103/47/103
f 127/60/127 111/50/111 113/49/113
f 155/79/155 156/62/156 132/61/132
f 200/114/200 187/101/187 185/100/185 197/101/197
f 155/79/155 177/82/177 154/80/154
f 162/87/162 163/84/163 164/88/164
f 156/62/156 174/92/174 173/78/173
f 173/78/173 185/100/185 187/101/187
f 213/115/213 209/224/209 196/97/196
f 54/1/54 41/1/41 241/1/241 242/3/242
f 214/116/214 232/114/232 215/125/215
f 242/3/242 237/3/237 2/1/2
f 240/2/240 288/1/288 286/1/286 289/1/289
f 240/2/240 246/147/246 245/146/245
f 244/148/244 243/145/243 246/147/246
f 237/3/237 238/144/238 249/1/249
f 1/1/1 250/1/250 5/1/5
f 243/145/243 255/152/255 245/146/245
f 243/145/243 256/154/256 255/152/255
f 254/2/254 261/1/261 260/1/260
f 264/1/264 267/1/267 265/1/265
f 272/1/272 279/163/279 278/1/278
f 416/267/416 413/267/413 404/267/404 408/270/408
f 289/1/289 287/1/287 240/2/240
f 228/133/228 379/241/379 358/97/358
f 399/262/399 400/264/400 409/272/409
f 412/718/412 413/267/413 414/274/414
f 480/292/480 468/292/468 466/292/466 471/291/471
f 496/294/496 452/292/452 498/292/498
f 451/291/451 448/292/448 455/292/455
f 449/277/449 456/299/456 453/295/453
f 458/277/458 456/299/456 449/277/449
f 473/300/473 474/961/474 475/964/475
f 476/302/476 459/296/459 477/277/477
f 460/277/460 479/303/479 477/277/477
f 474/961/474 476/302/476 508/884/508
f 462/317/462 478/304/478 460/277/460
f 467/291/467 466/292/466 468/292/468
f 434/16/434 486/311/486 484/307/484 483/960/483
f 500/322/500 499/318/499 462/317/462 464/277/464
f 510/962/510 475/964/475 474/961/474 508/884/508
f 529/292/529 527/294/527 528/291/528 530/294/530
f 463/298/463 983/461/982 465/963/465
f 503/291/503 469/292/469 522/294/522
f 468/292/468 480/292/480 519/291/519
f 480/292/480 481/292/481 520/294/520
f 475/964/475 525/294/525 524/292/524
f 552/329/552 549/329/549 547/308/547 485/306/485
f 530/294/530 531/294/531 529/292/529
f 532/277/532 509/315/509 525/294/525
f 528/291/528 509/315/509 533/294/533
f 465/963/465 536/336/536 516/323/516
f 521/292/521 520/294/520 539/291/539
f 519/291/519 523/292/523 537/294/537
f 523/292/523 521/292/521 538/292/538
f 148/69/148 544/327/544 545/73/545
f 606/330/606 612/330/612 551/329/551
f 589/292/589 586/294/586 518/291/518 540/292/540
f 485/306/485 612/330/612 552/329/552
f 552/329/552 612/330/612 606/330/606
f 560/294/560 561/291/561 559/335/559
f 566/294/566 564/294/564 567/292/567
f 574/337/574 575/350/575 569/316/569
f 574/337/574 573/336/573 576/351/576
f 576/351/576 575/350/575 574/337/574
f 575/350/575 570/316/570 569/316/569
f 573/336/573 577/341/577 576/351/576
f 568/291/568 505/291/505 517/292/517
f 581/316/581 571/349/571 582/316/582
f 579/291/579 586/294/586 587/356/587
f 696/371/696 642/358/642 695/371/695 758/392/758
f 590/294/590 588/291/588 651/361/651
f 531/294/531 591/342/591 541/291/541
f 526/291/526 591/342/591 539/291/539
f 542/325/542 535/316/535 595/316/595
f 545/73/545 546/345/546 599/71/599
f 601/69/601 599/71/599 600/69/600
f 606/330/606 551/329/551 607/251/607
f 571/349/571 628/316/628 627/316/627
f 646/316/646 596/316/596 639/316/639
f 647/354/647 585/340/585 583/338/583
f 600/69/600 654/73/654 602/71/602
f 658/330/658 609/329/609 657/251/657
f 621/316/621 631/316/631 668/316/668
f 675/316/675 640/316/640 676/316/676
f 624/292/624 684/369/684 683/384/683
f 679/316/679 688/349/688 646/316/646
f 688/349/688 597/316/597 646/316/646
f 640/316/640 647/354/647 649/316/649
f 640/316/640 649/316/649 681/316/681
f 736/316/736 681/316/681 649/316/649
f 684/369/684 691/396/691 683/384/683
f 763/398/763 802/969/801 803/970/802 764/371/764
f 650/362/650 698/376/698 697/363/697
f 711/251/711 660/330/660 712/966/712
f 715/380/715 712/966/712 716/406/716
f 718/316/718 720/316/720 722/316/722
f 663/254/663 677/256/677 392/253/392
f 732/316/732 731/316/731 719/316/719
f 740/316/740 703/316/703 689/316/689
f 753/394/753 804/409/803 762/397/762
f 766/965/766 709/379/709 828/400/827
f 723/316/723 727/349/727 773/316/773
f 723/316/723 773/316/773 725/349/725
f 725/349/725 773/316/773 774/316/774
f 773/316/773 781/316/781 774/316/774
f 772/316/772 777/316/777 734/316/734
f 777/316/777 778/316/778 739/316/739
f 775/316/775 782/316/782 781/316/781
f 783/316/783 791/412/790 789/427/788
f 852/392/851 808/363/807 853/392/852 854/392/853
f 803/970/802 815/419/814 814/363/813
f 814/363/813 819/392/818 818/420/817
f 793/432/792 839/446/838 745/395/745
f 841/371/840 843/363/842 842/371/841
f 792/418/791 1036/417/1035 860/435/859
f 789/427/788 791/412/790 861/428/860
f 807/371/806 850/363/849 757/392/757
f 807/371/806 806/392/805 849/363/848
f 831/425/830 1456/400/1455 895/400/894 768/404/768
f 857/371/856 856/371/855 858/436/857
f 879/428/878 869/424/868 870/428/869
f 878/428/877 883/424/882 877/421/876
f 826/400/825 828/400/827 890/400/889
f 901/371/900 900/371/899 842/371/841 904/371/903
f 842/371/841 843/363/842 902/392/901
f 852/392/851 907/371/906 906/371/905 905/392/904
f 1223/1/1222 1210/603/1209 1209/1/1208 1222/3/1221
f 864/392/863 865/438/864 866/447/865
f 908/363/907 910/392/909 1469/371/1468
f 930/428/929 937/428/936 948/451/947
f 948/451/947 955/428/954 951/428/950
f 989/468/988 998/474/997 994/336/993
f 1006/497/1005 997/484/996 1021/495/1020
f 1046/501/1045 1048/509/1047 1034/502/1033
f 1053/495/1052 1033/494/1032 1037/494/1036
f 1970/517/1969 1044/508/1043 1042/515/1041
f 1068/116/1067 1083/116/1082 1070/116/1069
f 1085/522/1084 1072/135/1071 1086/524/1085
f 1083/116/1082 1094/114/1093 1082/114/1081
f 1120/556/1119 1136/80/1135 1137/568/1136
f 1136/80/1135 1135/570/1134 1138/576/1137
f 1140/571/1139 1141/39/1140 1125/558/1124
f 1126/559/1125 1144/573/1143 1142/560/1141
f 1146/71/1145 1161/71/1160 1128/561/1127
f 1160/586/1159 1145/579/1144 1162/578/1161
f 1166/71/1165 1160/586/1159 1162/578/1161
f 1191/595/1190 1209/1/1208 1210/603/1209
f 1214/1/1213 1213/169/1212 1197/607/1196
f 1215/1/1214 1214/1/1213 1217/1/1216
f 1209/1/1208 1208/1/1207 1222/3/1221
f 1230/2/1229 1212/606/1211 1195/608/1194 1194/596/1193
f 1210/603/1209 1223/1/1222 1211/605/1210
f 1275/623/1274 1271/621/1270 1270/16/1269 1274/979/1273
f 1229/1/1228 1228/1/1227 1237/1/1236
f 1231/1/1230 1232/977/1231 1246/1/1245
f 1232/977/1231 1244/615/1243 1255/614/1254
f 1252/31/1251 1260/602/1259 1241/611/1240
f 1241/611/1240 1268/31/1267 1254/616/1253
f 1265/619/1264 1271/621/1270 1266/620/1265
f 1261/27/1260 1269/16/1268 1262/31/1261
f 1261/27/1260 1262/31/1261 1270/16/1269
f 1256/27/1255 1263/16/1262 1261/27/1260
f 1270/16/1269 1262/31/1261 1274/979/1273
f 1394/2/1393 1226/1/1225 1223/1/1222 1227/1/1226
f 1285/1/1284 1287/2/1286 1286/1/1285
f 1285/1/1284 1289/1/1288 1287/2/1286
f 1301/212/1300 1310/203/1309 384/203/384
f 1315/648/1314 1313/633/1312 1325/647/1324
f 1316/227/1315 1326/203/1325 1333/227/1332
f 1348/663/1347 1350/664/1349 1337/186/1336
f 1386/1/1385 1226/1/1225 1387/1/1386
f 1418/1/1417 1411/1/1410 1410/2/1409 1417/1/1416
f 1226/1/1225 1394/2/1393 1387/1/1386
f 1239/1/1238 1278/1/1277 1395/1/1394
f 1396/1/1395 1278/1/1277 1279/1/1278
f 1382/693/1381 1387/1/1386 1398/702/1397
f 1387/1/1386 1394/2/1393 1398/702/1397
f 1394/2/1393 1400/704/1399 1401/703/1400
f 1401/703/1400 1409/707/1408 1399/146/1398
f 1396/1/1395 1404/169/1403 1406/1/1405
f 1396/1/1395 1406/1/1405 1405/1/1404
f 1406/1/1405 1404/169/1403 1407/1/1406
f 1400/704/1399 1408/981/1407 1401/703/1400
f 1401/703/1400 1408/981/1407 1409/707/1408
f 1412/708/1411 1409/707/1408 1411/1/1410
f 1406/1/1405 1407/1/1406 1414/1/1413
f 906/371/905 1466/363/1465 1509/363/1508 851/392/850
f 1414/1/1413 1286/1/1285 1422/1/1421
f 1415/169/1414 1422/1/1421 1421/1/1420
f 1426/1/1425 1421/1/1420 1423/14/1422
f 1425/1/1424 1418/1/1417 1424/1/1423
f 1425/1/1424 1424/1/1423 1431/712/1430
f 1425/1/1424 1431/712/1430 1427/709/1426
f 1431/712/1430 1429/1/1428 1432/982/1431
f 1429/1/1428 1294/1/1293 1295/1/1294
f 1430/1/1429 1295/1/1294 1296/1/1295
f 1489/400/1488 890/400/889 830/143/829
f 1462/972/1461 1495/741/1494 1461/274/1460
f 1503/428/1502 1492/748/1491 1493/749/1492 1502/428/1501
f 1470/363/1469 1469/371/1468 1471/363/1470
f 1474/734/1473 1478/428/1477 1479/736/1478
f 1482/428/1481 1542/428/1541 1483/428/1482
f 1459/732/1458 1457/400/1456 1556/769/1555
f 1662/799/1661 1659/804/1658 1594/803/1593 1576/805/1575
f 1584/777/1583 1525/428/1524 1504/776/1503
f 1514/392/1513 1513/392/1512 1515/392/1514
f 1494/428/1493 1503/428/1502 1521/428/1520
f 1525/428/1524 1583/750/1582 1524/428/1523
f 1478/428/1477 1536/985/1535 1533/428/1532
f 1537/788/1536 1544/759/1543 1545/762/1544
f 1545/762/1544 1539/428/1538 1617/987/1616
f 1483/428/1482 1540/428/1539 1548/428/1547
f 1555/792/1554 1624/790/1623 1554/730/1553
f 1562/316/1561 1559/316/1558 1560/316/1559
f 1563/349/1562 1634/316/1633 1644/316/1643
f 1560/316/1559 1568/316/1567 1566/354/1565
f 1580/316/1579 1566/354/1565 1568/316/1567
f 1582/740/1581 1583/750/1582 1571/316/1570
f 1537/788/1536 1617/987/1616 1615/757/1614
f 1626/251/1625 1622/789/1621 1557/793/1556
f 1635/316/1634 1633/316/1632 1636/316/1635
f 1643/316/1642 1644/316/1643 1642/316/1641
f 1648/316/1647 1572/316/1571 1573/316/1572
f 1655/316/1654 1650/316/1649 1649/316/1648
f 1564/349/1563 1651/316/1650 1570/316/1569
f 1655/316/1654 1721/349/1720 1650/316/1649
f 1575/783/1574 1660/782/1659 1576/805/1575
f 1551/764/1550 1618/73/1617 1675/69/1674 1130/71/1129
f 1593/392/1592 1594/803/1593 1592/781/1591
f 1669/392/1668 1667/784/1666 1722/363/1721
f 1596/392/1595 1670/371/1669 1671/820/1670
f 1810/294/1809 1812/294/1811 1805/292/1804 1811/294/1810
f 1676/73/1675 1620/767/1619 1621/810/1620
f 1681/330/1680 1623/329/1622 1679/330/1678
f 1679/330/1678 1623/329/1622 1626/251/1625
f 1628/794/1627 1682/251/1681 1626/251/1625
f 1683/329/1682 1626/251/1625 1682/251/1681
f 1697/316/1696 1631/316/1630 1632/316/1631
f 1632/316/1631 1698/316/1697 1696/349/1695
f 1709/316/1708 1643/316/1642 1631/316/1630
f 1749/316/1748 1709/316/1708 1697/316/1696
f 1706/817/1705 1713/816/1712 1714/292/1713
f 1716/798/1715 1722/363/1721 1718/831/1717
f 1650/316/1649 1721/349/1720 1762/818/1761
f 1718/831/1717 1668/392/1667 1763/832/1762
f 1733/73/1732 1675/69/1674 1618/73/1617
f 1737/329/1736 1681/330/1680 1683/329/1682
f 1741/316/1740 1742/316/1741 1689/316/1688
f 1707/291/1706 1708/814/1707 1758/291/1757
f 1809/294/1808 1764/989/1763 1725/834/1724
f 1776/251/1775 1775/838/1774 1738/251/1737
f 1777/840/1776 1776/251/1775 1739/329/1738
f 1737/329/1736 1740/329/1739 1778/842/1777
f 1783/291/1782 1786/291/1785 1788/294/1787
f 1792/291/1791 1791/294/1790 1795/294/1794
f 1798/845/1797 1743/316/1742 1744/316/1743
f 1750/316/1749 1796/316/1795 1807/316/1806
f 1800/851/1799 1711/828/1710 1762/818/1761
f 1762/818/1761 1769/929/1768 1808/850/1807
f 1811/294/1810 1809/294/1808 1810/294/1809
f 1844/999/1843 1847/994/1846 1910/294/1909 1911/870/1910
f 1821/316/1820 1772/316/1771 1768/316/1767
f 1832/863/1831 1835/294/1834 1836/292/1835
f 1837/292/1836 1792/291/1791 1840/292/1839
f 1865/294/1864 1864/294/1863 1861/356/1860 1863/294/1862
f 1848/277/1847 1847/994/1846 1844/999/1843
f 1844/999/1843 1845/277/1844 1848/277/1847
f 1850/316/1849 1797/316/1796 1851/849/1850
f 1853/867/1852 1802/848/1801 1801/847/1800
f 1859/292/1858 1877/291/1876 1857/291/1856
f 1862/294/1861 1861/356/1860 1864/294/1863
f 1862/294/1861 1864/294/1863 1866/292/1865 1867/292/1866
f 1864/294/1863 1865/294/1864 1866/292/1865
f 1872/872/1871 1873/277/1872 1845/277/1844 1871/991/1870
f 1872/872/1871 1871/991/1870 1870/873/1869
f 1950/428/1949 1945/424/1944 1965/428/1964 1949/428/1948
f 1868/869/1867 1867/292/1866 1871/991/1870
f 1845/277/1844 1844/999/1843 1868/869/1867
f 1911/870/1910 1868/869/1867 1844/999/1843
f 1877/291/1876 1812/294/1811 1814/294/1813
f 1862/294/1861 1818/291/1817 1861/356/1860
f 1865/294/1864 1869/294/1868 1817/990/1816
f 1926/895/1925 1884/878/1883 1931/277/1930
f 1888/880/1887 1892/291/1891 1893/881/1892
f 1889/879/1888 1894/277/1893 1931/277/1930
f 1839/294/1838 1896/292/1895 1890/294/1889
f 1890/294/1889 1896/292/1895 1891/291/1890
f 1897/291/1896 1843/294/1842 1906/294/1905
f 1918/992/1917 1911/870/1910 1910/294/1909
f 1911/870/1910 1912/889/1911 1913/888/1912
f 1917/277/1916 1915/993/1914 1916/277/1915
f 1915/993/1914 1846/277/1845 1916/277/1915
f 1917/277/1916 1912/889/1911 1918/992/1917
f 1906/294/1905 1905/292/1904 1907/294/1906
f 1907/294/1906 1859/292/1858 1860/291/1859
f 1276/624/1275 1923/893/1922 1924/625/1923
f 1925/277/1924 1924/625/1923 1927/277/1926
f 1291/891/1290 1925/277/1924 1936/894/1935
f 947/428/946 1945/424/1944 950/428/949
f 1949/428/1948 1966/428/1965 1956/429/1955
f 1954/428/1953 1949/428/1948 1956/429/1955
f 1951/428/1950 964/428/963 1952/428/1951
f 1961/429/1960 1962/428/1961 1964/428/1963
f 2020/938/2019 2001/916/2000 2019/937/2018
f 2024/931/2023 2026/481/2025 2030/939/2029
f 2031/336/2030 2027/932/2026 2022/924/2021
o Cylinder
v 0.000000 0.524203 -2.218479
v 0.000000 7.784063 -0.169365
v 0.557903 0.524203 -2.163530
v 0.202768 7.783698 -0.199022
v 1.094365 0.524203 -2.000796
v 0.343339 7.805411 -0.182498
v 1.588772 0.524203 -1.736530
v 0.458275 7.837381 -0.129511
v 2.022124 0.524203 -1.380888
v 0.562906 7.871064 -0.052946
v 2.377766 0.524203 -0.947537
v 0.660528 7.908906 0.044106
v 2.642032 0.524203 -0.453130
v 0.739195 7.952605 0.157947
v 2.804766 0.524203 0.083333
v 0.786459 7.998194 0.282342
v 2.859715 0.524203 0.641236
v 0.796735 8.042373 0.408900
v 2.804766 0.524203 1.199138
v 0.769330 8.084713 0.530920
v 2.642032 0.524203 1.735601
v 0.710076 8.126095 0.642823
v 2.377766 0.524203 2.230008
v 0.629213 8.163328 0.741227
v 2.022124 0.524203 2.663359
v 0.535354 8.193005 0.824236
v 1.588772 0.524203 3.019001
v 0.425259 8.214350 0.889706
v 1.094365 0.524203 3.283267
v 0.299874 8.227499 0.935226
v 0.557903 0.524203 3.446002
v 0.160067 8.227736 0.943519
v 0.000000 0.524203 3.500950
v 0.000000 8.212294 0.898595
v 0.000000 3.154946 -1.142063
v 0.322672 3.154810 -1.110722
v 0.632842 3.154310 -1.017912
v 0.918391 3.153411 -0.866949
v 1.168044 3.152107 -0.663190
v 1.372506 3.151361 -0.414580
v 1.524806 3.153306 -0.131679
v 1.619189 3.154403 0.178796
v 1.650719 3.150891 0.506220
v 1.619353 3.149493 0.830062
v 1.526895 3.149617 1.140524
v 1.375613 3.149630 1.427132
v 1.170738 3.149323 1.678455
v 0.920330 3.148941 1.884709
v 0.634215 3.148666 2.037966
v 0.323429 3.148534 2.132338
v -0.000000 3.148510 2.164200
v -0.000000 4.941157 -0.753106
v 0.268235 4.947257 -0.733633
v 0.515396 4.954583 -0.674768
v 0.731212 4.953287 -0.573588
v 0.912178 4.947005 -0.433280
v 1.064033 4.940784 -0.259011
v 1.189497 4.941662 -0.049745
v 1.283081 4.945624 0.199908
v 1.320442 4.944674 0.467303
v 1.285103 4.954602 0.725426
v 1.200745 4.956779 0.979350
v 1.086239 4.958814 1.215612
v 0.939163 4.963944 1.419079
v 0.755107 4.968266 1.580060
v 0.529119 4.968389 1.692006
v 0.271711 4.965868 1.756194
v -0.000000 4.964520 1.777004
v 0.000000 6.977760 -0.913905
v 0.384060 7.021991 -0.911586
v 0.661104 7.101593 -0.838192
v 0.863069 7.163140 -0.721641
v 1.034821 7.206473 -0.595764
v 1.248171 7.238310 -0.472654
v 1.529754 7.296180 -0.334849
v 1.967672 7.312958 -0.116257
v 2.128927 7.435925 0.280036
v 2.020803 7.310289 0.712917
v 1.635271 7.396331 0.997905
v 1.441095 7.417662 1.242101
v 1.253260 7.450218 1.456275
v 1.036590 7.470381 1.610426
v 0.737337 7.465343 1.681921
v 0.382243 7.450159 1.699109
v 0.000000 7.439748 1.692061
v 0.423855 1.300458 -1.602254
v 0.831422 1.300458 -1.478620
v 1.207038 1.300458 -1.277849
v 1.536267 1.300458 -1.007657
v 1.806471 1.300603 -0.678589
v 2.007302 1.301358 -0.303808
v 2.130985 1.301986 0.103061
v 2.172665 1.301228 0.527751
v 2.130872 1.300571 0.952338
v 2.007230 1.300458 1.360032
v 1.806459 1.300458 1.735648
v 1.536267 1.300458 2.064877
v 1.207038 1.300458 2.335069
v 0.831422 1.300458 2.535840
v 0.423855 1.300458 2.659474
v -0.000000 1.300458 2.701220
v -0.000000 1.300458 -1.644000
v 0.361825 6.296477 -0.864998
v 0.649983 6.349943 -0.821665
v 0.862234 6.371716 -0.735552
v 1.024897 6.375849 -0.620439
v 1.195061 6.376964 -0.488569
v 1.396863 6.405093 -0.323449
v 1.669775 6.392154 -0.085423
v 1.706936 6.175179 0.263752
v 1.691012 6.411906 0.614709
v 1.433625 6.484204 0.942017
v 1.283751 6.495428 1.227343
v 1.144137 6.525878 1.462511
v 0.969445 6.551573 1.627739
v 0.703093 6.554079 1.711155
v 0.365586 6.542665 1.738886
v -0.000000 6.535996 1.743819
v 0.000000 6.260628 -0.873929
v 3.463514 5.455397 0.207353
v 3.462732 5.158348 0.631377
v 3.211617 5.404218 -0.090344
v 2.930691 4.944000 -0.120990
v 3.003311 4.799465 0.081161
v 3.152159 4.766288 0.463913
v 4.384209 4.390582 -1.144423
v 4.332672 4.167495 -0.944874
v 4.145156 4.425613 -1.326672
v 3.851803 4.102483 -1.414093
v 3.922636 3.918158 -1.293828
v 4.041662 3.862675 -1.069227
v 2.290047 5.839340 0.026975
v 2.319643 5.697076 0.283580
v 2.770736 6.239050 0.808771
v 2.837370 6.491498 0.365986
v 2.419047 5.758329 0.661803
v 2.610398 6.376356 0.024540
v -0.557903 0.524203 -2.163530
v -0.202768 7.783698 -0.199022
v -1.094365 0.524203 -2.000796
v -0.343339 7.805411 -0.182498
v -1.588772 0.524203 -1.736530
v -0.458275 7.837381 -0.129511
v -2.022124 0.524203 -1.380888
v -0.562906 7.871064 -0.052946
v -2.377766 0.524203 -0.947537
v -0.660528 7.908906 0.044106
v -2.642032 0.524203 -0.453130
v -0.739195 7.952605 0.157947
v -2.804766 0.524203 0.083333
v -0.786459 7.998195 0.282342
v -2.859715 0.524203 0.641236
v -0.796735 8.042373 0.408900
v -2.804766 0.524203 1.199138
v -0.769330 8.084713 0.530920
v -2.642032 0.524203 1.735601
v -0.710076 8.126095 0.642823
v -2.377766 0.524203 2.230008
v -0.629213 8.163328 0.741227
v -2.022124 0.524203 2.663359
v -0.535354 8.193005 0.824236
v -1.588772 0.524203 3.019001
v -0.425259 8.214350 0.889706
v -1.094365 0.524203 3.283267
v -0.299874 8.227499 0.935226
v -0.557903 0.524203 3.446002
v -0.160067 8.227736 0.943519
v -0.322672 3.154810 -1.110722
v -0.632842 3.154310 -1.017912
v -0.918391 3.153411 -0.866949
v -1.168044 3.152107 -0.663190
v -1.372506 3.151361 -0.414580
v -1.524806 3.153306 -0.131679
v -1.619189 3.154403 0.178796
v -1.650719 3.150891 0.506220
v -1.619353 3.149493 0.830062
v -1.526895 3.149617 1.140524
v -1.375613 3.149630 1.427132
v -1.170738 3.149323 1.678455
v -0.920330 3.148941 1.884709
v -0.634215 3.148666 2.037966
v -0.323429 3.148534 2.132338
v -0.268235 4.947257 -0.733633
v -0.515396 4.954583 -0.674768
v -0.731212 4.953287 -0.573588
v -0.912178 4.947005 -0.433280
v -1.064033 4.940784 -0.259011
v -1.189497 4.941662 -0.049745
v -1.283081 4.945624 0.199908
v -1.320442 4.944674 0.467303
v -1.285103 4.954602 0.725426
v -1.200745 4.956779 0.979350
v -1.086239 4.958814 1.215612
v -0.939163 4.963945 1.419079
v -0.755107 4.968266 1.580060
v -0.529119 4.968389 1.692006
v -0.271711 4.965868 1.756194
v -0.384060 7.021991 -0.911586
v -0.661104 7.101593 -0.838192
v -0.863069 7.163139 -0.721641
v -1.034821 7.206473 -0.595764
v -1.248171 7.238310 -0.472654
v -1.529753 7.296180 -0.334849
v -1.967672 7.312958 -0.116257
v -2.128927 7.435925 0.280036
v -2.020803 7.310289 0.712917
v -1.635271 7.396331 0.997905
v -1.441095 7.417662 1.242101
v -1.253260 7.450218 1.456275
v -1.036590 7.470381 1.610426
v -0.737337 7.465344 1.681921
v -0.382243 7.450158 1.699109
v -0.423855 1.300458 -1.602254
v -0.831422 1.300458 -1.478620
v -1.207038 1.300458 -1.277849
v -1.536267 1.300458 -1.007658
v -1.806471 1.300603 -0.678589
v -2.007302 1.301358 -0.303808
v -2.130985 1.301986 0.103061
v -2.172665 1.301228 0.527751
v -2.130872 1.300571 0.952338
v -2.007230 1.300458 1.360032
v -1.806459 1.300458 1.735648
v -1.536268 1.300458 2.064878
v -1.207038 1.300458 2.335069
v -0.831422 1.300458 2.535840
v -0.423855 1.300458 2.659474
v -0.361825 6.296477 -0.864998
v -0.649983 6.349943 -0.821664
v -0.862234 6.371716 -0.735553
v -1.024897 6.375849 -0.620440
v -1.195061 6.376964 -0.488569
v -1.396863 6.405093 -0.323449
v -1.669775 6.392154 -0.085423
v -1.706936 6.175179 0.263752
v -1.691012 6.411905 0.614709
v -1.433624 6.484204 0.942017
v -1.283751 6.495428 1.227343
v -1.144137 6.525878 1.462511
v -0.969445 6.551573 1.627739
v -0.703093 6.554079 1.711155
v -0.365586 6.542665 1.738886
v -3.463514 5.455397 0.207353
v -3.462733 5.158348 0.631377
v -3.211617 5.404218 -0.090344
v -2.930691 4.944000 -0.120990
v -3.003311 4.799465 0.081161
v -3.152159 4.766288 0.463913
v -4.384209 4.390582 -1.144423
v -4.332672 4.167495 -0.944874
v -4.145156 4.425613 -1.326672
v -3.851803 4.102483 -1.414093
v -3.922636 3.918158 -1.293828
v -4.041662 3.862675 -1.069227
v -2.290047 5.839340 0.026975
v -2.319643 5.697077 0.283580
v -2.770736 6.239050 0.808771
v -2.837370 6.491497 0.365986
v -2.419046 5.758329 0.661803
v -2.610398 6.376356 0.024540
v 0.280300 0.524203 -2.204698
v 0.107011 7.782813 -0.181685
v 0.000000 7.358452 -0.614793
v 0.487728 0.804315 -1.875500
v 0.830128 0.524203 -2.095330
v 0.279497 7.791887 -0.198378
v 0.956714 0.804315 -1.733235
v 1.348055 0.524203 -1.880798
v 0.402343 7.821009 -0.159033
v 1.388933 0.804315 -1.502209
v 1.814177 0.524203 -1.569345
v 0.511481 7.853953 -0.094014
v 1.767777 0.804315 -1.191301
v 2.210581 0.524203 -1.172941
v 0.613111 7.889251 -0.006775
v 2.078687 0.804333 -0.812477
v 2.522033 0.524203 -0.706820
v 0.703135 7.930206 0.099250
v 2.309721 0.804428 -0.380363
v 2.736566 0.524203 -0.188893
v 0.767225 7.975426 0.219350
v 2.451992 0.804506 0.088536
v 2.845933 0.524203 0.360936
v 0.796380 8.020548 0.345805
v 2.500021 0.804412 0.576369
v 2.845933 0.524203 0.921536
v 0.787504 8.063677 0.470857
v 2.451978 0.804329 1.064189
v 2.736566 0.524203 1.471364
v 0.743106 8.105656 0.588394
v 2.309711 0.804315 1.533190
v 2.522033 0.524203 1.989291
v 0.671607 8.145487 0.693844
v 2.078686 0.804315 1.965409
v 2.210581 0.524203 2.455412
v 0.584005 8.179202 0.784771
v 1.767777 0.804315 2.344253
v 1.814177 0.524203 2.851816
v 0.482418 8.204717 0.859345
v 1.388933 0.804315 2.655161
v 1.348055 0.524203 3.163269
v 0.364223 8.221930 0.914986
v 0.956714 0.804315 2.886187
v 0.830128 0.524203 3.377801
v 0.232375 8.230474 0.948358
v 0.487728 0.804315 3.028452
v 0.280300 0.524203 3.487169
v 0.081764 8.218304 0.916513
v 0.000000 0.804315 3.076489
v 0.000000 2.147410 -1.388934
v 0.280240 4.098940 -0.876416
v 0.548125 4.098669 -0.800206
v 0.792785 4.096373 -0.675160
v 1.004706 4.092490 -0.504944
v 1.177958 4.088956 -0.295248
v 1.308806 4.088593 -0.052057
v 1.392765 4.087453 0.221566
v 1.421585 4.084112 0.507355
v 1.394173 4.086466 0.784169
v 1.315660 4.087796 1.052735
v 1.188193 4.088083 1.302468
v 1.014476 4.087994 1.521168
v 0.800378 4.087628 1.699896
v 0.553101 4.086990 1.831735
v 0.282472 4.086362 1.912319
v -0.000000 4.086135 1.939415
v 0.162511 3.148514 2.156209
v 0.481172 3.148583 2.092788
v 0.781069 3.148786 1.968376
v 1.050640 3.149127 1.787751
v 1.279418 3.149503 1.557856
v 1.458350 3.149670 1.287543
v 1.580653 3.149505 0.987548
v 1.642791 3.149813 0.669369
v 1.642901 3.152845 0.341703
v 1.579612 3.154377 0.020539
v 1.455540 3.152093 -0.276944
v 1.276401 3.151480 -0.543806
v 1.048335 3.152795 -0.771250
v 0.779428 3.153915 -0.949407
v 0.480088 3.154608 -1.071835
v 0.162121 3.154916 -1.134200
v 0.000000 4.098500 -0.902105
v 0.305717 5.699906 -0.752754
v 0.567324 5.727362 -0.708533
v 0.775405 5.733070 -0.623154
v 0.939661 5.727471 -0.502535
v 1.090125 5.721480 -0.354989
v 1.240109 5.732625 -0.171157
v 1.382706 5.747285 0.070931
v 1.442413 5.724123 0.361518
v 1.385715 5.769760 0.651202
v 1.255534 5.781039 0.935818
v 1.132684 5.787184 1.194434
v 1.000472 5.805252 1.409921
v 0.832466 5.821301 1.569056
v 0.597288 5.823764 1.664184
v 0.309332 5.817240 1.708559
v 0.000000 5.813372 1.720953
v 0.136692 4.964888 1.771837
v 0.403270 4.967212 1.729787
v 0.647002 4.968851 1.642226
v 0.852229 4.966493 1.505408
v 1.017028 4.961185 1.322120
v 1.147171 4.957330 1.100775
v 1.247400 4.956642 0.853359
v 1.310878 4.949259 0.597384
v 1.310511 4.944544 0.333607
v 1.241533 4.944208 0.070881
v 1.130078 4.940256 -0.159374
v 0.991462 4.943380 -0.350230
v 0.825773 4.950484 -0.507960
v 0.627624 4.954944 -0.629395
v 0.395280 4.951649 -0.709345
v 0.135597 4.943055 -0.748216
v -0.000000 6.653137 -0.968636
v 0.310950 7.384974 -0.625822
v 0.530252 7.443277 -0.571043
v 0.695780 7.497284 -0.475860
v 0.842013 7.541359 -0.367914
v 1.013641 7.579212 -0.255419
v 1.221555 7.634266 -0.129671
v 1.432151 7.716938 0.054470
v 1.521307 7.770834 0.324329
v 1.451463 7.761210 0.629563
v 1.281249 7.764392 0.863312
v 1.128154 7.793069 1.042044
v 0.971879 7.823929 1.199758
v 0.792586 7.843174 1.316622
v 0.560374 7.844364 1.376901
v 0.292102 7.835142 1.390212
v 0.000000 7.822413 1.366964
v 0.192887 7.442961 1.695311
v 0.564674 7.458116 1.695686
v 0.896782 7.470410 1.655218
v 1.152676 7.462999 1.543364
v 1.348139 7.434692 1.353596
v 1.535023 7.401727 1.126125
v 1.761805 7.396164 0.854121
v 2.112162 7.408686 0.504649
v 2.082051 7.420008 0.077718
v 1.694303 7.341715 -0.237747
v 1.382751 7.259913 -0.410107
v 1.132903 7.222343 -0.533718
v 0.948341 7.186882 -0.658783
v 0.768824 7.135253 -0.782545
v 0.535719 7.061768 -0.883976
v 0.201028 6.990593 -0.916606
v 0.370391 2.147393 -1.352509
v 0.726535 2.147330 -1.244633
v 1.054722 2.147218 -1.069422
v 1.342300 2.147055 -0.833554
v 1.578285 2.147308 -0.546488
v 1.753806 2.149343 -0.220616
v 1.861993 2.150972 0.133910
v 1.898286 2.148732 0.506878
v 1.861745 2.146997 0.879153
v 1.753896 2.146744 1.235636
v 1.578645 2.146745 1.563954
v 1.342637 2.146707 1.851741
v 1.054964 2.146659 2.087922
v 0.726707 2.146625 2.263420
v 0.370486 2.146608 2.371490
v -0.000000 2.146605 2.407981
v -0.000000 0.804315 -1.923538
v 0.212952 1.300458 -1.633530
v 0.630673 1.300458 -1.550440
v 1.024158 1.300458 -1.387454
v 1.378284 1.300458 -1.150834
v 1.679446 1.300476 -0.849694
v 1.916101 1.300916 -0.496055
v 2.079158 1.301803 -0.103553
v 2.162236 1.301714 0.314263
v 2.162164 1.300823 0.741154
v 2.079051 1.300472 1.159267
v 1.916064 1.300458 1.552768
v 1.679444 1.300458 1.906894
v 1.378284 1.300458 2.208054
v 1.024158 1.300458 2.444674
v 0.630673 1.300458 2.607660
v 0.212952 1.300458 2.690750
v 0.396657 6.699271 -0.961421
v 0.694785 6.774381 -0.899918
v 0.909437 6.820296 -0.794576
v 1.081100 6.845651 -0.671729
v 1.284024 6.862358 -0.544993
v 1.548361 6.909013 -0.394563
v 1.897916 6.863591 -0.182496
v 2.584075 5.386624 0.060350
v 1.950168 6.866863 0.727543
v 1.631286 6.999117 0.995229
v 1.446881 7.015038 1.276945
v 1.276120 7.049179 1.515562
v 1.072461 7.074118 1.683192
v 0.771799 7.071800 1.760603
v 0.400636 7.056546 1.780732
v -0.000000 7.047895 1.781172
v 0.000000 5.680021 -0.765995
v 0.186629 6.271421 -0.872317
v 0.516378 6.325373 -0.848663
v 0.764583 6.364589 -0.783372
v 0.946254 6.375083 -0.680527
v 1.106532 6.375193 -0.556777
v 1.292383 6.385586 -0.413141
v 1.510424 6.428537 -0.214547
v 1.684098 6.197808 0.098717
v 1.694640 6.206036 0.432251
v 1.531076 6.481552 0.783740
v 1.354607 6.486073 1.090490
v 1.215118 6.509693 1.352207
v 1.065484 6.540883 1.555234
v 0.847852 6.555634 1.678640
v 0.540372 6.548895 1.729702
v 0.184292 6.537869 1.742866
v 3.508626 5.340520 0.455546
v 3.359787 5.492119 0.020034
v 3.042404 5.175189 -0.135482
v 3.582249 4.306191 -0.177477
v 3.314139 4.931629 0.615826
v 2.938085 4.840109 -0.049625
v 3.060983 4.748149 0.266171
v 2.008772 6.094973 0.247080
v 3.100052 5.690275 0.851216
v 2.541625 6.995397 0.302872
v 2.070466 6.224565 0.603741
v 2.340058 6.854859 -0.055545
v 4.401137 4.299326 -1.021789
v 4.293666 4.450491 -1.246863
v 3.969178 4.279019 -1.390030
v 4.186169 3.992712 -0.972198
v 3.859233 3.990300 -1.377498
v 3.968753 3.855157 -1.184740
v 3.881020 4.654498 -0.025606
v 3.647231 4.915522 -0.603372
v 3.364953 4.518195 -0.660185
v 3.896247 4.925681 -0.356678
v 3.440881 4.357283 -0.496405
v 2.001131 6.253583 -0.039186
v 2.639385 5.246742 0.292299
v 2.438512 6.783552 0.731784
v 3.122828 5.976139 0.398526
v 2.770941 5.254018 0.688038
v 2.879852 5.890893 0.072234
v 2.425385 6.105781 -0.013522
v 2.591753 5.980248 0.802437
v 2.754530 6.497299 0.153482
v 2.346810 5.685141 0.472525
v 2.277337 5.723278 0.129909
v 2.851425 6.409904 0.626825
v -0.280300 0.524203 -2.204698
v -0.107011 7.782813 -0.181685
v -0.487728 0.804315 -1.875500
v -0.830128 0.524203 -2.095330
v -0.279497 7.791887 -0.198378
v -0.956714 0.804315 -1.733236
v -1.348055 0.524203 -1.880798
v -0.402343 7.821009 -0.159033
v -1.388933 0.804315 -1.502209
v -1.814177 0.524203 -1.569345
v -0.511481 7.853953 -0.094014
v -1.767777 0.804315 -1.191301
v -2.210581 0.524203 -1.172941
v -0.613111 7.889252 -0.006775
v -2.078687 0.804333 -0.812477
v -2.522033 0.524203 -0.706820
v -0.703135 7.930206 0.099250
v -2.309721 0.804428 -0.380363
v -2.736566 0.524203 -0.188893
v -0.767225 7.975426 0.219350
v -2.451992 0.804506 0.088536
v -2.845933 0.524203 0.360936
v -0.796380 8.020548 0.345805
v -2.500021 0.804412 0.576369
v -2.845933 0.524203 0.921536
v -0.787504 8.063677 0.470857
v -2.451978 0.804329 1.064189
v -2.736566 0.524203 1.471364
v -0.743106 8.105656 0.588394
v -2.309712 0.804315 1.533190
v -2.522033 0.524203 1.989291
v -0.671607 8.145487 0.693844
v -2.078686 0.804315 1.965409
v -2.210581 0.524203 2.455412
v -0.584005 8.179202 0.784771
v -1.767777 0.804315 2.344253
v -1.814177 0.524203 2.851816
v -0.482418 8.204716 0.859345
v -1.388933 0.804315 2.655161
v -1.348055 0.524203 3.163269
v -0.364223 8.221930 0.914986
v -0.956714 0.804315 2.886187
v -0.830128 0.524203 3.377801
v -0.232375 8.230475 0.948358
v -0.487728 0.804315 3.028452
v -0.280300 0.524203 3.487169
v -0.081764 8.218304 0.916513
v -0.280240 4.098940 -0.876416
v -0.548125 4.098669 -0.800206
v -0.792785 4.096373 -0.675160
v -1.004706 4.092490 -0.504944
v -1.177958 4.088956 -0.295248
v -1.308806 4.088593 -0.052057
v -1.392765 4.087453 0.221566
v -1.421585 4.084112 0.507355
v -1.394173 4.086466 0.784169
v -1.315660 4.087796 1.052735
v -1.188193 4.088083 1.302468
v -1.014476 4.087994 1.521168
v -0.800378 4.087628 1.699896
v -0.553101 4.086990 1.831735
v -0.282472 4.086362 1.912318
v -0.162511 3.148514 2.156209
v -0.481172 3.148583 2.092788
v -0.781069 3.148786 1.968375
v -1.050640 3.149127 1.787751
v -1.279418 3.149503 1.557856
v -1.458350 3.149670 1.287543
v -1.580653 3.149505 0.987548
v -1.642791 3.149813 0.669369
v -1.642901 3.152845 0.341703
v -1.579612 3.154377 0.020539
v -1.455540 3.152093 -0.276944
v -1.276401 3.151480 -0.543806
v -1.048335 3.152795 -0.771250
v -0.779428 3.153915 -0.949407
v -0.480088 3.154608 -1.071835
v -0.162121 3.154916 -1.134200
v -0.305717 5.699906 -0.752754
v -0.567324 5.727363 -0.708533
v -0.775405 5.733070 -0.623154
v -0.939661 5.727472 -0.502535
v -1.090125 5.721480 -0.354989
v -1.240109 5.732625 -0.171157
v -1.382707 5.747285 0.070931
v -1.442413 5.724124 0.361518
v -1.385715 5.769760 0.651202
v -1.255534 5.781039 0.935818
v -1.132684 5.787184 1.194434
v -1.000472 5.805253 1.409921
v -0.832466 5.821301 1.569056
v -0.597288 5.823764 1.664184
v -0.309332 5.817240 1.708559
v -0.136692 4.964888 1.771837
v -0.403270 4.967212 1.729787
v -0.647002 4.968851 1.642226
v -0.852229 4.966492 1.505408
v -1.017028 4.961185 1.322120
v -1.147171 4.957330 1.100775
v -1.247400 4.956642 0.853359
v -1.310878 4.949259 0.597384
v -1.310511 4.944544 0.333607
v -1.241533 4.944208 0.070881
v -1.130078 4.940256 -0.159374
v -0.991462 4.943380 -0.350230
v -0.825773 4.950484 -0.507960
v -0.627624 4.954944 -0.629395
v -0.395280 4.951649 -0.709345
v -0.135597 4.943055 -0.748216
v -0.310950 7.384975 -0.625821
v -0.530252 7.443277 -0.571043
v -0.695780 7.497285 -0.475860
v -0.842013 7.541359 -0.367914
v -1.013641 7.579212 -0.255419
v -1.221554 7.634267 -0.129671
v -1.432151 7.716938 0.054470
v -1.521307 7.770834 0.324329
v -1.451463 7.761211 0.629563
v -1.281249 7.764392 0.863312
v -1.128154 7.793068 1.042044
v -0.971879 7.823928 1.199758
v -0.792586 7.843174 1.316622
v -0.560374 7.844364 1.376901
v -0.292101 7.835142 1.390212
v -0.192887 7.442961 1.695311
v -0.564674 7.458116 1.695686
v -0.896782 7.470411 1.655218
v -1.152676 7.462999 1.543364
v -1.348139 7.434692 1.353596
v -1.535023 7.401728 1.126125
v -1.761805 7.396164 0.854121
v -2.112162 7.408686 0.504649
v -2.082050 7.420008 0.077718
v -1.694303 7.341716 -0.237747
v -1.382751 7.259912 -0.410107
v -1.132903 7.222343 -0.533718
v -0.948341 7.186882 -0.658783
v -0.768824 7.135253 -0.782545
v -0.535719 7.061767 -0.883976
v -0.201028 6.990593 -0.916606
v -0.370391 2.147393 -1.352509
v -0.726535 2.147330 -1.244633
v -1.054721 2.147218 -1.069422
v -1.342300 2.147055 -0.833554
v -1.578285 2.147308 -0.546488
v -1.753806 2.149343 -0.220616
v -1.861994 2.150972 0.133910
v -1.898286 2.148732 0.506878
v -1.861745 2.146997 0.879153
v -1.753896 2.146744 1.235636
v -1.578645 2.146745 1.563954
v -1.342637 2.146707 1.851742
v -1.054964 2.146659 2.087922
v -0.726707 2.146625 2.263420
v -0.370486 2.146608 2.371490
v -0.212952 1.300458 -1.633530
v -0.630673 1.300458 -1.550440
v -1.024158 1.300458 -1.387454
v -1.378284 1.300458 -1.150834
v -1.679445 1.300476 -0.849694
v -1.916100 1.300916 -0.496055
v -2.079158 1.301803 -0.103553
v -2.162236 1.301714 0.314263
v -2.162164 1.300823 0.741154
v -2.079051 1.300472 1.159267
v -1.916064 1.300458 1.552768
v -1.679444 1.300458 1.906894
v -1.378284 1.300458 2.208054
v -1.024158 1.300458 2.444674
v -0.630673 1.300458 2.607660
v -0.212952 1.300458 2.690750
v -0.396657 6.699271 -0.961421
v -0.694785 6.774381 -0.899918
v -0.909437 6.820297 -0.794576
v -1.081100 6.845651 -0.671729
v -1.284024 6.862359 -0.544993
v -1.548361 6.909013 -0.394563
v -1.897916 6.863590 -0.182496
v -2.584075 5.386624 0.060350
v -1.950168 6.866863 0.727543
v -1.631286 6.999117 0.995229
v -1.446881 7.015038 1.276945
v -1.276120 7.049179 1.515561
v -1.072461 7.074118 1.683192
v -0.771799 7.071799 1.760603
v -0.400636 7.056547 1.780732
v -0.186629 6.271421 -0.872317
v -0.516378 6.325373 -0.848663
v -0.764583 6.364588 -0.783372
v -0.946254 6.375083 -0.680527
v -1.106532 6.375193 -0.556777
v -1.292382 6.385586 -0.413141
v -1.510424 6.428536 -0.214547
v -1.684098 6.197808 0.098717
v -1.694640 6.206036 0.432251
v -1.531076 6.481552 0.783740
v -1.354607 6.486073 1.090490
v -1.215117 6.509693 1.352207
v -1.065484 6.540883 1.555234
v -0.847852 6.555635 1.678640
v -0.540372 6.548895 1.729702
v -0.184292 6.537869 1.742866
v -3.508626 5.340520 0.455546
v -3.359787 5.492119 0.020034
v -3.042403 5.175189 -0.135482
v -3.582249 4.306191 -0.177477
v -3.314139 4.931629 0.615826
v -2.938086 4.840109 -0.049625
v -3.060983 4.748149 0.266171
v -2.008772 6.094972 0.247080
v -3.100052 5.690276 0.851216
v -2.541625 6.995397 0.302872
v -2.070466 6.224565 0.603741
v -2.340058 6.854859 -0.055545
v -4.401137 4.299326 -1.021789
v -4.293666 4.450491 -1.246862
v -3.969178 4.279020 -1.390030
v -4.186169 3.992712 -0.972198
v -3.859233 3.990300 -1.377498
v -3.968753 3.855157 -1.184740
v -3.881020 4.654498 -0.025606
v -3.647231 4.915522 -0.603372
v -3.364953 4.518195 -0.660185
v -3.896247 4.925681 -0.356678
v -3.440881 4.357283 -0.496405
v -2.001131 6.253583 -0.039186
v -2.639385 5.246742 0.292299
v -2.438511 6.783552 0.731784
v -3.122828 5.976139 0.398526
v -2.770941 5.254018 0.688038
v -2.879852 5.890893 0.072234
v -2.425385 6.105781 -0.013522
v -2.591753 5.980248 0.802437
v -2.754530 6.497299 0.153482
v -2.346810 5.685141 0.472525
v -2.277337 5.723278 0.129909
v -2.851425 6.409904 0.626825
v 0.163406 7.365631 -0.621798
v 0.431176 7.412723 -0.607387
v 0.617319 7.471663 -0.525971
v 0.768511 7.520529 -0.422792
v 0.922779 7.560133 -0.312018
v 1.115047 7.602022 -0.196911
v 1.328891 7.677072 -0.046953
v 1.496550 7.752913 0.180970
v 1.505155 7.770798 0.480073
v 1.364374 7.762080 0.754948
v 1.203943 7.775788 0.957033
v 1.051348 7.809606 1.123911
v 0.887490 7.835600 1.264994
v 0.682596 7.845594 1.353074
v 0.429882 7.841079 1.390334
v 0.147815 7.826866 1.376487
v 0.186140 2.146606 2.398829
v 0.551253 2.146615 2.326199
v 0.895147 2.146640 2.183730
v 1.204603 2.146682 1.976895
v 1.467714 2.146729 1.713645
v 1.674336 2.146750 1.404096
v 1.816545 2.146763 1.060152
v 1.889069 2.147635 0.694167
v 1.889253 2.150130 0.319213
v 1.816668 2.150534 -0.046437
v 1.674072 2.148142 -0.387697
v 1.467340 2.147020 -0.695656
v 1.204314 2.147141 -0.958553
v 0.894942 2.147281 -1.165079
v 0.551117 2.147368 -1.307300
v 0.186092 2.147406 -1.379798
v 0.141977 4.086191 1.932626
v 0.420004 4.086647 1.878610
v 0.680326 4.087332 1.772002
v 0.912062 4.087847 1.616006
v 1.106795 4.088078 1.416308
v 1.257938 4.087991 1.180796
v 1.361113 4.087420 0.919888
v 1.414602 4.084860 0.646981
v 1.414335 4.085455 0.364607
v 1.357186 4.088448 0.081756
v 1.248880 4.088518 -0.177777
v 1.096424 4.090425 -0.404572
v 0.903279 4.094558 -0.595389
v 0.674006 4.097776 -0.743603
v 0.416432 4.099010 -0.844547
v 0.140915 4.098666 -0.895656
v 0.202017 7.050368 1.781579
v 0.592175 7.064476 1.775248
v 0.934094 7.075972 1.731816
v 1.183295 7.064365 1.610436
v 1.362234 7.031898 1.402548
v 1.534368 7.001815 1.142630
v 1.753268 6.992624 0.838670
v 3.157965 5.872569 0.663628
v 2.583299 5.278566 0.147799
v 1.700473 6.941069 -0.290541
v 1.409998 6.878374 -0.477045
v 1.175214 6.853350 -0.608891
v 0.996103 6.834920 -0.734107
v 0.810518 6.801165 -0.850919
v 0.558683 6.738234 -0.938031
v 0.206324 6.666829 -0.968710
v 0.245043 0.804315 -1.911490
v 0.725713 0.804315 -1.815878
v 1.178494 0.804315 -1.628331
v 1.585986 0.804315 -1.356053
v 1.932529 0.804318 -1.009512
v 2.204811 0.804373 -0.602081
v 2.392368 0.804483 -0.149423
v 2.487978 0.804472 0.331258
v 2.487969 0.804361 0.821468
v 2.392355 0.804317 1.302187
v 2.204807 0.804315 1.754970
v 1.932529 0.804315 2.162462
v 1.585986 0.804315 2.509005
v 1.178494 0.804315 2.781282
v 0.725713 0.804315 2.968830
v 0.245043 0.804315 3.064442
v 0.156139 5.686078 -0.762754
v 0.443220 5.715310 -0.735292
v 0.677901 5.732715 -0.670920
v 0.861195 5.730996 -0.566540
v 1.015314 5.723463 -0.432218
v 1.165121 5.724101 -0.269260
v 1.314558 5.745329 -0.057582
v 1.425498 5.727674 0.214919
v 1.426623 5.738379 0.506597
v 1.321435 5.781386 0.795449
v 1.193619 5.782225 1.069543
v 1.069208 5.795455 1.308441
v 0.923370 5.814502 1.497323
v 0.723254 5.824248 1.624155
v 0.457881 5.820880 1.691433
v 0.155815 5.814450 1.718002
v 3.476751 4.723877 -0.656576
v 3.736125 4.451886 -0.046803
v 2.685746 5.212520 0.486025
v 3.026350 5.998126 0.193019
v 2.938917 5.445654 0.840514
v 2.704854 5.637258 0.031678
v 3.932821 4.817281 -0.160679
v 3.374247 4.412077 -0.605905
v 3.795918 4.974722 -0.507153
v 3.496718 4.297528 -0.342607
v 2.155429 6.553255 -0.094544
v 2.252757 6.495244 0.731286
v 2.474568 6.986459 0.086942
v 2.015124 6.107287 0.428411
v 1.979390 6.118273 0.084945
v 2.534946 6.938784 0.554000
v -0.163406 7.365632 -0.621798
v -0.431176 7.412724 -0.607387
v -0.617319 7.471664 -0.525971
v -0.768511 7.520529 -0.422792
v -0.922779 7.560133 -0.312018
v -1.115047 7.602022 -0.196911
v -1.328891 7.677072 -0.046953
v -1.496550 7.752913 0.180970
v -1.505155 7.770798 0.480073
v -1.364374 7.762080 0.754948
v -1.203943 7.775789 0.957033
v -1.051348 7.809607 1.123911
v -0.887490 7.835599 1.264994
v -0.682596 7.845594 1.353074
v -0.429882 7.841079 1.390334
v -0.147815 7.826866 1.376487
v -0.186140 2.146606 2.398829
v -0.551253 2.146615 2.326199
v -0.895147 2.146640 2.183729
v -1.204603 2.146683 1.976895
v -1.467714 2.146729 1.713645
v -1.674336 2.146750 1.404096
v -1.816544 2.146763 1.060152
v -1.889069 2.147635 0.694167
v -1.889253 2.150131 0.319213
v -1.816668 2.150534 -0.046437
v -1.674073 2.148142 -0.387697
v -1.467340 2.147020 -0.695656
v -1.204315 2.147141 -0.958553
v -0.894942 2.147281 -1.165079
v -0.551117 2.147368 -1.307300
v -0.186092 2.147406 -1.379798
v -0.141977 4.086191 1.932626
v -0.420004 4.086647 1.878610
v -0.680326 4.087332 1.772002
v -0.912062 4.087847 1.616006
v -1.106795 4.088078 1.416308
v -1.257938 4.087991 1.180795
v -1.361113 4.087420 0.919888
v -1.414602 4.084860 0.646981
v -1.414335 4.085455 0.364607
v -1.357186 4.088448 0.081756
v -1.248880 4.088518 -0.177777
v -1.096425 4.090425 -0.404572
v -0.903279 4.094558 -0.595389
v -0.674006 4.097776 -0.743603
v -0.416432 4.099010 -0.844547
v -0.140915 4.098666 -0.895656
v -0.202016 7.050368 1.781579
v -0.592175 7.064476 1.775248
v -0.934094 7.075972 1.731816
v -1.183295 7.064365 1.610436
v -1.362234 7.031898 1.402548
v -1.534368 7.001816 1.142630
v -1.753268 6.992624 0.838670
v -3.157965 5.872569 0.663628
v -2.583299 5.278566 0.147799
v -1.700473 6.941069 -0.290541
v -1.409998 6.878374 -0.477045
v -1.175214 6.853350 -0.608891
v -0.996103 6.834919 -0.734107
v -0.810518 6.801166 -0.850919
v -0.558683 6.738234 -0.938031
v -0.206324 6.666829 -0.968710
v -0.245043 0.804315 -1.911490
v -0.725713 0.804315 -1.815879
v -1.178494 0.804315 -1.628331
v -1.585986 0.804315 -1.356053
v -1.932529 0.804318 -1.009512
v -2.204811 0.804373 -0.602081
v -2.392368 0.804483 -0.149423
v -2.487978 0.804472 0.331258
v -2.487969 0.804361 0.821468
v -2.392355 0.804317 1.302187
v -2.204807 0.804315 1.754970
v -1.932529 0.804315 2.162462
v -1.585986 0.804315 2.509005
v -1.178494 0.804315 2.781283
v -0.725713 0.804315 2.968830
v -0.245043 0.804315 3.064441
v -0.156139 5.686078 -0.762754
v -0.443219 5.715310 -0.735293
v -0.677901 5.732715 -0.670920
v -0.861195 5.730997 -0.566539
v -1.015314 5.723463 -0.432218
v -1.165121 5.724101 -0.269260
v -1.314558 5.745329 -0.057582
v -1.425498 5.727674 0.214919
v -1.426623 5.738379 0.506597
v -1.321435 5.781386 0.795449
v -1.193619 5.782225 1.069543
v -1.069208 5.795456 1.308441
v -0.923370 5.814502 1.497323
v -0.723254 5.824248 1.624155
v -0.457881 5.820881 1.691433
v -0.155815 5.814451 1.718002
v -3.476751 4.723877 -0.656576
v -3.736125 4.451886 -0.046803
v -2.685746 5.212520 0.486025
v -3.026350 5.998126 0.193019
v -2.938917 5.445654 0.840514
v -2.704854 5.637258 0.031678
v -3.932821 4.817280 -0.160679
v -3.374247 4.412077 -0.605905
v -3.795918 4.974722 -0.507153
v -3.496718 4.297528 -0.342607
v -2.155429 6.553255 -0.094544
v -2.252757 6.495244 0.731286
v -2.474567 6.986459 0.086942
v -2.015124 6.107287 0.428411
v -1.979390 6.118272 0.084945
v -2.534946 6.938784 0.554000
vn -0.0000 0.7251 -0.6886
vn -0.0000 0.7223 -0.6916
vn 0.1347 0.7266 -0.6738
vn -0.0957 0.7157 -0.6919
vn 0.2624 0.7308 -0.6301
vn 0.0518 0.7423 -0.6680
vn 0.3766 0.7376 -0.5605
vn 0.1701 0.7591 -0.6283
vn 0.4722 0.7463 -0.4691
vn 0.2355 0.7690 -0.5942
vn 0.5453 0.7564 -0.3614
vn 0.2277 0.7796 -0.5834
vn 0.5936 0.7671 -0.2432
vn 0.1947 0.8058 -0.5593
vn 0.6165 0.7782 -0.1199
vn 0.2365 0.8758 -0.4208
vn 0.6142 0.7891 0.0027
vn 0.3426 0.9320 -0.1185
vn 0.5889 0.7993 0.1197
vn 0.4134 0.9014 0.1284
vn 0.5430 0.8084 0.2273
vn 0.4674 0.8611 0.2004
vn 0.4792 0.8163 0.3225
vn 0.4837 0.8432 0.2347
vn 0.4007 0.8229 0.4029
vn 0.4246 0.8416 0.3337
vn 0.3105 0.8280 0.4669
vn 0.2751 0.8283 0.4881
vn 0.2117 0.8317 0.5133
vn 0.1141 0.7825 0.6122
vn 0.1073 0.8339 0.5414
vn -0.1258 0.7328 0.6687
vn -0.0000 0.8346 0.5508
vn -0.0000 0.7611 0.6486
vn -0.0000 0.2421 -0.9703
vn 0.1852 0.2410 -0.9527
vn 0.3660 0.2384 -0.8995
vn 0.5363 0.2361 -0.8103
vn 0.6867 0.2354 -0.6878
vn 0.8067 0.2364 -0.5417
vn 0.8958 0.2382 -0.3753
vn 0.9525 0.2393 -0.1882
vn 0.9710 0.2391 0.0019
vn 0.9530 0.2388 0.1868
vn 0.9000 0.2375 0.3656
vn 0.8116 0.2353 0.5347
vn 0.6903 0.2333 0.6848
vn 0.5413 0.2325 0.8080
vn 0.3714 0.2331 0.8987
vn 0.1886 0.2342 0.9537
vn -0.0000 0.2347 0.9721
vn -0.0000 0.0785 -0.9969
vn 0.1429 0.0674 -0.9874
vn 0.3216 0.0440 -0.9459
vn 0.5221 0.0274 -0.8524
vn 0.6853 0.0222 -0.7279
vn 0.7984 0.0146 -0.6019
vn 0.8892 -0.0026 -0.4574
vn 0.9616 -0.0243 -0.2734
vn 0.9999 -0.0142 0.0034
vn 0.9653 0.0239 0.2601
vn 0.9210 0.0548 0.3856
vn 0.8617 0.0566 0.5042
vn 0.7468 0.0470 0.6633
vn 0.5495 0.0529 0.8338
vn 0.3236 0.0829 0.9426
vn 0.1450 0.1120 0.9831
vn -0.0000 0.1231 0.9924
vn -0.0000 0.3941 -0.9191
vn 0.0087 0.3894 -0.9210
vn 0.2293 0.4351 -0.8707
vn 0.4019 0.4625 -0.7903
vn 0.4380 0.4639 -0.7701
vn 0.3635 0.4396 -0.8214
vn 0.3799 0.4186 -0.8249
vn 0.4451 0.4371 -0.7816
vn 0.6217 0.7819 -0.0464
vn 0.4964 0.4306 0.7538
vn 0.7344 0.3753 0.5655
vn 0.7486 0.4079 0.5227
vn 0.6669 0.4471 0.5961
vn 0.3859 0.4679 0.7951
vn 0.1051 0.4386 0.8925
vn -0.0214 0.4238 0.9055
vn -0.0000 0.4413 0.8974
vn 0.1791 0.3940 -0.9015
vn 0.3509 0.3964 -0.8483
vn 0.5086 0.4004 -0.7622
vn 0.6459 0.4057 -0.6468
vn 0.7566 0.4118 -0.5079
vn 0.8381 0.4182 -0.3502
vn 0.8874 0.4257 -0.1771
vn 0.9006 0.4346 0.0004
vn 0.8795 0.4428 0.1743
vn 0.8253 0.4501 0.3410
vn 0.7401 0.4567 0.4937
vn 0.6274 0.4623 0.6266
vn 0.4916 0.4670 0.7350
vn 0.3380 0.4704 0.8152
vn 0.1721 0.4725 0.8644
vn -0.0000 0.4732 0.8810
vn -0.0000 0.3932 -0.9194
vn 0.1151 -0.2153 -0.9697
vn 0.3038 -0.2070 -0.9300
vn 0.5059 -0.1912 -0.8411
vn 0.6030 -0.1904 -0.7747
vn 0.6061 -0.2261 -0.7626
vn 0.6740 -0.2996 -0.6752
vn 0.3563 -0.4311 -0.8290
vn 0.3625 -0.9320 -0.0021
vn 0.3430 -0.4310 0.8346
vn 0.8253 -0.2916 0.4836
vn 0.8331 -0.2545 0.4910
vn 0.7524 -0.2244 0.6193
vn 0.4774 -0.1716 0.8618
vn 0.1770 -0.1037 0.9787
vn 0.0458 -0.0657 0.9968
vn -0.0000 -0.0535 0.9986
vn -0.0000 -0.2092 -0.9779
vn 0.7945 0.6051 -0.0515
vn 0.6487 -0.0713 0.7577
vn -0.0188 0.5198 -0.8541
vn -0.7264 -0.1136 -0.6778
vn -0.7195 -0.6914 0.0658
vn -0.2699 -0.7576 0.5943
vn 0.7443 0.6679 0.0041
vn 0.7829 -0.2950 0.5477
vn -0.1703 0.7611 -0.6259
vn -0.8219 0.0562 -0.5668
vn -0.6993 -0.7142 -0.0313
vn -0.1234 -0.9122 0.3908
vn -0.3378 -0.3385 -0.8782
vn -0.8025 -0.5875 0.1038
vn 0.2849 0.2660 0.9209
vn 0.8674 0.4874 -0.1001
vn -0.6026 -0.3691 0.7076
vn 0.4004 0.1051 -0.9103
vn -0.1347 0.7266 -0.6738
vn 0.0957 0.7157 -0.6919
vn -0.2624 0.7308 -0.6301
vn -0.0518 0.7423 -0.6680
vn -0.3766 0.7376 -0.5605
vn -0.1701 0.7591 -0.6283
vn -0.4722 0.7463 -0.4691
vn -0.2355 0.7690 -0.5942
vn -0.5453 0.7564 -0.3614
vn -0.2277 0.7796 -0.5834
vn -0.5936 0.7671 -0.2432
vn -0.1947 0.8058 -0.5593
vn -0.6165 0.7782 -0.1199
vn -0.2365 0.8758 -0.4208
vn -0.6142 0.7891 0.0027
vn -0.3426 0.9320 -0.1185
vn -0.5889 0.7993 0.1197
vn -0.4134 0.9014 0.1284
vn -0.5430 0.8084 0.2273
vn -0.4674 0.8611 0.2004
vn -0.4792 0.8163 0.3225
vn -0.4837 0.8432 0.2347
vn -0.4007 0.8229 0.4029
vn -0.4246 0.8416 0.3337
vn -0.3105 0.8280 0.4669
vn -0.2751 0.8283 0.4881
vn -0.2117 0.8317 0.5133
vn -0.1141 0.7825 0.6122
vn -0.1073 0.8339 0.5414
vn 0.1258 0.7328 0.6687
vn -0.1852 0.2410 -0.9527
vn -0.3660 0.2384 -0.8995
vn -0.5363 0.2361 -0.8103
vn -0.6867 0.2354 -0.6878
vn -0.8067 0.2364 -0.5417
vn -0.8958 0.2382 -0.3753
vn -0.9525 0.2393 -0.1882
vn -0.9710 0.2391 0.0019
vn -0.9530 0.2388 0.1868
vn -0.9000 0.2375 0.3656
vn -0.8116 0.2353 0.5347
vn -0.6903 0.2333 0.6848
vn -0.5413 0.2325 0.8080
vn -0.3714 0.2331 0.8987
vn -0.1886 0.2342 0.9537
vn -0.1429 0.0674 -0.9874
vn -0.3216 0.0440 -0.9459
vn -0.5221 0.0274 -0.8524
vn -0.6853 0.0222 -0.7279
vn -0.7984 0.0146 -0.6019
vn -0.8892 -0.0026 -0.4574
vn -0.9616 -0.0243 -0.2734
vn -0.9999 -0.0142 0.0034
vn -0.9653 0.0239 0.2601
vn -0.9210 0.0548 0.3856
vn -0.8617 0.0566 0.5042
vn -0.7468 0.0470 0.6633
vn -0.5495 0.0529 0.8338
vn -0.3236 0.0829 0.9426
vn -0.1450 0.1120 0.9831
vn -0.0087 0.3894 -0.9210
vn -0.2293 0.4351 -0.8707
vn -0.4019 0.4625 -0.7903
vn -0.4380 0.4639 -0.7701
vn -0.3635 0.4396 -0.8214
vn -0.3799 0.4186 -0.8249
vn -0.4451 0.4371 -0.7816
vn -0.6217 0.7819 -0.0464
vn -0.4964 0.4306 0.7538
vn -0.7344 0.3753 0.5655
vn -0.7486 0.4079 0.5227
vn -0.6669 0.4471 0.5961
vn -0.3859 0.4679 0.7951
vn -0.1051 0.4386 0.8925
vn 0.0214 0.4238 0.9055
vn -0.1791 0.3941 -0.9015
vn -0.3509 0.3964 -0.8483
vn -0.5086 0.4004 -0.7622
vn -0.6459 0.4057 -0.6468
vn -0.7566 0.4118 -0.5079
vn -0.8381 0.4182 -0.3502
vn -0.8874 0.4257 -0.1771
vn -0.9006 0.4346 0.0004
vn -0.8795 0.4428 0.1743
vn -0.8253 0.4501 0.3410
vn -0.7401 0.4567 0.4937
vn -0.6274 0.4623 0.6266
vn -0.4916 0.4670 0.7350
vn -0.3380 0.4704 0.8152
vn -0.1721 0.4725 0.8644
vn -0.1151 -0.2153 -0.9697
vn -0.3038 -0.2070 -0.9300
vn -0.5059 -0.1912 -0.8411
vn -0.6030 -0.1904 -0.7747
vn -0.6061 -0.2261 -0.7626
vn -0.6740 -0.2996 -0.6752
vn -0.3563 -0.4311 -0.8290
vn -0.3625 -0.9320 -0.0021
vn -0.3430 -0.4310 0.8346
vn -0.8253 -0.2916 0.4836
vn -0.8331 -0.2545 0.4910
vn -0.7524 -0.2244 0.6193
vn -0.4774 -0.1716 0.8618
vn -0.1770 -0.1037 0.9787
vn -0.0458 -0.0657 0.9968
vn -0.7945 0.6051 -0.0515
vn -0.6487 -0.0713 0.7577
vn 0.0188 0.5198 -0.8541
vn 0.7264 -0.1136 -0.6778
vn 0.7195 -0.6914 0.0658
vn 0.2699 -0.7576 0.5943
vn -0.7443 0.6679 0.0041
vn -0.7829 -0.2950 0.5477
vn 0.1703 0.7611 -0.6259
vn 0.8219 0.0562 -0.5668
vn 0.6993 -0.7142 -0.0313
vn 0.1234 -0.9122 0.3908
vn 0.3378 -0.3385 -0.8782
vn 0.8025 -0.5875 0.1038
vn -0.2849 0.2660 0.9209
vn -0.8674 0.4874 -0.1001
vn 0.6026 -0.3691 0.7076
vn -0.4004 0.1051 -0.9103
vn 0.0678 0.7255 -0.6849
vn -0.0890 0.7170 -0.6914
vn -0.0000 0.6708 -0.7416
vn 0.1532 0.6184 -0.7708
vn 0.1998 0.7284 -0.6554
vn -0.0251 0.7286 -0.6845
vn 0.2992 0.6225 -0.7231
vn 0.3215 0.7339 -0.5983
vn 0.1151 0.7520 -0.6491
vn 0.4316 0.6290 -0.6466
vn 0.4270 0.7417 -0.5172
vn 0.2123 0.7647 -0.6084
vn 0.5445 0.6375 -0.5451
vn 0.5117 0.7512 -0.4170
vn 0.2393 0.7735 -0.5869
vn 0.6333 0.6473 -0.4241
vn 0.5726 0.7617 -0.3033
vn 0.2094 0.7896 -0.5768
vn 0.6954 0.6579 -0.2892
vn 0.6083 0.7726 -0.1818
vn 0.2020 0.8354 -0.5112
vn 0.7287 0.6692 -0.1454
vn 0.6184 0.7837 -0.0582
vn 0.2889 0.9143 -0.2838
vn 0.7323 0.6810 -0.0001
vn 0.6043 0.7943 0.0621
vn 0.3830 0.9232 0.0312
vn 0.7079 0.6921 0.1405
vn 0.5683 0.8040 0.1749
vn 0.4401 0.8792 0.1826
vn 0.6579 0.7022 0.2722
vn 0.5131 0.8125 0.2766
vn 0.4855 0.8491 0.2083
vn 0.5848 0.7110 0.3905
vn 0.4416 0.8198 0.3647
vn 0.4634 0.8415 0.2779
vn 0.4920 0.7184 0.4917
vn 0.3569 0.8256 0.4371
vn 0.3614 0.8395 0.4057
vn 0.3832 0.7243 0.5732
vn 0.2620 0.8300 0.4924
vn 0.1895 0.8071 0.5592
vn 0.2622 0.7286 0.6327
vn 0.1600 0.8330 0.5297
vn 0.0076 0.7555 0.6551
vn 0.1331 0.7312 0.6690
vn 0.0538 0.8345 0.5484
vn -0.1401 0.7435 0.6539
vn -0.0000 0.7321 0.6812
vn -0.0000 0.2634 -0.9647
vn 0.1717 0.2054 -0.9635
vn 0.3525 0.1952 -0.9152
vn 0.5329 0.1875 -0.8251
vn 0.6905 0.1852 -0.6992
vn 0.8117 0.1851 -0.5540
vn 0.9018 0.1835 -0.3913
vn 0.9621 0.1796 -0.2053
vn 0.9838 0.1795 0.0010
vn 0.9619 0.1875 0.1992
vn 0.9104 0.1943 0.3652
vn 0.8290 0.1920 0.5254
vn 0.7082 0.1861 0.6811
vn 0.5471 0.1855 0.8162
vn 0.3626 0.1934 0.9116
vn 0.1789 0.2032 0.9627
vn -0.0000 0.2073 0.9783
vn 0.0947 0.2346 0.9675
vn 0.2811 0.2337 0.9308
vn 0.4584 0.2327 0.8577
vn 0.6190 0.2327 0.7502
vn 0.7548 0.2342 0.6128
vn 0.8602 0.2364 0.4519
vn 0.9309 0.2383 0.2769
vn 0.9664 0.2390 0.0949
vn 0.9666 0.2393 -0.0920
vn 0.9286 0.2389 -0.2839
vn 0.8549 0.2373 -0.4614
vn 0.7509 0.2357 -0.6169
vn 0.6147 0.2355 -0.7528
vn 0.4530 0.2371 -0.8594
vn 0.2765 0.2398 -0.9306
vn 0.0929 0.2418 -0.9659
vn -0.0000 0.2101 -0.9777
vn 0.1163 -0.1127 -0.9868
vn 0.2888 -0.1361 -0.9476
vn 0.4985 -0.1503 -0.8538
vn 0.6434 -0.1562 -0.7494
vn 0.7174 -0.1786 -0.6734
vn 0.7992 -0.2225 -0.5583
vn 0.8354 -0.3175 -0.4487
vn 0.9447 -0.3279 0.0040
vn 0.8825 -0.2169 0.4172
vn 0.8937 -0.1346 0.4281
vn 0.8693 -0.1220 0.4790
vn 0.7691 -0.1236 0.6271
vn 0.5239 -0.0994 0.8460
vn 0.2483 -0.0422 0.9678
vn 0.0909 0.0008 0.9959
vn -0.0000 0.0158 0.9999
vn 0.0705 0.1203 0.9902
vn 0.2279 0.0990 0.9686
vn 0.4324 0.0663 0.8992
vn 0.6592 0.0464 0.7506
vn 0.8127 0.0517 0.5803
vn 0.8967 0.0585 0.4387
vn 0.9414 0.0430 0.3346
vn 0.9891 0.0033 0.1474
vn 0.9891 -0.0248 -0.1451
vn 0.9265 -0.0147 -0.3760
vn 0.8461 0.0071 -0.5330
vn 0.7460 0.0195 -0.6657
vn 0.6117 0.0241 -0.7908
vn 0.4227 0.0340 -0.9056
vn 0.2265 0.0561 -0.9724
vn 0.0690 0.0755 -0.9948
vn -0.0000 -0.0460 -0.9989
vn -0.0724 0.6628 -0.7453
vn 0.0933 0.6923 -0.7156
vn 0.2271 0.7094 -0.6672
vn 0.2821 0.7149 -0.6398
vn 0.2511 0.7157 -0.6517
vn 0.2203 0.7323 -0.6443
vn 0.3011 0.8053 -0.5107
vn 0.4174 0.9049 -0.0830
vn 0.4713 0.8311 0.2953
vn 0.5214 0.7911 0.3198
vn 0.5431 0.7793 0.3127
vn 0.4826 0.7806 0.3971
vn 0.2962 0.7691 0.5664
vn 0.1024 0.7196 0.6867
vn -0.0751 0.6806 0.7288
vn -0.0000 0.7047 0.7095
vn -0.0362 0.4334 0.9005
vn 0.0314 0.4264 0.9040
vn 0.2181 0.4552 0.8633
vn 0.5555 0.4640 0.6900
vn 0.7235 0.4277 0.5418
vn 0.7556 0.3835 0.5310
vn 0.6393 0.4225 0.6424
vn 0.5948 0.7328 0.3306
vn 0.5510 0.7089 -0.4403
vn 0.4052 0.4595 -0.7903
vn 0.3517 0.4224 -0.8354
vn 0.4053 0.4541 -0.7934
vn 0.4407 0.4661 -0.7672
vn 0.3269 0.4534 -0.8292
vn 0.1170 0.4083 -0.9053
vn -0.0388 0.3896 -0.9202
vn 0.1875 0.2634 -0.9463
vn 0.3680 0.2635 -0.8917
vn 0.5350 0.2639 -0.8025
vn 0.6815 0.2651 -0.6821
vn 0.7999 0.2669 -0.5375
vn 0.8883 0.2689 -0.3723
vn 0.9441 0.2714 -0.1872
vn 0.9616 0.2743 0.0017
vn 0.9428 0.2764 0.1865
vn 0.8883 0.2776 0.3659
vn 0.7993 0.2787 0.5324
vn 0.6794 0.2798 0.6783
vn 0.5336 0.2809 0.7977
vn 0.3674 0.2818 0.8863
vn 0.1872 0.2824 0.9408
vn -0.0000 0.2827 0.9592
vn -0.0000 0.6171 -0.7869
vn 0.0900 0.3934 -0.9149
vn 0.2664 0.3951 -0.8792
vn 0.4320 0.3982 -0.8092
vn 0.5802 0.4029 -0.7079
vn 0.7048 0.4087 -0.5798
vn 0.8011 0.4150 -0.4313
vn 0.8671 0.4217 -0.2652
vn 0.8985 0.4301 -0.0880
vn 0.8942 0.4389 0.0879
vn 0.8565 0.4466 0.2590
vn 0.7864 0.4535 0.4195
vn 0.6869 0.4596 0.5629
vn 0.5621 0.4648 0.6841
vn 0.4167 0.4688 0.7788
vn 0.2562 0.4716 0.8438
vn 0.0864 0.4730 0.8768
vn 0.0961 -0.0430 -0.9944
vn 0.3247 0.0030 -0.9458
vn 0.5204 0.0400 -0.8530
vn 0.5700 0.0419 -0.8206
vn 0.5056 0.0018 -0.8628
vn 0.5621 -0.0699 -0.8241
vn 0.3287 -0.0897 -0.9402
vn -0.5307 -0.2514 -0.8094
vn 0.1822 -0.1455 0.9724
vn 0.7991 -0.1866 0.5714
vn 0.8200 -0.1242 0.5587
vn 0.7475 -0.0559 0.6620
vn 0.4496 0.0113 0.8932
vn 0.1364 0.0453 0.9896
vn 0.0153 0.0606 0.9980
vn -0.0000 0.0716 0.9974
vn -0.0000 -0.0999 -0.9950
vn 0.0481 -0.2117 -0.9762
vn 0.2037 -0.2140 -0.9553
vn 0.4074 -0.1982 -0.8915
vn 0.5766 -0.1875 -0.7952
vn 0.6035 -0.2029 -0.7711
vn 0.6331 -0.2595 -0.7293
vn 0.6253 -0.3442 -0.7004
vn 0.3922 -0.7859 -0.4781
vn 0.4231 -0.7835 0.4550
vn 0.7111 -0.3187 0.6266
vn 0.8410 -0.2717 0.4679
vn 0.8076 -0.2393 0.5390
vn 0.6447 -0.2037 0.7368
vn 0.3044 -0.1347 0.9430
vn 0.0947 -0.0810 0.9922
vn 0.0177 -0.0566 0.9982
vn 0.8625 0.3776 0.3368
vn 0.5083 0.6899 -0.5155
vn -0.3824 0.2858 -0.8787
vn -0.0879 -0.8787 0.4692
vn 0.2013 -0.5154 0.8330
vn -0.7966 -0.5861 -0.1480
vn -0.6367 -0.7436 0.2042
vn -0.5790 -0.8136 0.0521
vn 0.4135 0.1450 0.8989
vn 0.8049 0.5893 -0.0695
vn -0.4039 -0.4050 0.8203
vn 0.4371 0.1761 -0.8820
vn 0.9043 0.2894 0.3138
vn 0.3718 0.8583 -0.3537
vn -0.5249 0.5238 -0.6709
vn 0.4439 -0.6935 0.5674
vn -0.8183 -0.5300 -0.2225
vn -0.6073 -0.7914 0.0694
vn 0.7749 -0.2267 0.5900
vn -0.1609 0.7070 -0.6886
vn -0.8013 0.0315 -0.5974
vn 0.7610 0.6487 -0.0038
vn -0.6949 -0.7191 0.0002
vn -0.1295 -0.3928 -0.9105
vn -0.7800 -0.6160 0.1099
vn 0.3061 0.2937 0.9056
vn 0.8453 0.5268 -0.0896
vn -0.5098 -0.5199 0.6854
vn 0.2601 0.2447 -0.9341
vn 0.1004 -0.0756 -0.9921
vn -0.2688 -0.0854 0.9594
vn 0.7359 0.3476 -0.5811
vn -0.7802 -0.5554 0.2877
vn -0.7732 -0.5765 -0.2640
vn 0.7651 0.4938 0.4132
vn -0.0678 0.7255 -0.6849
vn 0.0890 0.7170 -0.6914
vn -0.1532 0.6184 -0.7708
vn -0.1998 0.7284 -0.6554
vn 0.0251 0.7286 -0.6845
vn -0.2992 0.6225 -0.7231
vn -0.3215 0.7339 -0.5983
vn -0.1151 0.7520 -0.6491
vn -0.4316 0.6290 -0.6466
vn -0.4270 0.7417 -0.5172
vn -0.2123 0.7647 -0.6084
vn -0.5445 0.6375 -0.5451
vn -0.5117 0.7512 -0.4170
vn -0.2393 0.7735 -0.5869
vn -0.6333 0.6473 -0.4241
vn -0.5726 0.7617 -0.3033
vn -0.2094 0.7896 -0.5769
vn -0.6954 0.6579 -0.2892
vn -0.6083 0.7726 -0.1818
vn -0.2020 0.8354 -0.5112
vn -0.7287 0.6692 -0.1454
vn -0.6184 0.7837 -0.0582
vn -0.2889 0.9143 -0.2838
vn -0.7323 0.6810 -0.0001
vn -0.6043 0.7943 0.0621
vn -0.3830 0.9232 0.0312
vn -0.7079 0.6921 0.1405
vn -0.5683 0.8040 0.1749
vn -0.4401 0.8792 0.1826
vn -0.6579 0.7022 0.2722
vn -0.5131 0.8125 0.2766
vn -0.4855 0.8491 0.2083
vn -0.5848 0.7110 0.3905
vn -0.4416 0.8198 0.3647
vn -0.4634 0.8415 0.2779
vn -0.4920 0.7184 0.4917
vn -0.3569 0.8256 0.4371
vn -0.3614 0.8395 0.4057
vn -0.3832 0.7243 0.5732
vn -0.2620 0.8300 0.4924
vn -0.1895 0.8071 0.5592
vn -0.2622 0.7286 0.6327
vn -0.1600 0.8330 0.5297
vn -0.0076 0.7555 0.6551
vn -0.1331 0.7312 0.6690
vn -0.0538 0.8345 0.5484
vn 0.1401 0.7435 0.6539
vn -0.1717 0.2054 -0.9635
vn -0.3525 0.1952 -0.9152
vn -0.5329 0.1875 -0.8251
vn -0.6905 0.1852 -0.6992
vn -0.8117 0.1851 -0.5540
vn -0.9018 0.1835 -0.3913
vn -0.9621 0.1796 -0.2053
vn -0.9838 0.1795 0.0010
vn -0.9619 0.1875 0.1992
vn -0.9104 0.1943 0.3652
vn -0.8290 0.1920 0.5254
vn -0.7082 0.1861 0.6811
vn -0.5471 0.1855 0.8162
vn -0.3626 0.1934 0.9116
vn -0.1789 0.2032 0.9627
vn -0.0947 0.2346 0.9675
vn -0.2811 0.2337 0.9308
vn -0.4584 0.2327 0.8577
vn -0.6190 0.2327 0.7502
vn -0.7548 0.2342 0.6128
vn -0.8602 0.2364 0.4519
vn -0.9309 0.2383 0.2769
vn -0.9664 0.2390 0.0949
vn -0.9666 0.2393 -0.0920
vn -0.9286 0.2389 -0.2839
vn -0.8549 0.2373 -0.4614
vn -0.7509 0.2357 -0.6169
vn -0.6147 0.2355 -0.7528
vn -0.4530 0.2371 -0.8594
vn -0.2765 0.2398 -0.9306
vn -0.0929 0.2418 -0.9659
vn -0.1163 -0.1127 -0.9868
vn -0.2888 -0.1361 -0.9476
vn -0.4985 -0.1503 -0.8538
vn -0.6434 -0.1562 -0.7494
vn -0.7174 -0.1786 -0.6734
vn -0.7992 -0.2225 -0.5583
vn -0.8354 -0.3175 -0.4487
vn -0.9447 -0.3279 0.0040
vn -0.8825 -0.2169 0.4172
vn -0.8937 -0.1346 0.4281
vn -0.8693 -0.1220 0.4790
vn -0.7691 -0.1236 0.6271
vn -0.5239 -0.0994 0.8460
vn -0.2483 -0.0422 0.9678
vn -0.0909 0.0008 0.9959
vn -0.0705 0.1203 0.9902
vn -0.2279 0.0990 0.9686
vn -0.4324 0.0663 0.8992
vn -0.6592 0.0464 0.7506
vn -0.8127 0.0517 0.5803
vn -0.8967 0.0585 0.4387
vn -0.9414 0.0430 0.3346
vn -0.9891 0.0033 0.1474
vn -0.9891 -0.0248 -0.1451
vn -0.9265 -0.0147 -0.3760
vn -0.8461 0.0071 -0.5330
vn -0.7460 0.0195 -0.6657
vn -0.6117 0.0241 -0.7908
vn -0.4227 0.0340 -0.9056
vn -0.2265 0.0561 -0.9724
vn -0.0690 0.0755 -0.9948
vn 0.0724 0.6628 -0.7453
vn -0.0933 0.6923 -0.7156
vn -0.2271 0.7094 -0.6672
vn -0.2822 0.7149 -0.6398
vn -0.2511 0.7157 -0.6517
vn -0.2203 0.7323 -0.6443
vn -0.3011 0.8053 -0.5107
vn -0.4174 0.9049 -0.0830
vn -0.4713 0.8311 0.2953
vn -0.5214 0.7911 0.3198
vn -0.5431 0.7793 0.3127
vn -0.4826 0.7806 0.3971
vn -0.2962 0.7691 0.5664
vn -0.1024 0.7196 0.6867
vn 0.0751 0.6806 0.7288
vn 0.0362 0.4334 0.9005
vn -0.0314 0.4264 0.9040
vn -0.2181 0.4552 0.8633
vn -0.5555 0.4640 0.6900
vn -0.7235 0.4277 0.5418
vn -0.7556 0.3835 0.5310
vn -0.6393 0.4225 0.6424
vn -0.5948 0.7328 0.3306
vn -0.5510 0.7089 -0.4403
vn -0.4052 0.4595 -0.7903
vn -0.3517 0.4224 -0.8354
vn -0.4053 0.4541 -0.7934
vn -0.4407 0.4661 -0.7671
vn -0.3269 0.4534 -0.8292
vn -0.1170 0.4083 -0.9053
vn 0.0388 0.3896 -0.9202
vn -0.1875 0.2634 -0.9463
vn -0.3680 0.2635 -0.8917
vn -0.5350 0.2639 -0.8025
vn -0.6815 0.2651 -0.6821
vn -0.7999 0.2669 -0.5375
vn -0.8883 0.2689 -0.3723
vn -0.9441 0.2714 -0.1872
vn -0.9616 0.2743 0.0017
vn -0.9428 0.2764 0.1865
vn -0.8883 0.2776 0.3659
vn -0.7993 0.2787 0.5324
vn -0.6794 0.2798 0.6783
vn -0.5336 0.2809 0.7977
vn -0.3674 0.2818 0.8863
vn -0.1872 0.2824 0.9408
vn -0.0900 0.3934 -0.9149
vn -0.2664 0.3951 -0.8792
vn -0.4320 0.3982 -0.8092
vn -0.5802 0.4029 -0.7079
vn -0.7048 0.4087 -0.5798
vn -0.8011 0.4150 -0.4313
vn -0.8671 0.4217 -0.2652
vn -0.8985 0.4301 -0.0880
vn -0.8942 0.4389 0.0879
vn -0.8565 0.4466 0.2590
vn -0.7864 0.4535 0.4195
vn -0.6869 0.4596 0.5629
vn -0.5621 0.4648 0.6841
vn -0.4167 0.4688 0.7788
vn -0.2562 0.4716 0.8438
vn -0.0864 0.4730 0.8768
vn -0.0961 -0.0430 -0.9944
vn -0.3247 0.0030 -0.9458
vn -0.5204 0.0400 -0.8530
vn -0.5700 0.0419 -0.8206
vn -0.5056 0.0018 -0.8628
vn -0.5621 -0.0699 -0.8241
vn -0.3287 -0.0897 -0.9402
vn 0.5307 -0.2514 -0.8094
vn -0.1822 -0.1455 0.9724
vn -0.7991 -0.1866 0.5714
vn -0.8200 -0.1242 0.5587
vn -0.7475 -0.0559 0.6620
vn -0.4496 0.0113 0.8932
vn -0.1364 0.0453 0.9896
vn -0.0153 0.0606 0.9980
vn -0.0481 -0.2117 -0.9762
vn -0.2037 -0.2140 -0.9553
vn -0.4074 -0.1982 -0.8915
vn -0.5766 -0.1875 -0.7952
vn -0.6035 -0.2029 -0.7711
vn -0.6331 -0.2595 -0.7293
vn -0.6253 -0.3442 -0.7004
vn -0.3922 -0.7859 -0.4781
vn -0.4231 -0.7835 0.4550
vn -0.7111 -0.3187 0.6266
vn -0.8410 -0.2717 0.4679
vn -0.8076 -0.2393 0.5390
vn -0.6447 -0.2037 0.7368
vn -0.3044 -0.1347 0.9430
vn -0.0947 -0.0810 0.9922
vn -0.0177 -0.0566 0.9982
vn -0.8625 0.3776 0.3368
vn -0.5083 0.6899 -0.5155
vn 0.3824 0.2858 -0.8787
vn 0.0879 -0.8787 0.4692
vn -0.2013 -0.5154 0.8330
vn 0.7966 -0.5861 -0.1480
vn 0.6367 -0.7436 0.2042
vn 0.5790 -0.8136 0.0521
vn -0.4135 0.1450 0.8989
vn -0.8049 0.5893 -0.0695
vn 0.4039 -0.4050 0.8203
vn -0.4371 0.1761 -0.8820
vn -0.9043 0.2894 0.3138
vn -0.3718 0.8583 -0.3537
vn 0.5249 0.5238 -0.6709
vn -0.4439 -0.6935 0.5674
vn 0.8183 -0.5300 -0.2225
vn 0.6073 -0.7914 0.0694
vn -0.7749 -0.2267 0.5900
vn 0.1609 0.7070 -0.6886
vn 0.8013 0.0315 -0.5974
vn -0.7610 0.6487 -0.0038
vn 0.6949 -0.7191 0.0002
vn 0.1295 -0.3928 -0.9105
vn 0.7800 -0.6160 0.1099
vn -0.3061 0.2937 0.9056
vn -0.8453 0.5268 -0.0895
vn 0.5098 -0.5199 0.6854
vn -0.2601 0.2447 -0.9341
vn -0.1004 -0.0756 -0.9921
vn 0.2688 -0.0854 0.9594
vn -0.7359 0.3476 -0.5811
vn 0.7802 -0.5554 0.2877
vn 0.7732 -0.5765 -0.2640
vn -0.7651 0.4938 0.4132
vn -0.0830 0.6643 -0.7428
vn 0.0067 0.6762 -0.7367
vn 0.1673 0.7031 -0.6912
vn 0.2669 0.7132 -0.6482
vn 0.2746 0.7152 -0.6427
vn 0.2278 0.7190 -0.6566
vn 0.2505 0.7661 -0.5919
vn 0.3586 0.8705 -0.3371
vn 0.4469 0.8808 0.1563
vn 0.4951 0.8086 0.3178
vn 0.5422 0.7825 0.3062
vn 0.5241 0.7789 0.3446
vn 0.4071 0.7804 0.4746
vn 0.1860 0.7454 0.6401
vn 0.0196 0.6961 0.7177
vn -0.1025 0.6891 0.7173
vn 0.0941 0.2826 0.9546
vn 0.2786 0.2822 0.9180
vn 0.4526 0.2814 0.8461
vn 0.6094 0.2804 0.7416
vn 0.7429 0.2792 0.6083
vn 0.8479 0.2781 0.4513
vn 0.9200 0.2771 0.2773
vn 0.9567 0.2755 0.0944
vn 0.9576 0.2729 -0.0920
vn 0.9207 0.2700 -0.2818
vn 0.8478 0.2679 -0.4576
vn 0.7446 0.2660 -0.6122
vn 0.6113 0.2644 -0.7459
vn 0.4537 0.2636 -0.8513
vn 0.2790 0.2634 -0.9234
vn 0.0942 0.2634 -0.9601
vn 0.0891 0.2062 0.9744
vn 0.2700 0.1987 0.9421
vn 0.4558 0.1887 0.8699
vn 0.6325 0.1847 0.7522
vn 0.7735 0.1889 0.6049
vn 0.8743 0.1941 0.4448
vn 0.9392 0.1919 0.2846
vn 0.9776 0.1828 0.1044
vn 0.9785 0.1785 -0.1038
vn 0.9359 0.1817 -0.3017
vn 0.8602 0.1846 -0.4754
vn 0.7557 0.1851 -0.6282
vn 0.6159 0.1858 -0.7656
vn 0.4441 0.1907 -0.8754
vn 0.2609 0.2005 -0.9443
vn 0.0851 0.2088 -0.9742
vn -0.0022 0.0681 0.9977
vn 0.0591 0.0534 0.9968
vn 0.2640 0.0326 0.9640
vn 0.6325 -0.0206 0.7743
vn 0.8008 -0.0898 0.5921
vn 0.8232 -0.1599 0.5448
vn 0.6210 -0.1878 0.7610
vn 0.7995 0.4555 0.3915
vn -0.8122 -0.5610 -0.1602
vn 0.5150 -0.0751 -0.8539
vn 0.5173 -0.0346 -0.8551
vn 0.5369 0.0269 -0.8432
vn 0.5712 0.0457 -0.8196
vn 0.4312 0.0262 -0.9019
vn 0.2084 -0.0254 -0.9777
vn 0.0232 -0.0464 -0.9987
vn 0.0770 0.6174 -0.7829
vn 0.2275 0.6201 -0.7508
vn 0.3675 0.6255 -0.6883
vn 0.4908 0.6330 -0.5987
vn 0.5921 0.6423 -0.4867
vn 0.6678 0.6525 -0.3581
vn 0.7158 0.6634 -0.2180
vn 0.7341 0.6751 -0.0724
vn 0.7235 0.6867 0.0711
vn 0.6860 0.6973 0.2078
vn 0.6241 0.7067 0.3332
vn 0.5407 0.7149 0.4434
vn 0.4394 0.7216 0.5351
vn 0.3239 0.7267 0.6058
vn 0.1984 0.7301 0.6539
vn 0.0668 0.7319 0.6782
vn 0.0539 -0.1036 -0.9932
vn 0.1940 -0.1244 -0.9731
vn 0.3939 -0.1450 -0.9076
vn 0.5857 -0.1529 -0.7960
vn 0.6822 -0.1642 -0.7125
vn 0.7578 -0.1984 -0.6216
vn 0.8080 -0.2619 -0.5278
vn 0.9101 -0.3392 -0.2381
vn 0.9322 -0.2786 0.2311
vn 0.8743 -0.1585 0.4588
vn 0.8894 -0.1249 0.4398
vn 0.8315 -0.1228 0.5417
vn 0.6679 -0.1178 0.7349
vn 0.3722 -0.0712 0.9254
vn 0.1564 -0.0175 0.9875
vn 0.0417 0.0120 0.9991
vn -0.5124 0.4654 -0.7217
vn 0.4139 -0.6509 0.6364
vn -0.7421 -0.6153 0.2661
vn 0.6693 0.4579 -0.5851
vn -0.1111 -0.2560 0.9603
vn -0.0799 0.0587 -0.9951
vn 0.8996 0.2947 0.3224
vn -0.8097 -0.5501 -0.2044
vn 0.3879 0.8291 -0.4026
vn -0.5663 -0.8126 0.1379
vn 0.1535 -0.0977 -0.9833
vn -0.1727 -0.0752 0.9821
vn 0.7071 0.4684 -0.5297
vn -0.5601 -0.7386 0.3752
vn -0.4993 -0.7551 -0.4249
vn 0.7199 0.5658 0.4020
vn 0.0830 0.6643 -0.7428
vn -0.0067 0.6762 -0.7367
vn -0.1673 0.7031 -0.6912
vn -0.2669 0.7132 -0.6482
vn -0.2746 0.7152 -0.6427
vn -0.2278 0.7190 -0.6566
vn -0.2505 0.7661 -0.5919
vn -0.3586 0.8705 -0.3371
vn -0.4469 0.8808 0.1563
vn -0.4951 0.8086 0.3178
vn -0.5422 0.7825 0.3062
vn -0.5241 0.7789 0.3446
vn -0.4071 0.7804 0.4746
vn -0.1860 0.7454 0.6401
vn -0.0196 0.6961 0.7177
vn 0.1025 0.6891 0.7173
vn -0.0941 0.2826 0.9546
vn -0.2786 0.2822 0.9180
vn -0.4526 0.2814 0.8461
vn -0.6094 0.2804 0.7416
vn -0.7429 0.2792 0.6083
vn -0.8479 0.2781 0.4513
vn -0.9200 0.2771 0.2773
vn -0.9567 0.2755 0.0944
vn -0.9576 0.2729 -0.0920
vn -0.9207 0.2700 -0.2818
vn -0.8478 0.2679 -0.4576
vn -0.7446 0.2660 -0.6122
vn -0.6113 0.2644 -0.7459
vn -0.4537 0.2636 -0.8513
vn -0.2790 0.2634 -0.9234
vn -0.0942 0.2634 -0.9601
vn -0.0891 0.2062 0.9744
vn -0.2700 0.1987 0.9421
vn -0.4558 0.1887 0.8699
vn -0.6325 0.1847 0.7522
vn -0.7735 0.1889 0.6049
vn -0.8743 0.1941 0.4448
vn -0.9392 0.1919 0.2846
vn -0.9776 0.1828 0.1044
vn -0.9785 0.1785 -0.1038
vn -0.9359 0.1817 -0.3017
vn -0.8602 0.1846 -0.4754
vn -0.7557 0.1851 -0.6282
vn -0.6159 0.1858 -0.7656
vn -0.4441 0.1907 -0.8754
vn -0.2609 0.2005 -0.9443
vn -0.0851 0.2088 -0.9742
vn 0.0022 0.0681 0.9977
vn -0.0591 0.0534 0.9968
vn -0.2640 0.0326 0.9640
vn -0.6325 -0.0206 0.7743
vn -0.8008 -0.0898 0.5921
vn -0.8232 -0.1599 0.5448
vn -0.6210 -0.1878 0.7610
vn -0.7995 0.4555 0.3915
vn 0.8122 -0.5610 -0.1602
vn -0.5150 -0.0751 -0.8539
vn -0.5173 -0.0346 -0.8551
vn -0.5369 0.0269 -0.8432
vn -0.5712 0.0457 -0.8196
vn -0.4312 0.0262 -0.9019
vn -0.2084 -0.0254 -0.9777
vn -0.0232 -0.0464 -0.9987
vn -0.0770 0.6174 -0.7829
vn -0.2275 0.6201 -0.7508
vn -0.3675 0.6255 -0.6883
vn -0.4908 0.6330 -0.5987
vn -0.5921 0.6423 -0.4867
vn -0.6678 0.6525 -0.3581
vn -0.7158 0.6634 -0.2180
vn -0.7341 0.6751 -0.0724
vn -0.7235 0.6867 0.0711
vn -0.6860 0.6973 0.2078
vn -0.6241 0.7067 0.3332
vn -0.5407 0.7149 0.4434
vn -0.4394 0.7216 0.5351
vn -0.3239 0.7267 0.6058
vn -0.1984 0.7301 0.6539
vn -0.0668 0.7319 0.6782
vn -0.0539 -0.1036 -0.9932
vn -0.1940 -0.1244 -0.9731
vn -0.3939 -0.1450 -0.9076
vn -0.5857 -0.1529 -0.7960
vn -0.6822 -0.1642 -0.7125
vn -0.7578 -0.1984 -0.6216
vn -0.8080 -0.2619 -0.5278
vn -0.9101 -0.3392 -0.2381
vn -0.9322 -0.2786 0.2311
vn -0.8743 -0.1585 0.4588
vn -0.8894 -0.1249 0.4398
vn -0.8315 -0.1228 0.5417
vn -0.6679 -0.1178 0.7349
vn -0.3722 -0.0712 0.9254
vn -0.1564 -0.0175 0.9875
vn -0.0417 0.0120 0.9991
vn 0.5124 0.4653 -0.7217
vn -0.4139 -0.6509 0.6364
vn 0.7421 -0.6153 0.2661
vn -0.6693 0.4579 -0.5851
vn 0.1111 -0.2560 0.9603
vn 0.0799 0.0587 -0.9951
vn -0.8996 0.2947 0.3224
vn 0.8097 -0.5501 -0.2044
vn -0.3879 0.8291 -0.4026
vn 0.5663 -0.8126 0.1379
vn -0.1535 -0.0977 -0.9833
vn 0.1727 -0.0752 0.9821
vn -0.7071 0.4684 -0.5297
vn 0.5601 -0.7386 0.3752
vn 0.4993 -0.7551 -0.4249
vn -0.7199 0.5658 0.4020
vt 1.000000 0.937500
vt 1.000000 0.968750
vt 0.984375 0.969525
vt 0.984375 0.944318
vt 1.000000 1.000000
vt 0.984375 1.000000
vt 0.968750 1.000000
vt 0.968750 0.969680
vt 0.968750 0.944938
vt 0.953125 0.969680
vt 0.953125 0.944938
vt 0.953125 1.000000
vt 0.937500 1.000000
vt 0.937500 0.969680
vt 0.937500 0.944938
vt 0.921875 0.969680
vt 0.921875 0.944938
vt 0.921875 1.000000
vt 0.906250 1.000000
vt 0.906250 0.969680
vt 0.906250 0.944938
vt 0.890625 0.969680
vt 0.890625 0.944938
vt 0.890625 1.000000
vt 0.875000 1.000000
vt 0.875000 0.969680
vt 0.875000 0.944938
vt 0.859375 0.969680
vt 0.859375 0.944938
vt 0.859375 1.000000
vt 0.843750 1.000000
vt 0.843750 0.969680
vt 0.843750 0.944938
vt 0.828125 0.969680
vt 0.828125 0.944938
vt 0.828125 1.000000
vt 0.812500 1.000000
vt 0.812500 0.969680
vt 0.812500 0.944938
vt 0.796875 0.969525
vt 0.796875 0.944318
vt 0.796875 1.000000
vt 0.781250 1.000000
vt 0.781250 0.969122
vt 0.781250 0.937500
vt 0.765625 0.969835
vt 0.765625 0.947049
vt 0.765625 1.000000
vt 0.750000 1.000000
vt 0.750000 0.970052
vt 0.750000 0.947917
vt 0.734375 0.969934
vt 0.734484 0.947383
vt 0.734375 1.000000
vt 0.718750 1.000000
vt 0.718750 0.969519
vt 0.718750 0.942855
vt 0.703125 0.969624
vt 0.703017 0.944715
vt 0.703125 1.000000
vt 0.687500 1.000000
vt 0.687500 0.969680
vt 0.687500 0.944938
vt 0.671875 0.969680
vt 0.671875 0.944938
vt 0.671875 1.000000
vt 0.656250 1.000000
vt 0.656250 0.969680
vt 0.656250 0.944938
vt 0.640625 0.969680
vt 0.640625 0.944938
vt 0.640625 1.000000
vt 0.625000 1.000000
vt 0.625000 0.969680
vt 0.625000 0.944938
vt 0.609375 0.969680
vt 0.609375 0.944938
vt 0.609375 1.000000
vt 0.593750 1.000000
vt 0.593750 0.969680
vt 0.593750 0.944938
vt 0.578125 0.969680
vt 0.578125 0.944938
vt 0.578125 1.000000
vt 0.562500 1.000000
vt 0.562500 0.969680
vt 0.562500 0.944938
vt 0.546875 0.969680
vt 0.546875 0.944938
vt 0.546875 1.000000
vt 0.531250 1.000000
vt 0.531250 0.969680
vt 0.531250 0.944938
vt 0.515625 0.969525
vt 0.515625 0.944318
vt 0.515625 1.000000
vt 0.500000 1.000000
vt 0.500000 0.968750
vt 0.500000 0.937500
vt 0.531250 0.577112
vt 0.531250 0.653080
vt 0.515625 0.652831
vt 0.515625 0.575116
vt 0.531250 0.738028
vt 0.515625 0.739026
vt 0.500000 0.750000
vt 0.500000 0.651584
vt 0.500000 0.553167
vt 0.562500 0.577112
vt 0.562500 0.653080
vt 0.546875 0.653080
vt 0.546875 0.577112
vt 0.562500 0.738028
vt 0.546875 0.738028
vt 0.531250 0.738028
vt 0.593750 0.577112
vt 0.593750 0.653080
vt 0.578125 0.653080
vt 0.578125 0.577112
vt 0.593750 0.738028
vt 0.578125 0.738028
vt 0.625000 0.577112
vt 0.625000 0.653080
vt 0.609375 0.653080
vt 0.609375 0.577112
vt 0.625000 0.738028
vt 0.609375 0.738028
vt 0.656250 0.577112
vt 0.656250 0.653080
vt 0.640625 0.653080
vt 0.640625 0.577112
vt 0.656250 0.738028
vt 0.640625 0.738028
vt 0.687500 0.577112
vt 0.687500 0.653080
vt 0.671875 0.653080
vt 0.671875 0.577112
vt 0.687500 0.738028
vt 0.671875 0.738028
vt 0.718750 0.577112
vt 0.718750 0.653080
vt 0.703125 0.653080
vt 0.703125 0.577112
vt 0.718750 0.738028
vt 0.703125 0.738028
vt 0.750000 0.577112
vt 0.750000 0.653080
vt 0.734375 0.653080
vt 0.734375 0.577112
vt 0.750000 0.738028
vt 0.734375 0.738028
vt 0.781250 0.577112
vt 0.781250 0.653080
vt 0.765625 0.653080
vt 0.765625 0.577112
vt 0.781250 0.738028
vt 0.765625 0.738028
vt 0.812500 0.577112
vt 0.812500 0.653080
vt 0.796875 0.653080
vt 0.796875 0.577112
vt 0.812500 0.738028
vt 0.796875 0.738028
vt 0.843750 0.577112
vt 0.843750 0.653080
vt 0.828125 0.653080
vt 0.828125 0.577112
vt 0.843750 0.738028
vt 0.828125 0.738028
vt 0.875000 0.577112
vt 0.875000 0.653080
vt 0.859375 0.653080
vt 0.859375 0.577112
vt 0.875000 0.738028
vt 0.859375 0.738028
vt 0.906250 0.577112
vt 0.906250 0.653080
vt 0.890625 0.653080
vt 0.890625 0.577112
vt 0.906250 0.738028
vt 0.890625 0.738028
vt 0.937500 0.577112
vt 0.937500 0.653080
vt 0.921875 0.653080
vt 0.921875 0.577112
vt 0.937500 0.738028
vt 0.921875 0.738028
vt 0.968750 0.577112
vt 0.968750 0.653080
vt 0.953125 0.653080
vt 0.953125 0.577112
vt 0.968750 0.738028
vt 0.953125 0.738028
vt 1.000000 0.553167
vt 1.000000 0.651584
vt 0.984375 0.652831
vt 0.984375 0.575116
vt 1.000000 0.750000
vt 0.984375 0.739026
vt 0.968750 0.738028
vt 0.968750 0.653080
vt 0.968750 0.577112
vt 0.531250 0.809329
vt 0.515625 0.809858
vt 0.531250 0.861605
vt 0.515625 0.862721
vt 0.500000 0.875000
vt 0.500000 0.812500
vt 0.562500 0.809329
vt 0.546875 0.809329
vt 0.562500 0.861605
vt 0.546875 0.861605
vt 0.531250 0.809329
vt 0.593750 0.809329
vt 0.578125 0.809329
vt 0.593750 0.861605
vt 0.578125 0.861605
vt 0.625000 0.809329
vt 0.609375 0.809329
vt 0.625000 0.861605
vt 0.609375 0.861605
vt 0.656250 0.809329
vt 0.640625 0.809329
vt 0.656250 0.861605
vt 0.640625 0.861605
vt 0.687500 0.809329
vt 0.671875 0.809329
vt 0.687500 0.861605
vt 0.671875 0.861605
vt 0.718750 0.809329
vt 0.703125 0.809329
vt 0.718750 0.861605
vt 0.703125 0.861605
vt 0.750000 0.809329
vt 0.734375 0.809329
vt 0.750000 0.861605
vt 0.734375 0.861605
vt 0.781250 0.809329
vt 0.765625 0.809329
vt 0.781250 0.861605
vt 0.765625 0.861605
vt 0.812500 0.809329
vt 0.796875 0.809329
vt 0.812500 0.861605
vt 0.796875 0.861605
vt 0.843750 0.809329
vt 0.828125 0.809329
vt 0.843750 0.861605
vt 0.828125 0.861605
vt 0.875000 0.809329
vt 0.859375 0.809329
vt 0.875000 0.861605
vt 0.859375 0.861605
vt 0.906250 0.809329
vt 0.890625 0.809329
vt 0.906250 0.861605
vt 0.890625 0.861605
vt 0.937500 0.809329
vt 0.921875 0.809329
vt 0.937500 0.861605
vt 0.921875 0.861605
vt 0.968750 0.809329
vt 0.953125 0.809329
vt 0.968750 0.861605
vt 0.953125 0.861605
vt 1.000000 0.812500
vt 0.984375 0.809858
vt 1.000000 0.875000
vt 0.984375 0.862721
vt 0.968750 0.861605
vt 0.968750 0.809329
vt 0.531250 0.915168
vt 0.531250 0.928936
vt 0.515625 0.928874
vt 0.515625 0.915540
vt 0.500000 0.928564
vt 0.500000 0.919627
vt 0.562500 0.915168
vt 0.562500 0.928936
vt 0.546875 0.928936
vt 0.546875 0.915168
vt 0.562500 0.944938
vt 0.546875 0.944938
vt 0.593750 0.915168
vt 0.593750 0.928936
vt 0.578125 0.928936
vt 0.578125 0.915168
vt 0.593750 0.944938
vt 0.578125 0.944938
vt 0.625000 0.915168
vt 0.625000 0.928936
vt 0.609375 0.928936
vt 0.609375 0.915168
vt 0.625000 0.944938
vt 0.609375 0.944938
vt 0.656250 0.915168
vt 0.656250 0.928936
vt 0.640625 0.928936
vt 0.640625 0.915168
vt 0.656250 0.944938
vt 0.640625 0.944938
vt 0.687500 0.915168
vt 0.687500 0.928936
vt 0.671875 0.928936
vt 0.671875 0.915168
vt 0.687500 0.944938
vt 0.718750 0.916417
vt 0.714627 0.928785
vt 0.702691 0.928914
vt 0.703017 0.915302
vt 0.687500 0.928936
vt 0.687500 0.915168
vt 0.750000 0.937500
vt 0.734484 0.937438
vt 0.734375 0.937500
vt 0.718750 0.937500
vt 0.718750 0.937500
vt 0.718750 0.937500
vt 0.734484 0.937438
vt 0.750000 0.937500
vt 0.750000 0.919627
vt 0.765625 0.919627
vt 0.765625 0.919627
vt 0.750000 0.919627
vt 0.781250 0.919627
vt 0.781250 0.919627
vt 0.781250 0.919627
vt 0.812500 0.915168
vt 0.812500 0.928936
vt 0.796875 0.928874
vt 0.796875 0.915540
vt 0.781250 0.928564
vt 0.781250 0.919627
vt 0.843750 0.915168
vt 0.843750 0.928936
vt 0.828125 0.928936
vt 0.828125 0.915168
vt 0.843750 0.944938
vt 0.828125 0.944938
vt 0.812500 0.944938
vt 0.812500 0.928936
vt 0.812500 0.915168
vt 0.875000 0.915168
vt 0.875000 0.928936
vt 0.859375 0.928936
vt 0.859375 0.915168
vt 0.875000 0.944938
vt 0.859375 0.944938
vt 0.906250 0.915168
vt 0.906250 0.928936
vt 0.890625 0.928936
vt 0.890625 0.915168
vt 0.906250 0.944938
vt 0.890625 0.944938
vt 0.937500 0.915168
vt 0.937500 0.928936
vt 0.921875 0.928936
vt 0.921875 0.915168
vt 0.937500 0.944938
vt 0.921875 0.944938
vt 0.968750 0.915168
vt 0.968750 0.928936
vt 0.953125 0.928936
vt 0.953125 0.915168
vt 0.968750 0.944938
vt 0.953125 0.944938
vt 1.000000 0.919627
vt 1.000000 0.928564
vt 0.984375 0.928874
vt 0.984375 0.915540
vt 0.968750 0.928936
vt 0.968750 0.915168
vt 1.000000 0.500000
vt 1.000000 0.526584
vt 0.984375 0.529078
vt 0.984375 0.500000
vt 0.968750 0.529577
vt 0.968750 0.500000
vt 0.953125 0.529577
vt 0.953125 0.500000
vt 0.953125 0.577112
vt 0.937500 0.577112
vt 0.937500 0.529577
vt 0.937500 0.500000
vt 0.921875 0.529577
vt 0.921875 0.500000
vt 0.906250 0.577112
vt 0.906250 0.529577
vt 0.906250 0.500000
vt 0.890625 0.529577
vt 0.890625 0.500000
vt 0.875000 0.577112
vt 0.875000 0.529577
vt 0.875000 0.500000
vt 0.859375 0.529577
vt 0.859375 0.500000
vt 0.859375 0.577112
vt 0.843750 0.577112
vt 0.843750 0.529577
vt 0.843750 0.500000
vt 0.828125 0.529577
vt 0.828125 0.500000
vt 0.828125 0.577112
vt 0.812500 0.577112
vt 0.812500 0.529577
vt 0.812500 0.500000
vt 0.796875 0.529577
vt 0.796875 0.500000
vt 0.796875 0.577112
vt 0.781250 0.577112
vt 0.781250 0.529577
vt 0.781250 0.500000
vt 0.765625 0.529577
vt 0.765625 0.500000
vt 0.765625 0.577112
vt 0.750000 0.577112
vt 0.750000 0.529577
vt 0.750000 0.500000
vt 0.734375 0.529577
vt 0.734375 0.500000
vt 0.718750 0.577112
vt 0.718750 0.529577
vt 0.718750 0.500000
vt 0.703125 0.529577
vt 0.703125 0.500000
vt 0.703125 0.577112
vt 0.687500 0.577112
vt 0.687500 0.529577
vt 0.687500 0.500000
vt 0.671875 0.529577
vt 0.671875 0.500000
vt 0.671875 0.577112
vt 0.656250 0.577112
vt 0.656250 0.529577
vt 0.656250 0.500000
vt 0.640625 0.529577
vt 0.640625 0.500000
vt 0.625000 0.577112
vt 0.625000 0.529577
vt 0.625000 0.500000
vt 0.609375 0.529577
vt 0.609375 0.500000
vt 0.609375 0.577112
vt 0.593750 0.577112
vt 0.593750 0.529577
vt 0.593750 0.500000
vt 0.578125 0.529577
vt 0.578125 0.500000
vt 0.578125 0.577112
vt 0.562500 0.529577
vt 0.562500 0.500000
vt 0.546875 0.529577
vt 0.546875 0.500000
vt 0.546875 0.577112
vt 0.531250 0.529577
vt 0.531250 0.500000
vt 0.515625 0.529078
vt 0.515625 0.500000
vt 0.500000 0.526584
vt 0.500000 0.500000
vt 1.000000 0.897314
vt 0.984375 0.895454
vt 0.968750 0.895082
vt 0.968750 0.895082
vt 0.953125 0.895082
vt 0.937500 0.895082
vt 0.921875 0.895082
vt 0.906250 0.895082
vt 0.890625 0.895082
vt 0.875000 0.895082
vt 0.859375 0.895082
vt 0.843750 0.895082
vt 0.828125 0.895082
vt 0.812500 0.895082
vt 0.812500 0.861605
vt 0.812500 0.895082
vt 0.796875 0.895175
vt 0.796875 0.861605
vt 0.781250 0.895391
vt 0.765625 0.894865
vt 0.765625 0.861605
vt 0.765625 0.912809
vt 0.750000 0.912189
vt 0.750000 0.894710
vt 0.750000 0.861605
vt 0.734375 0.894805
vt 0.734375 0.861605
vt 0.734484 0.912634
vt 0.718750 0.895154
vt 0.718750 0.861605
vt 0.703125 0.895115
vt 0.703125 0.861605
vt 0.687500 0.895082
vt 0.687500 0.861605
vt 0.687500 0.895082
vt 0.671875 0.895082
vt 0.656250 0.895082
vt 0.640625 0.895082
vt 0.625000 0.895082
vt 0.609375 0.895082
vt 0.593750 0.895082
vt 0.578125 0.895082
vt 0.562500 0.895082
vt 0.546875 0.895082
vt 0.531250 0.895082
vt 0.531250 0.895082
vt 0.515625 0.895454
vt 0.500000 0.897314
vt 0.780491 0.928253
vt 0.780274 0.928502
vt 0.776910 0.922110
vt 0.776042 0.934521
vt 0.776476 0.934770
vt 0.718750 0.928564
vt 0.719618 0.928564
vt 0.723090 0.935018
vt 0.718750 0.919627
vt 0.723090 0.922110
vt 0.734484 0.919689
vt 0.734375 0.919627
vt 0.718750 0.919627
vt 0.750000 0.919627
vt 0.765516 0.937438
vt 0.765082 0.937190
vt 0.776476 0.934770
vt 0.764974 0.937128
vt 0.718750 0.937500
vt 0.718750 0.928564
vt 0.718750 0.919627
vt 0.718750 0.937500
vt 0.780708 0.928253
vt 0.734809 0.937252
vt 0.734375 0.937500
vt 0.750000 0.937500
vt 0.765191 0.919876
vt 0.765083 0.937190
vt 0.765625 0.937500
vt 0.734809 0.919876
vt 0.734375 0.919627
vt 0.781250 0.928564
vt 0.781250 0.937500
vt 0.781250 0.937500
vt 0.719184 0.928603
vt 0.722982 0.935631
vt 0.722982 0.921717
vt 0.765625 0.947049
vt 0.765625 0.938585
vt 0.750000 0.947917
vt 0.750000 0.938802
vt 0.734484 0.912634
vt 0.734809 0.919041
vt 0.750000 0.912189
vt 0.750000 0.918698
vt 0.765625 0.912809
vt 0.765625 0.918853
vt 0.734809 0.938436
vt 0.984375 0.944318
vt 0.968750 0.944938
vt 0.968750 0.969680
vt 0.953125 0.944938
vt 0.953125 0.969680
vt 0.921875 0.969680
vt 0.906250 0.944938
vt 0.875000 0.944938
vt 0.859375 0.969680
vt 0.843750 0.944938
vt 0.843750 0.969680
vt 0.828125 0.944938
vt 0.796875 0.944318
vt 0.796875 0.969525
vt 0.781250 0.968905
vt 0.765625 0.968750
vt 0.750000 0.968967
vt 0.734484 0.946515
vt 0.734375 0.969717
vt 0.703017 0.944715
vt 0.703125 0.969624
vt 0.687500 0.944938
vt 0.671875 0.944938
vt 0.656250 0.944938
vt 0.656250 0.969680
vt 0.609375 0.944938
vt 0.609375 0.969680
vt 0.593750 0.944938
vt 0.593750 0.969680
vt 0.578125 0.969680
vt 0.562500 0.944938
vt 0.562500 0.969680
vt 0.531250 0.969680
vt 0.531250 0.577112
vt 0.515625 0.575116
vt 0.562500 0.577112
vt 0.546875 0.577112
vt 0.546875 0.653080
vt 0.562500 0.653080
vt 0.546875 0.738028
vt 0.562500 0.738028
vt 0.578125 0.577112
vt 0.578125 0.653080
vt 0.578125 0.738028
vt 0.609375 0.653080
vt 0.609375 0.738028
vt 0.656250 0.577112
vt 0.640625 0.577112
vt 0.640625 0.653080
vt 0.656250 0.653080
vt 0.640625 0.738028
vt 0.671875 0.653080
vt 0.687500 0.653080
vt 0.718750 0.577112
vt 0.718750 0.653080
vt 0.703125 0.738028
vt 0.718750 0.738028
vt 0.750000 0.577112
vt 0.734375 0.577112
vt 0.750000 0.738028
vt 0.781250 0.577112
vt 0.765625 0.577112
vt 0.765625 0.653080
vt 0.781250 0.653080
vt 0.765625 0.738028
vt 0.796875 0.653080
vt 0.812500 0.653080
vt 0.812500 0.738028
vt 0.828125 0.577112
vt 0.828125 0.653080
vt 0.843750 0.653080
vt 0.828125 0.738028
vt 0.843750 0.738028
vt 0.875000 0.577112
vt 0.859375 0.653080
vt 0.875000 0.653080
vt 0.906250 0.577112
vt 0.890625 0.577112
vt 0.890625 0.653080
vt 0.906250 0.653080
vt 0.890625 0.738028
vt 0.906250 0.738028
vt 0.921875 0.577112
vt 0.921875 0.653080
vt 0.921875 0.738028
vt 0.953125 0.577112
vt 0.953125 0.653080
vt 0.968750 0.738028
vt 0.984375 0.575116
vt 0.968750 0.577112
vt 0.968750 0.738028
vt 0.984375 0.739026
vt 0.515625 0.862721
vt 0.546875 0.809329
vt 0.562500 0.809329
vt 0.531250 0.809329
vt 0.531250 0.861605
vt 0.546875 0.861605
vt 0.562500 0.861605
vt 0.578125 0.809329
vt 0.578125 0.861605
vt 0.609375 0.809329
vt 0.625000 0.809329
vt 0.609375 0.861605
vt 0.640625 0.809329
vt 0.656250 0.809329
vt 0.640625 0.861605
vt 0.656250 0.861605
vt 0.671875 0.861605
vt 0.718750 0.809329
vt 0.703125 0.861605
vt 0.718750 0.861605
vt 0.750000 0.809329
vt 0.765625 0.809329
vt 0.781250 0.809329
vt 0.765625 0.861605
vt 0.796875 0.861605
vt 0.828125 0.809329
vt 0.843750 0.809329
vt 0.843750 0.861605
vt 0.859375 0.809329
vt 0.859375 0.861605
vt 0.875000 0.861605
vt 0.890625 0.809329
vt 0.906250 0.809329
vt 0.890625 0.861605
vt 0.906250 0.861605
vt 0.921875 0.809329
vt 0.921875 0.861605
vt 0.953125 0.861605
vt 0.968750 0.861605
vt 0.968750 0.809329
vt 0.515625 0.915540
vt 0.515625 0.928874
vt 0.531250 0.928936
vt 0.562500 0.915168
vt 0.546875 0.915168
vt 0.546875 0.928936
vt 0.562500 0.928936
vt 0.531250 0.915168
vt 0.531250 0.944938
vt 0.546875 0.944938
vt 0.593750 0.915168
vt 0.578125 0.915168
vt 0.578125 0.928936
vt 0.593750 0.928936
vt 0.625000 0.915168
vt 0.609375 0.915168
vt 0.609375 0.928936
vt 0.609375 0.944938
vt 0.625000 0.944938
vt 0.656250 0.915168
vt 0.640625 0.915168
vt 0.640625 0.928936
vt 0.656250 0.928936
vt 0.640625 0.944938
vt 0.687500 0.915168
vt 0.671875 0.915168
vt 0.687500 0.928936
vt 0.687500 0.944938
vt 0.703017 0.915540
vt 0.702691 0.928973
vt 0.714518 0.928960
vt 0.750000 0.937500
vt 0.734918 0.937190
vt 0.735026 0.937128
vt 0.723958 0.934521
vt 0.723524 0.934769
vt 0.750000 0.919627
vt 0.765625 0.919627
vt 0.750000 0.919627
vt 0.765517 0.919689
vt 0.812500 0.915168
vt 0.796875 0.915540
vt 0.796875 0.928874
vt 0.812500 0.928936
vt 0.843750 0.915168
vt 0.828125 0.928936
vt 0.843750 0.928936
vt 0.812500 0.915168
vt 0.812500 0.928936
vt 0.812500 0.944938
vt 0.828125 0.944938
vt 0.843750 0.944938
vt 0.875000 0.915168
vt 0.859375 0.915168
vt 0.859375 0.928936
vt 0.875000 0.928936
vt 0.875000 0.944938
vt 0.890625 0.928936
vt 0.906250 0.928936
vt 0.906250 0.944938
vt 0.937500 0.915168
vt 0.921875 0.915168
vt 0.921875 0.928936
vt 0.937500 0.928936
vt 0.921875 0.944938
vt 0.968750 0.915168
vt 0.953125 0.915168
vt 0.953125 0.928936
vt 0.968750 0.928936
vt 0.968750 0.944938
vt 0.968750 0.915168
vt 0.968750 0.928936
vt 0.968750 0.529577
vt 0.953125 0.529577
vt 0.937500 0.529577
vt 0.953125 0.577112
vt 0.921875 0.529577
vt 0.906250 0.529577
vt 0.906250 0.577112
vt 0.921875 0.577112
vt 0.890625 0.529577
vt 0.875000 0.529577
vt 0.875000 0.577112
vt 0.890625 0.577112
vt 0.859375 0.529577
vt 0.843750 0.577112
vt 0.859375 0.577112
vt 0.828125 0.529577
vt 0.812500 0.529577
vt 0.796875 0.529577
vt 0.781250 0.529577
vt 0.781250 0.577112
vt 0.765625 0.529577
vt 0.750000 0.529577
vt 0.734375 0.529577
vt 0.718750 0.529577
vt 0.734375 0.577112
vt 0.687500 0.529577
vt 0.671875 0.529577
vt 0.656250 0.529577
vt 0.671875 0.577112
vt 0.625000 0.529577
vt 0.625000 0.577112
vt 0.640625 0.577112
vt 0.609375 0.529577
vt 0.593750 0.529577
vt 0.593750 0.577112
vt 0.609375 0.577112
vt 0.562500 0.529577
vt 0.562500 0.577112
vt 0.578125 0.577112
vt 0.546875 0.529577
vt 0.984375 0.895454
vt 0.953125 0.895082
vt 0.968750 0.895082
vt 0.937500 0.895082
vt 0.921875 0.895082
vt 0.906250 0.895082
vt 0.890625 0.895082
vt 0.875000 0.895082
vt 0.859375 0.895082
vt 0.828125 0.895082
vt 0.812500 0.895082
vt 0.812500 0.861605
vt 0.796875 0.895175
vt 0.781250 0.861605
vt 0.765625 0.861605
vt 0.765625 0.895019
vt 0.750000 0.895484
vt 0.765625 0.913429
vt 0.734375 0.861605
vt 0.734375 0.895639
vt 0.718750 0.895546
vt 0.734375 0.919627
vt 0.703125 0.895175
vt 0.687500 0.895082
vt 0.656250 0.895082
vt 0.640625 0.895082
vt 0.625000 0.895082
vt 0.609375 0.895082
vt 0.593750 0.895082
vt 0.578125 0.895082
vt 0.546875 0.895082
vt 0.780382 0.928564
vt 0.776910 0.935018
vt 0.723524 0.934769
vt 0.719835 0.928564
vt 0.720052 0.928564
vt 0.723524 0.922358
vt 0.723958 0.922606
vt 0.723524 0.922358
vt 0.734918 0.919938
vt 0.734483 0.919689
vt 0.735026 0.920000
vt 0.765625 0.937500
vt 0.719835 0.928564
vt 0.734918 0.937190
vt 0.765191 0.919876
vt 0.765191 0.937252
vt 0.734918 0.919938
vt 0.780816 0.928316
vt 0.722982 0.935632
vt 0.718750 0.928415
vt 0.714518 0.928960
vt 0.750000 0.937500
vt 0.750000 0.937500
vt 0.734375 0.919627
vt 0.765625 0.919008
vt 0.734809 0.938219
vt 0.734484 0.946515
s 1
f 2124/1000/2123 2318/1001/2317 2802/1002/2801 2463/1003/2462
f 2318/1001/2317 2057/1004/2056 2317/1005/2316 2802/1002/2801
f 2802/1002/2801 2317/1005/2316 2059/1006/2058 2432/1007/2431
f 2463/1003/2462 2802/1002/2801 2432/1007/2431 2125/1008/2124
f 2125/1008/2124 2432/1007/2431 2803/1009/2802 2462/1010/2461
f 2432/1007/2431 2059/1006/2058 2321/1011/2320 2803/1009/2802
f 2803/1009/2802 2321/1011/2320 2061/1012/2060 2433/1013/2432
f 2462/1010/2461 2803/1009/2802 2433/1013/2432 2126/1014/2125
f 2126/1014/2125 2433/1013/2432 2804/1015/2803 2461/1016/2460
f 2433/1013/2432 2061/1012/2060 2324/1017/2323 2804/1015/2803
f 2804/1015/2803 2324/1017/2323 2063/1018/2062 2434/1019/2433
f 2461/1016/2460 2804/1015/2803 2434/1019/2433 2127/1020/2126
f 2127/1020/2126 2434/1019/2433 2805/1021/2804 2460/1022/2459
f 2434/1019/2433 2063/1018/2062 2327/1023/2326 2805/1021/2804
f 2805/1021/2804 2327/1023/2326 2065/1024/2064 2435/1025/2434
f 2460/1022/2459 2805/1021/2804 2435/1025/2434 2128/1026/2127
f 2128/1026/2127 2435/1025/2434 2806/1027/2805 2459/1028/2458
f 2435/1025/2434 2065/1024/2064 2330/1029/2329 2806/1027/2805
f 2806/1027/2805 2330/1029/2329 2067/1030/2066 2436/1031/2435
f 2459/1028/2458 2806/1027/2805 2436/1031/2435 2129/1032/2128
f 2129/1032/2128 2436/1031/2435 2807/1033/2806 2458/1034/2457
f 2436/1031/2435 2067/1030/2066 2333/1035/2332 2807/1033/2806
f 2807/1033/2806 2333/1035/2332 2069/1036/2068 2437/1037/2436
f 2458/1034/2457 2807/1033/2806 2437/1037/2436 2130/1038/2129
f 2130/1038/2129 2437/1037/2436 2808/1039/2807 2457/1040/2456
f 2437/1037/2436 2069/1036/2068 2336/1041/2335 2808/1039/2807
f 2808/1039/2807 2336/1041/2335 2071/1042/2070 2438/1043/2437
f 2457/1040/2456 2808/1039/2807 2438/1043/2437 2131/1044/2130
f 2131/1044/2130 2438/1043/2437 2809/1045/2808 2456/1046/2455
f 2438/1043/2437 2071/1042/2070 2339/1047/2338 2809/1045/2808
f 2809/1045/2808 2339/1047/2338 2073/1048/2072 2439/1049/2438
f 2456/1046/2455 2809/1045/2808 2439/1049/2438 2132/1050/2131
f 2132/1050/2131 2439/1049/2438 2810/1051/2809 2455/1052/2454
f 2439/1049/2438 2073/1048/2072 2342/1053/2341 2810/1051/2809
f 2810/1051/2809 2342/1053/2341 2075/1054/2074 2440/1055/2439
f 2455/1052/2454 2810/1051/2809 2440/1055/2439 2133/1056/2132
f 2133/1056/2132 2440/1055/2439 2811/1057/2810 2454/1058/2453
f 2440/1055/2439 2075/1054/2074 2345/1059/2344 2811/1057/2810
f 2811/1057/2810 2345/1059/2344 2077/1060/2076 2441/1061/2440
f 2454/1058/2453 2811/1057/2810 2441/1061/2440 2134/1062/2133
f 2134/1062/2133 2441/1061/2440 2812/1063/2811 2453/1064/2452
f 2441/1061/2440 2077/1060/2076 2348/1065/2347 2812/1063/2811
f 2812/1063/2811 2348/1065/2347 2079/1066/2078 2442/1067/2441
f 2453/1064/2452 2812/1063/2811 2442/1067/2441 2135/1068/2134
f 2135/1068/2134 2442/1067/2441 2813/1069/2812 2452/1070/2451
f 2442/1067/2441 2079/1066/2078 2351/1071/2350 2813/1069/2812
f 2813/1069/2812 2351/1071/2350 2081/1072/2080 2443/1073/2442
f 2452/1070/2451 2813/1069/2812 2443/1073/2442 2136/1074/2135
f 2136/1074/2135 2443/1073/2442 2814/1075/2813 2451/1076/2450
f 2443/1073/2442 2081/1072/2080 2354/1077/2353 2814/1075/2813
f 2814/1075/2813 2354/1077/2353 2083/1078/2082 2444/1079/2443
f 2451/1076/2450 2814/1075/2813 2444/1079/2443 2137/1080/2136
f 2137/1080/2136 2444/1079/2443 2815/1081/2814 2450/1082/2449
f 2444/1079/2443 2083/1078/2082 2357/1083/2356 2815/1081/2814
f 2815/1081/2814 2357/1083/2356 2085/1084/2084 2445/1085/2444
f 2450/1082/2449 2815/1081/2814 2445/1085/2444 2138/1086/2137
f 2138/1086/2137 2445/1085/2444 2816/1087/2815 2449/1088/2448
f 2445/1085/2444 2085/1084/2084 2360/1089/2359 2816/1087/2815
f 2816/1087/2815 2360/1089/2359 2087/1090/2086 2446/1091/2445
f 2449/1088/2448 2816/1087/2815 2446/1091/2445 2139/1092/2138
f 2139/1092/2138 2446/1091/2445 2817/1093/2816 2448/1094/2447
f 2446/1091/2445 2087/1090/2086 2363/1095/2362 2817/1093/2816
f 2817/1093/2816 2363/1095/2362 2089/1096/2088 2447/1097/2446
f 2448/1094/2447 2817/1093/2816 2447/1097/2446 2140/1098/2139
f 2155/1099/2154 2478/1100/2477 2818/1101/2817 2496/1102/2495
f 2478/1100/2477 2105/1103/2104 2382/1104/2381 2818/1101/2817
f 2818/1101/2817 2382/1104/2381 2106/1105/2105 2479/1106/2478
f 2496/1102/2495 2818/1101/2817 2479/1106/2478 2156/1107/2155
f 2154/1108/2153 2477/1109/2476 2819/1110/2818 2495/1111/2494
f 2477/1109/2476 2104/1112/2103 2383/1113/2382 2819/1110/2818
f 2819/1110/2818 2383/1113/2382 2105/1114/2104 2478/1100/2477
f 2495/1111/2494 2819/1110/2818 2478/1100/2477 2155/1099/2154
f 2153/1115/2152 2476/1116/2475 2820/1117/2819 2494/1118/2493
f 2476/1116/2475 2103/1119/2102 2384/1120/2383 2820/1117/2819
f 2820/1117/2819 2384/1120/2383 2104/1112/2103 2477/1109/2476
f 2494/1118/2493 2820/1117/2819 2477/1109/2476 2154/1108/2153
f 2152/1121/2151 2475/1122/2474 2821/1123/2820 2493/1124/2492
f 2475/1122/2474 2102/1125/2101 2385/1126/2384 2821/1123/2820
f 2821/1123/2820 2385/1126/2384 2103/1119/2102 2476/1116/2475
f 2493/1124/2492 2821/1123/2820 2476/1116/2475 2153/1115/2152
f 2151/1127/2150 2474/1128/2473 2822/1129/2821 2492/1130/2491
f 2474/1128/2473 2101/1131/2100 2386/1132/2385 2822/1129/2821
f 2822/1129/2821 2386/1132/2385 2102/1125/2101 2475/1122/2474
f 2492/1130/2491 2822/1129/2821 2475/1122/2474 2152/1121/2151
f 2150/1133/2149 2473/1134/2472 2823/1135/2822 2491/1136/2490
f 2473/1134/2472 2100/1137/2099 2387/1138/2386 2823/1135/2822
f 2823/1135/2822 2387/1138/2386 2101/1131/2100 2474/1128/2473
f 2491/1136/2490 2823/1135/2822 2474/1128/2473 2151/1127/2150
f 2149/1139/2148 2472/1140/2471 2824/1141/2823 2490/1142/2489
f 2472/1140/2471 2099/1143/2098 2388/1144/2387 2824/1141/2823
f 2824/1141/2823 2388/1144/2387 2100/1137/2099 2473/1134/2472
f 2490/1142/2489 2824/1141/2823 2473/1134/2472 2150/1133/2149
f 2148/1145/2147 2471/1146/2470 2825/1147/2824 2489/1148/2488
f 2471/1146/2470 2098/1149/2097 2389/1150/2388 2825/1147/2824
f 2825/1147/2824 2389/1150/2388 2099/1143/2098 2472/1140/2471
f 2489/1148/2488 2825/1147/2824 2472/1140/2471 2149/1139/2148
f 2147/1151/2146 2470/1152/2469 2826/1153/2825 2488/1154/2487
f 2470/1152/2469 2097/1155/2096 2390/1156/2389 2826/1153/2825
f 2826/1153/2825 2390/1156/2389 2098/1149/2097 2471/1146/2470
f 2488/1154/2487 2826/1153/2825 2471/1146/2470 2148/1145/2147
f 2146/1157/2145 2469/1158/2468 2827/1159/2826 2487/1160/2486
f 2469/1158/2468 2096/1161/2095 2391/1162/2390 2827/1159/2826
f 2827/1159/2826 2391/1162/2390 2097/1155/2096 2470/1152/2469
f 2487/1160/2486 2827/1159/2826 2470/1152/2469 2147/1151/2146
f 2145/1163/2144 2468/1164/2467 2828/1165/2827 2486/1166/2485
f 2468/1164/2467 2095/1167/2094 2392/1168/2391 2828/1165/2827
f 2828/1165/2827 2392/1168/2391 2096/1161/2095 2469/1158/2468
f 2486/1166/2485 2828/1165/2827 2469/1158/2468 2146/1157/2145
f 2144/1169/2143 2467/1170/2466 2829/1171/2828 2485/1172/2484
f 2467/1170/2466 2094/1173/2093 2393/1174/2392 2829/1171/2828
f 2829/1171/2828 2393/1174/2392 2095/1167/2094 2468/1164/2467
f 2485/1172/2484 2829/1171/2828 2468/1164/2467 2145/1163/2144
f 2143/1175/2142 2466/1176/2465 2830/1177/2829 2484/1178/2483
f 2466/1176/2465 2093/1179/2092 2394/1180/2393 2830/1177/2829
f 2830/1177/2829 2394/1180/2393 2094/1173/2093 2467/1170/2466
f 2484/1178/2483 2830/1177/2829 2467/1170/2466 2144/1169/2143
f 2142/1181/2141 2465/1182/2464 2831/1183/2830 2483/1184/2482
f 2465/1182/2464 2092/1185/2091 2395/1186/2394 2831/1183/2830
f 2831/1183/2830 2395/1186/2394 2093/1179/2092 2466/1176/2465
f 2483/1184/2482 2831/1183/2830 2466/1176/2465 2143/1175/2142
f 2141/1187/2140 2464/1188/2463 2832/1189/2831 2482/1190/2481
f 2464/1188/2463 2091/1191/2090 2396/1192/2395 2832/1189/2831
f 2832/1189/2831 2396/1192/2395 2092/1185/2091 2465/1182/2464
f 2482/1190/2481 2832/1189/2831 2465/1182/2464 2142/1181/2141
f 2157/1193/2156 2365/1194/2364 2833/1195/2832 2481/1196/2480
f 2365/1194/2364 2090/1197/2089 2397/1198/2396 2833/1195/2832
f 2833/1195/2832 2397/1198/2396 2091/1199/2090 2464/1200/2463
f 2481/1196/2480 2833/1195/2832 2464/1200/2463 2141/1201/2140
f 2105/1103/2104 2380/1202/2379 2834/1203/2833 2382/1104/2381
f 2380/1202/2379 2122/1204/2121 2415/1205/2414 2834/1203/2833
f 2834/1203/2833 2415/1205/2414 2123/1206/2122 2381/1207/2380
f 2382/1104/2381 2834/1203/2833 2381/1207/2380 2106/1105/2105
f 2104/1112/2103 2379/1208/2378 2835/1209/2834 2383/1113/2382
f 2379/1208/2378 2121/1210/2120 2416/1211/2415 2835/1209/2834
f 2835/1209/2834 2416/1211/2415 2122/1204/2121 2380/1212/2379
f 2383/1113/2382 2835/1209/2834 2380/1212/2379 2105/1114/2104
f 2103/1119/2102 2378/1213/2377 2836/1214/2835 2384/1120/2383
f 2378/1213/2377 2120/1215/2119 2417/1216/2416 2836/1214/2835
f 2836/1214/2835 2417/1216/2416 2121/1210/2120 2379/1208/2378
f 2384/1120/2383 2836/1214/2835 2379/1208/2378 2104/1112/2103
f 2102/1125/2101 2377/1217/2376 2837/1218/2836 2385/1126/2384
f 2377/1217/2376 2119/1219/2118 2418/1220/2417 2837/1218/2836
f 2837/1218/2836 2418/1220/2417 2120/1215/2119 2378/1213/2377
f 2385/1126/2384 2837/1218/2836 2378/1213/2377 2103/1119/2102
f 2101/1131/2100 2376/1221/2375 2838/1222/2837 2386/1132/2385
f 2376/1221/2375 2118/1223/2117 2419/1224/2418 2838/1222/2837
f 2838/1222/2837 2419/1224/2418 2119/1219/2118 2377/1217/2376
f 2386/1132/2385 2838/1222/2837 2377/1217/2376 2102/1125/2101
f 2100/1137/2099 2375/1225/2374 2839/1226/2838 2387/1138/2386
f 2375/1225/2374 2117/1227/2116 2420/1228/2419 2839/1226/2838
f 2839/1226/2838 2420/1228/2419 2118/1223/2117 2376/1221/2375
f 2387/1138/2386 2839/1226/2838 2376/1221/2375 2101/1131/2100
f 2099/1143/2098 2374/1229/2373 2840/1230/2839 2388/1144/2387
f 2374/1229/2373 2116/1231/2115 2421/1232/2420 2840/1230/2839
f 2840/1230/2839 2421/1232/2420 2117/1227/2116 2375/1225/2374
f 2388/1144/2387 2840/1230/2839 2375/1225/2374 2100/1137/2099
f 2098/1149/2097 2373/1233/2372 2841/1234/2840 2389/1150/2388
f 2373/1233/2372 2115/1235/2114 2422/1236/2421 2841/1234/2840
f 2841/1234/2840 2422/1236/2421 2116/1231/2115 2374/1229/2373
f 2389/1150/2388 2841/1234/2840 2374/1229/2373 2099/1143/2098
f 2097/1155/2096 2372/1237/2371 2842/1238/2841 2390/1156/2389
f 2372/1237/2371 2114/1239/2113 2423/1240/2422 2842/1238/2841
f 2842/1238/2841 2423/1240/2422 2115/1235/2114 2373/1233/2372
f 2390/1156/2389 2842/1238/2841 2373/1233/2372 2098/1149/2097
f 2096/1161/2095 2371/1241/2370 2843/1242/2842 2391/1162/2390
f 2371/1241/2370 2113/1243/2112 2424/1244/2423 2843/1242/2842
f 2843/1242/2842 2424/1244/2423 2114/1239/2113 2372/1237/2371
f 2391/1162/2390 2843/1242/2842 2372/1237/2371 2097/1155/2096
f 2095/1167/2094 2370/1245/2369 2844/1246/2843 2392/1168/2391
f 2370/1245/2369 2112/1247/2111 2425/1248/2424 2844/1246/2843
f 2844/1246/2843 2425/1248/2424 2113/1243/2112 2371/1241/2370
f 2392/1168/2391 2844/1246/2843 2371/1241/2370 2096/1161/2095
f 2094/1173/2093 2369/1249/2368 2845/1250/2844 2393/1174/2392
f 2369/1249/2368 2111/1251/2110 2426/1252/2425 2845/1250/2844
f 2845/1250/2844 2426/1252/2425 2112/1247/2111 2370/1245/2369
f 2393/1174/2392 2845/1250/2844 2370/1245/2369 2095/1167/2094
f 2093/1179/2092 2368/1253/2367 2846/1254/2845 2394/1180/2393
f 2368/1253/2367 2110/1255/2109 2427/1256/2426 2846/1254/2845
f 2846/1254/2845 2427/1256/2426 2111/1251/2110 2369/1249/2368
f 2394/1180/2393 2846/1254/2845 2369/1249/2368 2094/1173/2093
f 2092/1185/2091 2367/1257/2366 2847/1258/2846 2395/1186/2394
f 2367/1257/2366 2109/1259/2108 2428/1260/2427 2847/1258/2846
f 2847/1258/2846 2428/1260/2427 2110/1255/2109 2368/1253/2367
f 2395/1186/2394 2847/1258/2846 2368/1253/2367 2093/1179/2092
f 2091/1191/2090 2366/1261/2365 2848/1262/2847 2396/1192/2395
f 2366/1261/2365 2108/1263/2107 2429/1264/2428 2848/1262/2847
f 2848/1262/2847 2429/1264/2428 2109/1259/2108 2367/1257/2366
f 2396/1192/2395 2848/1262/2847 2367/1257/2366 2092/1185/2091
f 2090/1197/2089 2398/1265/2397 2849/1266/2848 2397/1198/2396
f 2398/1265/2397 2107/1267/2106 2430/1268/2429 2849/1266/2848
f 2849/1266/2848 2430/1268/2429 2108/1269/2107 2366/1270/2365
f 2397/1198/2396 2849/1266/2848 2366/1270/2365 2091/1199/2090
f 2172/1271/2171 2511/1272/2510 2850/1273/2849 2529/1274/2528
f 2511/1272/2510 2139/1092/2138 2448/1094/2447 2850/1273/2849
f 2850/1273/2849 2448/1094/2447 2140/1098/2139 2512/1275/2511
f 2529/1274/2528 2850/1273/2849 2512/1275/2511 2173/1276/2172
f 2171/1277/2170 2510/1278/2509 2851/1279/2850 2528/1280/2527
f 2510/1278/2509 2138/1281/2137 2449/1282/2448 2851/1279/2850
f 2851/1279/2850 2449/1282/2448 2139/1092/2138 2511/1272/2510
f 2528/1280/2527 2851/1279/2850 2511/1272/2510 2172/1271/2171
f 2170/1283/2169 2509/1284/2508 2852/1285/2851 2527/1286/2526
f 2509/1284/2508 2137/1287/2136 2450/1288/2449 2852/1285/2851
f 2852/1285/2851 2450/1288/2449 2138/1281/2137 2510/1278/2509
f 2527/1286/2526 2852/1285/2851 2510/1278/2509 2171/1277/2170
f 2169/1289/2168 2508/1290/2507 2853/1291/2852 2526/1292/2525
f 2508/1290/2507 2136/1293/2135 2451/1294/2450 2853/1291/2852
f 2853/1291/2852 2451/1294/2450 2137/1287/2136 2509/1284/2508
f 2526/1292/2525 2853/1291/2852 2509/1284/2508 2170/1283/2169
f 2168/1295/2167 2507/1296/2506 2854/1297/2853 2525/1298/2524
f 2507/1296/2506 2135/1299/2134 2452/1300/2451 2854/1297/2853
f 2854/1297/2853 2452/1300/2451 2136/1293/2135 2508/1290/2507
f 2525/1298/2524 2854/1297/2853 2508/1290/2507 2169/1289/2168
f 2167/1301/2166 2506/1302/2505 2855/1303/2854 2524/1304/2523
f 2506/1302/2505 2134/1305/2133 2453/1064/2452 2855/1303/2854
f 2855/1303/2854 2453/1064/2452 2135/1299/2134 2507/1296/2506
f 2524/1304/2523 2855/1303/2854 2507/1296/2506 2168/1295/2167
f 2166/1306/2165 2505/1307/2504 2856/1308/2855 2523/1309/2522
f 2505/1307/2504 2133/1056/2132 2454/1058/2453 2856/1308/2855
f 2856/1308/2855 2454/1058/2453 2134/1062/2133 2506/1310/2505
f 2523/1309/2522 2856/1308/2855 2506/1310/2505 2167/1311/2166
f 2190/1312/2189 2564/1313/2563 2857/1314/2856 2556/1312/2555
f 2564/1313/2563 2189/1315/2188 2538/1316/2537 2857/1314/2856
f 2857/1314/2856 2538/1316/2537 2176/1317/2175 2530/1318/2529
f 2556/1312/2555 2857/1314/2856 2530/1318/2529 2175/1319/2174
f 2188/1320/2187 2563/1321/2562 2858/1322/2857 2554/1323/2553
f 2563/1321/2562 2187/1324/2186 2504/1325/2503 2858/1322/2857
f 2858/1322/2857 2504/1325/2503 2178/1326/2177 2535/1321/2534
f 2554/1323/2553 2858/1322/2857 2535/1321/2534 2179/1320/2178
f 2163/1327/2162 2502/1328/2501 2859/1329/2858 2520/1330/2519
f 2502/1328/2501 2130/1038/2129 2457/1040/2456 2859/1329/2858
f 2859/1329/2858 2457/1040/2456 2131/1044/2130 2503/1331/2502
f 2520/1330/2519 2859/1329/2858 2503/1331/2502 2164/1332/2163
f 2162/1333/2161 2501/1334/2500 2860/1335/2859 2519/1336/2518
f 2501/1334/2500 2129/1337/2128 2458/1338/2457 2860/1335/2859
f 2860/1335/2859 2458/1338/2457 2130/1339/2129 2502/1340/2501
f 2519/1336/2518 2860/1335/2859 2502/1340/2501 2163/1341/2162
f 2161/1342/2160 2500/1343/2499 2861/1344/2860 2518/1345/2517
f 2500/1343/2499 2128/1346/2127 2459/1347/2458 2861/1344/2860
f 2861/1344/2860 2459/1347/2458 2129/1337/2128 2501/1334/2500
f 2518/1345/2517 2861/1344/2860 2501/1334/2500 2162/1333/2161
f 2160/1348/2159 2499/1349/2498 2862/1350/2861 2517/1351/2516
f 2499/1349/2498 2127/1352/2126 2460/1353/2459 2862/1350/2861
f 2862/1350/2861 2460/1353/2459 2128/1346/2127 2500/1343/2499
f 2517/1351/2516 2862/1350/2861 2500/1343/2499 2161/1342/2160
f 2159/1354/2158 2498/1355/2497 2863/1356/2862 2516/1357/2515
f 2498/1355/2497 2126/1358/2125 2461/1359/2460 2863/1356/2862
f 2863/1356/2862 2461/1359/2460 2127/1352/2126 2499/1349/2498
f 2516/1357/2515 2863/1356/2862 2499/1349/2498 2160/1348/2159
f 2158/1360/2157 2497/1361/2496 2864/1362/2863 2515/1363/2514
f 2497/1361/2496 2125/1364/2124 2462/1365/2461 2864/1362/2863
f 2864/1362/2863 2462/1365/2461 2126/1358/2125 2498/1355/2497
f 2515/1363/2514 2864/1362/2863 2498/1355/2497 2159/1354/2158
f 2174/1366/2173 2431/1367/2430 2865/1368/2864 2514/1369/2513
f 2431/1367/2430 2124/1000/2123 2463/1003/2462 2865/1368/2864
f 2865/1368/2864 2463/1003/2462 2125/1008/2124 2497/1370/2496
f 2514/1369/2513 2865/1368/2864 2497/1370/2496 2158/1371/2157
f 2056/1372/2055 2480/1373/2479 2866/1374/2865 2316/1375/2315
f 2480/1373/2479 2157/1193/2156 2481/1196/2480 2866/1374/2865
f 2866/1374/2865 2481/1196/2480 2141/1201/2140 2319/1376/2318
f 2316/1375/2315 2866/1374/2865 2319/1376/2318 2058/1377/2057
f 2058/1377/2057 2319/1376/2318 2867/1378/2866 2320/1379/2319
f 2319/1376/2318 2141/1201/2140 2482/1380/2481 2867/1378/2866
f 2867/1378/2866 2482/1380/2481 2142/1381/2141 2322/1382/2321
f 2320/1379/2319 2867/1378/2866 2322/1382/2321 2060/1383/2059
f 2060/1383/2059 2322/1382/2321 2868/1384/2867 2323/1385/2322
f 2322/1382/2321 2142/1381/2141 2483/1184/2482 2868/1384/2867
f 2868/1384/2867 2483/1184/2482 2143/1386/2142 2325/1387/2324
f 2323/1385/2322 2868/1384/2867 2325/1387/2324 2062/1388/2061
f 2062/1388/2061 2325/1387/2324 2869/1389/2868 2326/1390/2325
f 2325/1387/2324 2143/1386/2142 2484/1178/2483 2869/1389/2868
f 2869/1389/2868 2484/1178/2483 2144/1391/2143 2328/1392/2327
f 2326/1390/2325 2869/1389/2868 2328/1392/2327 2064/1393/2063
f 2064/1393/2063 2328/1392/2327 2870/1394/2869 2329/1395/2328
f 2328/1392/2327 2144/1391/2143 2485/1396/2484 2870/1394/2869
f 2870/1394/2869 2485/1396/2484 2145/1397/2144 2331/1398/2330
f 2329/1395/2328 2870/1394/2869 2331/1398/2330 2066/1399/2065
f 2066/1399/2065 2331/1398/2330 2871/1400/2870 2332/1401/2331
f 2331/1398/2330 2145/1397/2144 2486/1402/2485 2871/1400/2870
f 2871/1400/2870 2486/1402/2485 2146/1403/2145 2334/1404/2333
f 2332/1401/2331 2871/1400/2870 2334/1404/2333 2068/1405/2067
f 2068/1405/2067 2334/1404/2333 2872/1406/2871 2335/1407/2334
f 2334/1404/2333 2146/1403/2145 2487/1408/2486 2872/1406/2871
f 2872/1406/2871 2487/1408/2486 2147/1409/2146 2337/1410/2336
f 2335/1407/2334 2872/1406/2871 2337/1410/2336 2070/1411/2069
f 2070/1411/2069 2337/1410/2336 2873/1412/2872 2338/1413/2337
f 2337/1410/2336 2147/1409/2146 2488/1414/2487 2873/1412/2872
f 2873/1412/2872 2488/1414/2487 2148/1415/2147 2340/1416/2339
f 2338/1413/2337 2873/1412/2872 2340/1416/2339 2072/1417/2071
f 2072/1417/2071 2340/1416/2339 2874/1418/2873 2341/1419/2340
f 2340/1416/2339 2148/1415/2147 2489/1148/2488 2874/1418/2873
f 2874/1418/2873 2489/1148/2488 2149/1420/2148 2343/1421/2342
f 2341/1419/2340 2874/1418/2873 2343/1421/2342 2074/1422/2073
f 2074/1422/2073 2343/1421/2342 2875/1423/2874 2344/1424/2343
f 2343/1421/2342 2149/1420/2148 2490/1425/2489 2875/1423/2874
f 2875/1423/2874 2490/1425/2489 2150/1426/2149 2346/1427/2345
f 2344/1424/2343 2875/1423/2874 2346/1427/2345 2076/1428/2075
f 2076/1428/2075 2346/1427/2345 2876/1429/2875 2347/1430/2346
f 2346/1427/2345 2150/1426/2149 2491/1431/2490 2876/1429/2875
f 2876/1429/2875 2491/1431/2490 2151/1432/2150 2349/1433/2348
f 2347/1430/2346 2876/1429/2875 2349/1433/2348 2078/1434/2077
f 2078/1434/2077 2349/1433/2348 2877/1435/2876 2350/1436/2349
f 2349/1433/2348 2151/1432/2150 2492/1130/2491 2877/1435/2876
f 2877/1435/2876 2492/1130/2491 2152/1437/2151 2352/1438/2351
f 2350/1436/2349 2877/1435/2876 2352/1438/2351 2080/1439/2079
f 2080/1439/2079 2352/1438/2351 2878/1440/2877 2353/1441/2352
f 2352/1438/2351 2152/1437/2151 2493/1442/2492 2878/1440/2877
f 2878/1440/2877 2493/1442/2492 2153/1443/2152 2355/1444/2354
f 2353/1441/2352 2878/1440/2877 2355/1444/2354 2082/1445/2081
f 2082/1445/2081 2355/1444/2354 2879/1446/2878 2356/1447/2355
f 2355/1444/2354 2153/1443/2152 2494/1448/2493 2879/1446/2878
f 2879/1446/2878 2494/1448/2493 2154/1108/2153 2358/1449/2357
f 2356/1447/2355 2879/1446/2878 2358/1449/2357 2084/1450/2083
f 2084/1450/2083 2358/1449/2357 2880/1451/2879 2359/1452/2358
f 2358/1449/2357 2154/1108/2153 2495/1453/2494 2880/1451/2879
f 2880/1451/2879 2495/1453/2494 2155/1099/2154 2361/1454/2360
f 2359/1452/2358 2880/1451/2879 2361/1454/2360 2086/1455/2085
f 2086/1455/2085 2361/1454/2360 2881/1456/2880 2362/1457/2361
f 2361/1454/2360 2155/1099/2154 2496/1102/2495 2881/1456/2880
f 2881/1456/2880 2496/1102/2495 2156/1107/2155 2364/1458/2363
f 2362/1457/2361 2881/1456/2880 2364/1458/2363 2088/1459/2087
f 2107/1267/2106 2513/1460/2512 2882/1461/2881 2430/1268/2429
f 2513/1460/2512 2174/1366/2173 2514/1369/2513 2882/1461/2881
f 2882/1461/2881 2514/1369/2513 2158/1371/2157 2399/1462/2398
f 2430/1268/2429 2882/1461/2881 2399/1462/2398 2108/1269/2107
f 2108/1263/2107 2399/1463/2398 2883/1464/2882 2429/1264/2428
f 2399/1463/2398 2158/1360/2157 2515/1363/2514 2883/1464/2882
f 2883/1464/2882 2515/1363/2514 2159/1354/2158 2400/1465/2399
f 2429/1264/2428 2883/1464/2882 2400/1465/2399 2109/1259/2108
f 2109/1259/2108 2400/1465/2399 2884/1466/2883 2428/1260/2427
f 2400/1465/2399 2159/1354/2158 2516/1357/2515 2884/1466/2883
f 2884/1466/2883 2516/1357/2515 2160/1348/2159 2401/1467/2400
f 2428/1260/2427 2884/1466/2883 2401/1467/2400 2110/1255/2109
f 2110/1255/2109 2401/1467/2400 2885/1468/2884 2427/1256/2426
f 2401/1467/2400 2160/1348/2159 2517/1351/2516 2885/1468/2884
f 2885/1468/2884 2517/1351/2516 2161/1342/2160 2402/1469/2401
f 2427/1256/2426 2885/1468/2884 2402/1469/2401 2111/1251/2110
f 2111/1251/2110 2402/1469/2401 2886/1470/2885 2426/1252/2425
f 2402/1469/2401 2161/1342/2160 2518/1345/2517 2886/1470/2885
f 2886/1470/2885 2518/1345/2517 2162/1333/2161 2403/1471/2402
f 2426/1252/2425 2886/1470/2885 2403/1471/2402 2112/1247/2111
f 2112/1247/2111 2403/1471/2402 2887/1472/2886 2425/1248/2424
f 2403/1471/2402 2162/1333/2161 2519/1336/2518 2887/1472/2886
f 2887/1472/2886 2519/1336/2518 2163/1341/2162 2404/1473/2403
f 2425/1248/2424 2887/1472/2886 2404/1473/2403 2113/1243/2112
f 2113/1474/2112 2404/1475/2403 2888/1476/2887 2424/1477/2423
f 2404/1475/2403 2163/1327/2162 2520/1330/2519 2888/1476/2887
f 2888/1476/2887 2520/1330/2519 2164/1332/2163 2405/1478/2404
f 2424/1477/2423 2888/1476/2887 2405/1478/2404 2114/1239/2113
f 2114/1239/2113 2405/1478/2404 2889/1479/2888 2423/1480/2422
f 2405/1478/2404 2164/1332/2163 2521/1481/2520 2889/1479/2888
f 2889/1479/2888 2521/1481/2520 2165/1482/2164 2406/1483/2405
f 2423/1480/2422 2889/1479/2888 2406/1483/2405 2115/1484/2114
f 2115/1484/2114 2406/1483/2405 2890/1485/2889 2422/1486/2421
f 2406/1483/2405 2165/1482/2164 2522/1487/2521 2890/1485/2889
f 2890/1485/2889 2522/1487/2521 2166/1306/2165 2407/1488/2406
f 2422/1486/2421 2890/1485/2889 2407/1488/2406 2116/1489/2115
f 2116/1489/2115 2407/1488/2406 2891/1490/2890 2421/1491/2420
f 2407/1488/2406 2166/1306/2165 2523/1309/2522 2891/1490/2890
f 2891/1490/2890 2523/1309/2522 2167/1311/2166 2408/1492/2407
f 2421/1491/2420 2891/1490/2890 2408/1492/2407 2117/1493/2116
f 2117/1227/2116 2408/1494/2407 2892/1495/2891 2420/1228/2419
f 2408/1494/2407 2167/1301/2166 2524/1304/2523 2892/1495/2891
f 2892/1495/2891 2524/1304/2523 2168/1295/2167 2409/1496/2408
f 2420/1228/2419 2892/1495/2891 2409/1496/2408 2118/1223/2117
f 2118/1223/2117 2409/1496/2408 2893/1497/2892 2419/1224/2418
f 2409/1496/2408 2168/1295/2167 2525/1298/2524 2893/1497/2892
f 2893/1497/2892 2525/1298/2524 2169/1289/2168 2410/1498/2409
f 2419/1224/2418 2893/1497/2892 2410/1498/2409 2119/1219/2118
f 2119/1219/2118 2410/1498/2409 2894/1499/2893 2418/1220/2417
f 2410/1498/2409 2169/1289/2168 2526/1292/2525 2894/1499/2893
f 2894/1499/2893 2526/1292/2525 2170/1283/2169 2411/1500/2410
f 2418/1220/2417 2894/1499/2893 2411/1500/2410 2120/1215/2119
f 2120/1215/2119 2411/1500/2410 2895/1501/2894 2417/1216/2416
f 2411/1500/2410 2170/1283/2169 2527/1286/2526 2895/1501/2894
f 2895/1501/2894 2527/1286/2526 2171/1277/2170 2412/1502/2411
f 2417/1216/2416 2895/1501/2894 2412/1502/2411 2121/1210/2120
f 2121/1210/2120 2412/1502/2411 2896/1503/2895 2416/1211/2415
f 2412/1502/2411 2171/1277/2170 2528/1280/2527 2896/1503/2895
f 2896/1503/2895 2528/1280/2527 2172/1271/2171 2413/1504/2412
f 2416/1211/2415 2896/1503/2895 2413/1504/2412 2122/1204/2121
f 2122/1204/2121 2413/1505/2412 2897/1506/2896 2415/1205/2414
f 2413/1505/2412 2172/1271/2171 2529/1274/2528 2897/1506/2896
f 2897/1506/2896 2529/1274/2528 2173/1276/2172 2414/1507/2413
f 2415/1205/2414 2897/1506/2896 2414/1507/2413 2123/1206/2122
f 2178/1332/2177 2532/1508/2531 2898/1509/2897 2550/1510/2549
f 2532/1508/2531 2177/1511/2176 2549/1512/2548 2898/1509/2897
f 2898/1509/2897 2549/1512/2548 2183/1044/2182 2544/1331/2543
f 2550/1510/2549 2898/1509/2897 2544/1331/2543 2184/1332/2183
f 2176/1317/2175 2534/1513/2533 2899/1514/2898 2548/1515/2547
f 2534/1513/2533 2180/1516/2179 2533/1517/2532 2899/1514/2898
f 2899/1514/2898 2533/1517/2532 2186/1516/2185 2545/1513/2544
f 2548/1515/2547 2899/1514/2898 2545/1513/2544 2182/1317/2181
f 2191/1516/2190 2562/1518/2561 2900/1519/2899 2557/1520/2556
f 2562/1518/2561 2188/1521/2187 2554/1323/2553 2900/1519/2899
f 2900/1519/2899 2554/1323/2553 2179/1521/2178 2536/1518/2535
f 2557/1520/2556 2900/1519/2899 2536/1518/2535 2180/1516/2179
f 2192/1044/2191 2561/1522/2560 2901/1523/2900 2558/1524/2557
f 2561/1522/2560 2190/1312/2189 2556/1312/2555 2901/1523/2900
f 2901/1523/2900 2556/1312/2555 2175/1319/2174 2531/1525/2530
f 2558/1524/2557 2901/1523/2900 2531/1525/2530 2177/1511/2176
f 2189/1526/2188 2560/1527/2559 2902/1513/2901 2538/1316/2537
f 2560/1527/2559 2191/1528/2190 2557/1520/2556 2902/1513/2901
f 2902/1513/2901 2557/1520/2556 2180/1528/2179 2534/1513/2533
f 2538/1316/2537 2902/1513/2901 2534/1513/2533 2176/1529/2175
f 2187/1324/2186 2559/1331/2558 2903/1530/2902 2504/1325/2503
f 2559/1331/2558 2192/1044/2191 2558/1524/2557 2903/1530/2902
f 2903/1530/2902 2558/1524/2557 2177/1511/2176 2532/1508/2531
f 2504/1325/2503 2903/1530/2902 2532/1508/2531 2178/1332/2177
f 2175/1319/2174 2530/1318/2529 2904/1531/2903 2551/1312/2550
f 2530/1318/2529 2176/1317/2175 2548/1515/2547 2904/1531/2903
f 2904/1531/2903 2548/1515/2547 2182/1317/2181 2542/1532/2541
f 2551/1312/2550 2904/1531/2903 2542/1532/2541 2181/1533/2180
f 2179/1521/2178 2535/1321/2534 2905/1534/2904 2552/1521/2551
f 2535/1321/2534 2178/1332/2177 2550/1510/2549 2905/1534/2904
f 2905/1534/2904 2550/1510/2549 2184/1332/2183 2546/1321/2545
f 2552/1521/2551 2905/1534/2904 2546/1321/2545 2185/1521/2184
f 2177/1511/2176 2531/1525/2530 2906/1535/2905 2549/1512/2548
f 2531/1525/2530 2175/1319/2174 2551/1312/2550 2906/1535/2905
f 2906/1535/2905 2551/1312/2550 2181/1533/2180 2543/1536/2542
f 2549/1512/2548 2906/1535/2905 2543/1536/2542 2183/1044/2182
f 2180/1516/2179 2536/1518/2535 2907/1537/2906 2533/1517/2532
f 2536/1518/2535 2179/1521/2178 2552/1521/2551 2907/1537/2906
f 2907/1537/2906 2552/1521/2551 2185/1521/2184 2547/1538/2546
f 2533/1517/2532 2907/1537/2906 2547/1538/2546 2186/1516/2185
f 2164/1326/2163 2503/1331/2502 2908/1539/2907 2553/1325/2552
f 2503/1331/2502 2131/1540/2130 2541/1541/2540 2908/1539/2907
f 2908/1539/2907 2541/1541/2540 2192/1540/2191 2559/1331/2558
f 2553/1325/2552 2908/1539/2907 2559/1331/2558 2187/1324/2186
f 2133/1056/2132 2505/1307/2504 2909/1542/2908 2555/1543/2554
f 2505/1307/2504 2166/1306/2165 2540/1544/2539 2909/1542/2908
f 2909/1542/2908 2540/1544/2539 2191/1516/2190 2560/1527/2559
f 2555/1543/2554 2909/1542/2908 2560/1527/2559 2189/1315/2188
f 2131/1044/2130 2456/1545/2455 2910/1546/2909 2541/1541/2540
f 2456/1545/2455 2132/1547/2131 2539/1548/2538 2910/1546/2909
f 2910/1546/2909 2539/1548/2538 2190/1312/2189 2561/1522/2560
f 2541/1541/2540 2910/1546/2909 2561/1522/2560 2192/1044/2191
f 2166/1306/2165 2522/1549/2521 2911/1550/2910 2540/1544/2539
f 2522/1549/2521 2165/1551/2164 2537/1552/2536 2911/1550/2910
f 2911/1550/2910 2537/1552/2536 2188/1521/2187 2562/1518/2561
f 2540/1544/2539 2911/1550/2910 2562/1518/2561 2191/1516/2190
f 2165/1551/2164 2521/1553/2520 2912/1554/2911 2537/1552/2536
f 2521/1553/2520 2164/1332/2163 2553/1325/2552 2912/1554/2911
f 2912/1554/2911 2553/1325/2552 2187/1324/2186 2563/1321/2562
f 2537/1552/2536 2912/1554/2911 2563/1321/2562 2188/1521/2187
f 2132/1547/2131 2455/1052/2454 2913/1555/2912 2539/1548/2538
f 2455/1052/2454 2133/1056/2132 2555/1543/2554 2913/1555/2912
f 2913/1555/2912 2555/1543/2554 2189/1315/2188 2564/1313/2563
f 2539/1548/2538 2913/1555/2912 2564/1313/2563 2190/1312/2189
f 2124/1000/2123 2704/1556/2703 2914/1002/2913 2318/1001/2317
f 2704/1556/2703 2253/1557/2252 2674/1558/2673 2914/1002/2913
f 2914/1002/2913 2674/1558/2673 2194/1006/2193 2566/1005/2565
f 2318/1001/2317 2914/1002/2913 2566/1005/2565 2057/1004/2056
f 2253/1557/2252 2703/1559/2702 2915/1560/2914 2674/1558/2673
f 2703/1559/2702 2254/1358/2253 2675/1013/2674 2915/1560/2914
f 2915/1560/2914 2675/1013/2674 2196/1012/2195 2569/1011/2568
f 2674/1558/2673 2915/1560/2914 2569/1011/2568 2194/1006/2193
f 2254/1358/2253 2702/1016/2701 2916/1561/2915 2675/1013/2674
f 2702/1016/2701 2255/1562/2254 2676/1019/2675 2916/1561/2915
f 2916/1561/2915 2676/1019/2675 2198/1018/2197 2572/1017/2571
f 2675/1013/2674 2916/1561/2915 2572/1017/2571 2196/1012/2195
f 2255/1562/2254 2701/1353/2700 2917/1021/2916 2676/1019/2675
f 2701/1353/2700 2256/1563/2255 2677/1025/2676 2917/1021/2916
f 2917/1021/2916 2677/1025/2676 2200/1024/2199 2575/1023/2574
f 2676/1019/2675 2917/1021/2916 2575/1023/2574 2198/1018/2197
f 2256/1563/2255 2700/1028/2699 2918/1564/2917 2677/1025/2676
f 2700/1028/2699 2257/1565/2256 2678/1566/2677 2918/1564/2917
f 2918/1564/2917 2678/1566/2677 2202/1030/2201 2578/1029/2577
f 2677/1025/2676 2918/1564/2917 2578/1029/2577 2200/1024/2199
f 2257/1565/2256 2699/1567/2698 2919/1033/2918 2678/1566/2677
f 2699/1567/2698 2258/1339/2257 2679/1037/2678 2919/1033/2918
f 2919/1033/2918 2679/1037/2678 2204/1036/2203 2581/1035/2580
f 2678/1566/2677 2919/1033/2918 2581/1035/2580 2202/1030/2201
f 2258/1339/2257 2698/1568/2697 2920/1569/2919 2679/1037/2678
f 2698/1568/2697 2259/1044/2258 2680/1570/2679 2920/1569/2919
f 2920/1569/2919 2680/1570/2679 2206/1042/2205 2584/1041/2583
f 2679/1037/2678 2920/1569/2919 2584/1041/2583 2204/1036/2203
f 2259/1044/2258 2697/1536/2696 2921/1571/2920 2680/1570/2679
f 2697/1536/2696 2260/1533/2259 2681/1572/2680 2921/1571/2920
f 2921/1571/2920 2681/1572/2680 2208/1048/2207 2587/1047/2586
f 2680/1570/2679 2921/1571/2920 2587/1047/2586 2206/1042/2205
f 2260/1533/2259 2696/1573/2695 2922/1574/2921 2681/1572/2680
f 2696/1573/2695 2261/1056/2260 2682/1055/2681 2922/1574/2921
f 2922/1574/2921 2682/1055/2681 2210/1054/2209 2590/1053/2589
f 2681/1572/2680 2922/1574/2921 2590/1053/2589 2208/1048/2207
f 2261/1056/2260 2695/1575/2694 2923/1576/2922 2682/1055/2681
f 2695/1575/2694 2262/1577/2261 2683/1061/2682 2923/1576/2922
f 2923/1576/2922 2683/1061/2682 2212/1060/2211 2593/1059/2592
f 2682/1055/2681 2923/1576/2922 2593/1059/2592 2210/1054/2209
f 2262/1577/2261 2694/1578/2693 2924/1063/2923 2683/1061/2682
f 2694/1578/2693 2263/1579/2262 2684/1580/2683 2924/1063/2923
f 2924/1063/2923 2684/1580/2683 2214/1066/2213 2596/1065/2595
f 2683/1061/2682 2924/1063/2923 2596/1065/2595 2212/1060/2211
f 2263/1579/2262 2693/1070/2692 2925/1069/2924 2684/1580/2683
f 2693/1070/2692 2264/1293/2263 2685/1073/2684 2925/1069/2924
f 2925/1069/2924 2685/1073/2684 2216/1072/2215 2599/1071/2598
f 2684/1580/2683 2925/1069/2924 2599/1071/2598 2214/1066/2213
f 2264/1293/2263 2692/1581/2691 2926/1582/2925 2685/1073/2684
f 2692/1581/2691 2265/1583/2264 2686/1584/2685 2926/1582/2925
f 2926/1582/2925 2686/1584/2685 2218/1078/2217 2602/1077/2601
f 2685/1073/2684 2926/1582/2925 2602/1077/2601 2216/1072/2215
f 2265/1583/2264 2691/1082/2690 2927/1585/2926 2686/1584/2685
f 2691/1082/2690 2266/1586/2265 2687/1587/2686 2927/1585/2926
f 2927/1585/2926 2687/1587/2686 2220/1084/2219 2605/1083/2604
f 2686/1584/2685 2927/1585/2926 2605/1083/2604 2218/1078/2217
f 2266/1586/2265 2690/1088/2689 2928/1087/2927 2687/1587/2686
f 2690/1088/2689 2267/1092/2266 2688/1588/2687 2928/1087/2927
f 2928/1087/2927 2688/1588/2687 2222/1090/2221 2608/1089/2607
f 2687/1587/2686 2928/1087/2927 2608/1089/2607 2220/1084/2219
f 2267/1092/2266 2689/1094/2688 2929/1093/2928 2688/1588/2687
f 2689/1094/2688 2140/1098/2139 2447/1097/2446 2929/1093/2928
f 2929/1093/2928 2447/1097/2446 2089/1096/2088 2611/1095/2610
f 2688/1588/2687 2929/1093/2928 2611/1095/2610 2222/1090/2221
f 2282/1589/2281 2735/1590/2734 2930/1101/2929 2719/1100/2718
f 2735/1590/2734 2156/1107/2155 2479/1106/2478 2930/1101/2929
f 2930/1101/2929 2479/1106/2478 2106/1105/2105 2627/1104/2626
f 2719/1100/2718 2930/1101/2929 2627/1104/2626 2237/1114/2236
f 2281/1591/2280 2734/1592/2733 2931/1593/2930 2718/1594/2717
f 2734/1592/2733 2282/1099/2281 2719/1100/2718 2931/1593/2930
f 2931/1593/2930 2719/1100/2718 2237/1114/2236 2628/1595/2627
f 2718/1594/2717 2931/1593/2930 2628/1595/2627 2236/1596/2235
f 2280/1115/2279 2733/1597/2732 2932/1598/2931 2717/1116/2716
f 2733/1597/2732 2281/1591/2280 2718/1594/2717 2932/1598/2931
f 2932/1598/2931 2718/1594/2717 2236/1596/2235 2629/1599/2628
f 2717/1116/2716 2932/1598/2931 2629/1599/2628 2235/1119/2234
f 2279/1121/2278 2732/1124/2731 2933/1600/2932 2716/1122/2715
f 2732/1124/2731 2280/1115/2279 2717/1116/2716 2933/1600/2932
f 2933/1600/2932 2717/1116/2716 2235/1119/2234 2630/1601/2629
f 2716/1122/2715 2933/1600/2932 2630/1601/2629 2234/1125/2233
f 2278/1602/2277 2731/1603/2730 2934/1604/2933 2715/1605/2714
f 2731/1603/2730 2279/1121/2278 2716/1122/2715 2934/1604/2933
f 2934/1604/2933 2716/1122/2715 2234/1125/2233 2631/1606/2630
f 2715/1605/2714 2934/1604/2933 2631/1606/2630 2233/1131/2232
f 2277/1133/2276 2730/1431/2729 2935/1607/2934 2714/1608/2713
f 2730/1431/2729 2278/1602/2277 2715/1605/2714 2935/1607/2934
f 2935/1607/2934 2715/1605/2714 2233/1131/2232 2632/1138/2631
f 2714/1608/2713 2935/1607/2934 2632/1138/2631 2232/1137/2231
f 2276/1609/2275 2729/1425/2728 2936/1141/2935 2713/1610/2712
f 2729/1425/2728 2277/1133/2276 2714/1608/2713 2936/1141/2935
f 2936/1141/2935 2714/1608/2713 2232/1137/2231 2633/1611/2632
f 2713/1610/2712 2936/1141/2935 2633/1611/2632 2231/1612/2230
f 2275/1613/2274 2728/1614/2727 2937/1147/2936 2712/1146/2711
f 2728/1614/2727 2276/1609/2275 2713/1610/2712 2937/1147/2936
f 2937/1147/2936 2713/1610/2712 2231/1612/2230 2634/1150/2633
f 2712/1146/2711 2937/1147/2936 2634/1150/2633 2230/1615/2229
f 2274/1616/2273 2727/1617/2726 2938/1618/2937 2711/1619/2710
f 2727/1617/2726 2275/1613/2274 2712/1146/2711 2938/1618/2937
f 2938/1618/2937 2712/1146/2711 2230/1615/2229 2635/1620/2634
f 2711/1619/2710 2938/1618/2937 2635/1620/2634 2229/1155/2228
f 2273/1157/2272 2726/1160/2725 2939/1621/2938 2710/1622/2709
f 2726/1160/2725 2274/1616/2273 2711/1619/2710 2939/1621/2938
f 2939/1621/2938 2711/1619/2710 2229/1155/2228 2636/1162/2635
f 2710/1622/2709 2939/1621/2938 2636/1162/2635 2228/1623/2227
f 2272/1397/2271 2725/1624/2724 2940/1625/2939 2709/1626/2708
f 2725/1624/2724 2273/1157/2272 2710/1622/2709 2940/1625/2939
f 2940/1625/2939 2710/1622/2709 2228/1623/2227 2637/1627/2636
f 2709/1626/2708 2940/1625/2939 2637/1627/2636 2227/1628/2226
f 2271/1629/2270 2724/1172/2723 2941/1630/2940 2708/1631/2707
f 2724/1172/2723 2272/1397/2271 2709/1626/2708 2941/1630/2940
f 2941/1630/2940 2709/1626/2708 2227/1628/2226 2638/1174/2637
f 2708/1631/2707 2941/1630/2940 2638/1174/2637 2226/1173/2225
f 2270/1632/2269 2723/1633/2722 2942/1634/2941 2707/1635/2706
f 2723/1633/2722 2271/1629/2270 2708/1631/2707 2942/1634/2941
f 2942/1634/2941 2708/1631/2707 2226/1173/2225 2639/1636/2638
f 2707/1635/2706 2942/1634/2941 2639/1636/2638 2225/1637/2224
f 2269/1381/2268 2722/1638/2721 2943/1639/2942 2706/1182/2705
f 2722/1638/2721 2270/1632/2269 2707/1635/2706 2943/1639/2942
f 2943/1639/2942 2707/1635/2706 2225/1637/2224 2640/1640/2639
f 2706/1182/2705 2943/1639/2942 2640/1640/2639 2224/1185/2223
f 2268/1187/2267 2721/1641/2720 2944/1642/2943 2705/1200/2704
f 2721/1641/2720 2269/1381/2268 2706/1182/2705 2944/1642/2943
f 2944/1642/2943 2706/1182/2705 2224/1185/2223 2641/1192/2640
f 2705/1200/2704 2944/1642/2943 2641/1192/2640 2223/1643/2222
f 2157/1193/2156 2720/1644/2719 2945/1195/2944 2365/1194/2364
f 2720/1644/2719 2268/1645/2267 2705/1200/2704 2945/1195/2944
f 2945/1195/2944 2705/1200/2704 2223/1646/2222 2642/1647/2641
f 2365/1194/2364 2945/1195/2944 2642/1647/2641 2090/1197/2089
f 2237/1114/2236 2627/1104/2626 2946/1203/2945 2626/1202/2625
f 2627/1104/2626 2106/1105/2105 2381/1207/2380 2946/1203/2945
f 2946/1203/2945 2381/1207/2380 2123/1206/2122 2658/1648/2657
f 2626/1202/2625 2946/1203/2945 2658/1648/2657 2252/1204/2251
f 2236/1596/2235 2628/1595/2627 2947/1649/2946 2625/1650/2624
f 2628/1595/2627 2237/1114/2236 2626/1651/2625 2947/1649/2946
f 2947/1649/2946 2626/1651/2625 2252/1652/2251 2659/1653/2658
f 2625/1650/2624 2947/1649/2946 2659/1653/2658 2251/1654/2250
f 2235/1119/2234 2629/1599/2628 2948/1655/2947 2624/1213/2623
f 2629/1599/2628 2236/1596/2235 2625/1650/2624 2948/1655/2947
f 2948/1655/2947 2625/1650/2624 2251/1654/2250 2660/1656/2659
f 2624/1213/2623 2948/1655/2947 2660/1656/2659 2250/1215/2249
f 2234/1125/2233 2630/1601/2629 2949/1657/2948 2623/1658/2622
f 2630/1601/2629 2235/1119/2234 2624/1213/2623 2949/1657/2948
f 2949/1657/2948 2624/1213/2623 2250/1215/2249 2661/1659/2660
f 2623/1658/2622 2949/1657/2948 2661/1659/2660 2249/1219/2248
f 2233/1131/2232 2631/1606/2630 2950/1660/2949 2622/1661/2621
f 2631/1606/2630 2234/1125/2233 2623/1658/2622 2950/1660/2949
f 2950/1660/2949 2623/1658/2622 2249/1219/2248 2662/1662/2661
f 2622/1661/2621 2950/1660/2949 2662/1662/2661 2248/1663/2247
f 2232/1137/2231 2632/1138/2631 2951/1226/2950 2621/1225/2620
f 2632/1138/2631 2233/1131/2232 2622/1661/2621 2951/1226/2950
f 2951/1226/2950 2622/1661/2621 2248/1663/2247 2663/1664/2662
f 2621/1225/2620 2951/1226/2950 2663/1664/2662 2247/1227/2246
f 2231/1612/2230 2633/1611/2632 2952/1230/2951 2620/1665/2619
f 2633/1611/2632 2232/1137/2231 2621/1225/2620 2952/1230/2951
f 2952/1230/2951 2621/1225/2620 2247/1227/2246 2664/1666/2663
f 2620/1665/2619 2952/1230/2951 2664/1666/2663 2246/1667/2245
f 2230/1615/2229 2634/1150/2633 2953/1234/2952 2619/1668/2618
f 2634/1150/2633 2231/1612/2230 2620/1665/2619 2953/1234/2952
f 2953/1234/2952 2620/1665/2619 2246/1667/2245 2665/1236/2664
f 2619/1668/2618 2953/1234/2952 2665/1236/2664 2245/1484/2244
f 2229/1155/2228 2635/1620/2634 2954/1669/2953 2618/1670/2617
f 2635/1620/2634 2230/1615/2229 2619/1668/2618 2954/1669/2953
f 2954/1669/2953 2619/1668/2618 2245/1484/2244 2666/1671/2665
f 2618/1670/2617 2954/1669/2953 2666/1671/2665 2244/1239/2243
f 2228/1623/2227 2636/1162/2635 2955/1242/2954 2617/1241/2616
f 2636/1162/2635 2229/1155/2228 2618/1670/2617 2955/1242/2954
f 2955/1242/2954 2618/1670/2617 2244/1239/2243 2667/1672/2666
f 2617/1241/2616 2955/1242/2954 2667/1672/2666 2243/1243/2242
f 2227/1628/2226 2637/1627/2636 2956/1673/2955 2616/1674/2615
f 2637/1627/2636 2228/1623/2227 2617/1241/2616 2956/1673/2955
f 2956/1673/2955 2617/1241/2616 2243/1243/2242 2668/1248/2667
f 2616/1674/2615 2956/1673/2955 2668/1248/2667 2242/1675/2241
f 2226/1173/2225 2638/1174/2637 2957/1676/2956 2615/1249/2614
f 2638/1174/2637 2227/1628/2226 2616/1674/2615 2957/1676/2956
f 2957/1676/2956 2616/1674/2615 2242/1675/2241 2669/1677/2668
f 2615/1249/2614 2957/1676/2956 2669/1677/2668 2241/1678/2240
f 2225/1637/2224 2639/1636/2638 2958/1679/2957 2614/1680/2613
f 2639/1636/2638 2226/1173/2225 2615/1249/2614 2958/1679/2957
f 2958/1679/2957 2615/1249/2614 2241/1678/2240 2670/1681/2669
f 2614/1680/2613 2958/1679/2957 2670/1681/2669 2240/1682/2239
f 2224/1185/2223 2640/1640/2639 2959/1683/2958 2613/1257/2612
f 2640/1640/2639 2225/1637/2224 2614/1680/2613 2959/1683/2958
f 2959/1683/2958 2614/1680/2613 2240/1682/2239 2671/1684/2670
f 2613/1257/2612 2959/1683/2958 2671/1684/2670 2239/1259/2238
f 2223/1643/2222 2641/1192/2640 2960/1262/2959 2612/1261/2611
f 2641/1192/2640 2224/1185/2223 2613/1257/2612 2960/1262/2959
f 2960/1262/2959 2613/1257/2612 2239/1259/2238 2672/1685/2671
f 2612/1261/2611 2960/1262/2959 2672/1685/2671 2238/1686/2237
f 2090/1197/2089 2642/1647/2641 2961/1266/2960 2398/1265/2397
f 2642/1647/2641 2223/1646/2222 2612/1687/2611 2961/1266/2960
f 2961/1266/2960 2612/1687/2611 2238/1269/2237 2673/1268/2672
f 2398/1265/2397 2961/1266/2960 2673/1268/2672 2107/1267/2106
f 2297/1271/2296 2766/1688/2765 2962/1689/2961 2750/1690/2749
f 2766/1688/2765 2173/1276/2172 2512/1275/2511 2962/1689/2961
f 2962/1689/2961 2512/1275/2511 2140/1098/2139 2689/1094/2688
f 2750/1690/2749 2962/1689/2961 2689/1094/2688 2267/1092/2266
f 2296/1691/2295 2765/1692/2764 2963/1693/2962 2749/1694/2748
f 2765/1692/2764 2297/1695/2296 2750/1272/2749 2963/1693/2962
f 2963/1693/2962 2750/1272/2749 2267/1696/2266 2690/1697/2689
f 2749/1694/2748 2963/1693/2962 2690/1697/2689 2266/1281/2265
f 2295/1698/2294 2764/1699/2763 2964/1700/2963 2748/1701/2747
f 2764/1699/2763 2296/1691/2295 2749/1694/2748 2964/1700/2963
f 2964/1700/2963 2749/1694/2748 2266/1281/2265 2691/1082/2690
f 2748/1701/2747 2964/1700/2963 2691/1082/2690 2265/1583/2264
f 2294/1702/2293 2763/1703/2762 2965/1704/2964 2747/1290/2746
f 2763/1703/2762 2295/1698/2294 2748/1701/2747 2965/1704/2964
f 2965/1704/2964 2748/1701/2747 2265/1583/2264 2692/1705/2691
f 2747/1290/2746 2965/1704/2964 2692/1705/2691 2264/1706/2263
f 2293/1707/2292 2762/1708/2761 2966/1709/2965 2746/1710/2745
f 2762/1708/2761 2294/1702/2293 2747/1290/2746 2966/1709/2965
f 2966/1709/2965 2747/1290/2746 2264/1706/2263 2693/1711/2692
f 2746/1710/2745 2966/1709/2965 2693/1711/2692 2263/1579/2262
f 2292/1712/2291 2761/1713/2760 2967/1303/2966 2745/1714/2744
f 2761/1713/2760 2293/1707/2292 2746/1710/2745 2967/1303/2966
f 2967/1303/2966 2746/1710/2745 2263/1579/2262 2694/1064/2693
f 2745/1714/2744 2967/1303/2966 2694/1064/2693 2262/1715/2261
f 2291/1516/2290 2760/1716/2759 2968/1717/2967 2744/1718/2743
f 2760/1716/2759 2292/1301/2291 2745/1302/2744 2968/1717/2967
f 2968/1717/2967 2745/1302/2744 2262/1577/2261 2695/1575/2694
f 2744/1718/2743 2968/1717/2967 2695/1575/2694 2261/1056/2260
f 2313/1719/2312 2793/1319/2792 2969/1720/2968 2801/1532/2800
f 2793/1319/2792 2298/1319/2297 2767/1721/2766 2969/1720/2968
f 2969/1720/2968 2767/1721/2766 2299/1722/2298 2775/1723/2774
f 2801/1532/2800 2969/1720/2968 2775/1723/2774 2312/1315/2311
f 2311/1521/2310 2791/1724/2790 2970/1725/2969 2800/1321/2799
f 2791/1724/2790 2302/1726/2301 2772/1727/2771 2970/1725/2969
f 2970/1725/2969 2772/1727/2771 2301/1332/2300 2743/1325/2742
f 2800/1321/2799 2970/1725/2969 2743/1325/2742 2310/1324/2309
f 2288/1728/2287 2757/1729/2756 2971/1730/2970 2741/1731/2740
f 2757/1729/2756 2289/1332/2288 2742/1331/2741 2971/1730/2970
f 2971/1730/2970 2742/1331/2741 2259/1044/2258 2698/1568/2697
f 2741/1731/2740 2971/1730/2970 2698/1568/2697 2258/1339/2257
f 2287/1732/2286 2756/1336/2755 2972/1733/2971 2740/1734/2739
f 2756/1336/2755 2288/1735/2287 2741/1736/2740 2972/1733/2971
f 2972/1733/2971 2741/1736/2740 2258/1737/2257 2699/1738/2698
f 2740/1734/2739 2972/1733/2971 2699/1738/2698 2257/1739/2256
f 2286/1740/2285 2755/1741/2754 2973/1742/2972 2739/1743/2738
f 2755/1741/2754 2287/1732/2286 2740/1734/2739 2973/1742/2972
f 2973/1742/2972 2740/1734/2739 2257/1739/2256 2700/1028/2699
f 2739/1743/2738 2973/1742/2972 2700/1028/2699 2256/1744/2255
f 2285/1348/2284 2754/1351/2753 2974/1745/2973 2738/1746/2737
f 2754/1351/2753 2286/1740/2285 2739/1743/2738 2974/1745/2973
f 2974/1745/2973 2739/1743/2738 2256/1744/2255 2701/1353/2700
f 2738/1746/2737 2974/1745/2973 2701/1353/2700 2255/1747/2254
f 2284/1748/2283 2753/1749/2752 2975/1750/2974 2737/1751/2736
f 2753/1749/2752 2285/1348/2284 2738/1746/2737 2975/1750/2974
f 2975/1750/2974 2738/1746/2737 2255/1747/2254 2702/1752/2701
f 2737/1751/2736 2975/1750/2974 2702/1752/2701 2254/1014/2253
f 2283/1753/2282 2752/1754/2751 2976/1755/2975 2736/1756/2735
f 2752/1754/2751 2284/1748/2283 2737/1751/2736 2976/1755/2975
f 2976/1755/2975 2737/1751/2736 2254/1014/2253 2703/1365/2702
f 2736/1756/2735 2976/1755/2975 2703/1365/2702 2253/1757/2252
f 2174/1366/2173 2751/1369/2750 2977/1368/2976 2431/1367/2430
f 2751/1369/2750 2283/1758/2282 2736/1759/2735 2977/1368/2976
f 2977/1368/2976 2736/1759/2735 2253/1557/2252 2704/1556/2703
f 2431/1367/2430 2977/1368/2976 2704/1556/2703 2124/1000/2123
f 2056/1372/2055 2565/1375/2564 2978/1374/2977 2480/1373/2479
f 2565/1375/2564 2193/1377/2192 2567/1760/2566 2978/1374/2977
f 2978/1374/2977 2567/1760/2566 2268/1645/2267 2720/1644/2719
f 2480/1373/2479 2978/1374/2977 2720/1644/2719 2157/1193/2156
f 2193/1377/2192 2568/1379/2567 2979/1761/2978 2567/1760/2566
f 2568/1379/2567 2195/1383/2194 2570/1762/2569 2979/1761/2978
f 2979/1761/2978 2570/1762/2569 2269/1181/2268 2721/1763/2720
f 2567/1760/2566 2979/1761/2978 2721/1763/2720 2268/1645/2267
f 2195/1383/2194 2571/1385/2570 2980/1764/2979 2570/1762/2569
f 2571/1385/2570 2197/1388/2196 2573/1765/2572 2980/1764/2979
f 2980/1764/2979 2573/1765/2572 2270/1766/2269 2722/1767/2721
f 2570/1762/2569 2980/1764/2979 2722/1767/2721 2269/1181/2268
f 2197/1388/2196 2574/1390/2573 2981/1768/2980 2573/1765/2572
f 2574/1390/2573 2199/1393/2198 2576/1769/2575 2981/1768/2980
f 2981/1768/2980 2576/1769/2575 2271/1770/2270 2723/1771/2722
f 2573/1765/2572 2981/1768/2980 2723/1771/2722 2270/1766/2269
f 2199/1393/2198 2577/1395/2576 2982/1772/2981 2576/1769/2575
f 2577/1395/2576 2201/1399/2200 2579/1398/2578 2982/1772/2981
f 2982/1772/2981 2579/1398/2578 2272/1773/2271 2724/1774/2723
f 2576/1769/2575 2982/1772/2981 2724/1774/2723 2271/1770/2270
f 2201/1399/2200 2580/1401/2579 2983/1775/2982 2579/1398/2578
f 2580/1401/2579 2203/1405/2202 2582/1776/2581 2983/1775/2982
f 2983/1775/2982 2582/1776/2581 2273/1157/2272 2725/1624/2724
f 2579/1398/2578 2983/1775/2982 2725/1624/2724 2272/1773/2271
f 2203/1405/2202 2583/1407/2582 2984/1777/2983 2582/1776/2581
f 2583/1407/2582 2205/1411/2204 2585/1778/2584 2984/1777/2983
f 2984/1777/2983 2585/1778/2584 2274/1779/2273 2726/1408/2725
f 2582/1776/2581 2984/1777/2983 2726/1408/2725 2273/1157/2272
f 2205/1411/2204 2586/1413/2585 2985/1780/2984 2585/1778/2584
f 2586/1413/2585 2207/1417/2206 2588/1781/2587 2985/1780/2984
f 2985/1780/2984 2588/1781/2587 2275/1415/2274 2727/1617/2726
f 2585/1778/2584 2985/1780/2984 2727/1617/2726 2274/1779/2273
f 2207/1417/2206 2589/1419/2588 2986/1782/2985 2588/1781/2587
f 2589/1419/2588 2209/1422/2208 2591/1783/2590 2986/1782/2985
f 2986/1782/2985 2591/1783/2590 2276/1609/2275 2728/1784/2727
f 2588/1781/2587 2986/1782/2985 2728/1784/2727 2275/1415/2274
f 2209/1422/2208 2592/1424/2591 2987/1423/2986 2591/1783/2590
f 2592/1424/2591 2211/1428/2210 2594/1785/2593 2987/1423/2986
f 2987/1423/2986 2594/1785/2593 2277/1426/2276 2729/1425/2728
f 2591/1783/2590 2987/1423/2986 2729/1425/2728 2276/1609/2275
f 2211/1428/2210 2595/1430/2594 2988/1786/2987 2594/1785/2593
f 2595/1430/2594 2213/1434/2212 2597/1787/2596 2988/1786/2987
f 2988/1786/2987 2597/1787/2596 2278/1127/2277 2730/1788/2729
f 2594/1785/2593 2988/1786/2987 2730/1788/2729 2277/1426/2276
f 2213/1434/2212 2598/1436/2597 2989/1435/2988 2597/1787/2596
f 2598/1436/2597 2215/1439/2214 2600/1789/2599 2989/1435/2988
f 2989/1435/2988 2600/1789/2599 2279/1790/2278 2731/1791/2730
f 2597/1787/2596 2989/1435/2988 2731/1791/2730 2278/1127/2277
f 2215/1439/2214 2601/1441/2600 2990/1792/2989 2600/1789/2599
f 2601/1441/2600 2217/1445/2216 2603/1793/2602 2990/1792/2989
f 2990/1792/2989 2603/1793/2602 2280/1794/2279 2732/1795/2731
f 2600/1789/2599 2990/1792/2989 2732/1795/2731 2279/1790/2278
f 2217/1445/2216 2604/1447/2603 2991/1446/2990 2603/1793/2602
f 2604/1447/2603 2219/1450/2218 2606/1796/2605 2991/1446/2990
f 2991/1446/2990 2606/1796/2605 2281/1797/2280 2733/1798/2732
f 2603/1793/2602 2991/1446/2990 2733/1798/2732 2280/1794/2279
f 2219/1450/2218 2607/1452/2606 2992/1799/2991 2606/1796/2605
f 2607/1452/2606 2221/1455/2220 2609/1454/2608 2992/1799/2991
f 2992/1799/2991 2609/1454/2608 2282/1589/2281 2734/1453/2733
f 2606/1796/2605 2992/1799/2991 2734/1453/2733 2281/1797/2280
f 2221/1455/2220 2610/1457/2609 2993/1456/2992 2609/1454/2608
f 2610/1457/2609 2088/1459/2087 2364/1458/2363 2993/1456/2992
f 2993/1456/2992 2364/1458/2363 2156/1107/2155 2735/1590/2734
f 2609/1454/2608 2993/1456/2992 2735/1590/2734 2282/1589/2281
f 2107/1267/2106 2673/1268/2672 2994/1800/2993 2513/1460/2512
f 2673/1268/2672 2238/1269/2237 2643/1463/2642 2994/1800/2993
f 2994/1800/2993 2643/1463/2642 2283/1758/2282 2751/1369/2750
f 2513/1460/2512 2994/1800/2993 2751/1369/2750 2174/1366/2173
f 2238/1686/2237 2672/1685/2671 2995/1801/2994 2643/1802/2642
f 2672/1685/2671 2239/1259/2238 2644/1803/2643 2995/1801/2994
f 2995/1801/2994 2644/1803/2643 2284/1748/2283 2752/1754/2751
f 2643/1802/2642 2995/1801/2994 2752/1754/2751 2283/1753/2282
f 2239/1259/2238 2671/1684/2670 2996/1804/2995 2644/1803/2643
f 2671/1684/2670 2240/1682/2239 2645/1805/2644 2996/1804/2995
f 2996/1804/2995 2645/1805/2644 2285/1348/2284 2753/1749/2752
f 2644/1803/2643 2996/1804/2995 2753/1749/2752 2284/1748/2283
f 2240/1682/2239 2670/1681/2669 2997/1806/2996 2645/1805/2644
f 2670/1681/2669 2241/1678/2240 2646/1807/2645 2997/1806/2996
f 2997/1806/2996 2646/1807/2645 2286/1740/2285 2754/1351/2753
f 2645/1805/2644 2997/1806/2996 2754/1351/2753 2285/1348/2284
f 2241/1678/2240 2669/1677/2668 2998/1808/2997 2646/1807/2645
f 2669/1677/2668 2242/1675/2241 2647/1471/2646 2998/1808/2997
f 2998/1808/2997 2647/1471/2646 2287/1732/2286 2755/1741/2754
f 2646/1807/2645 2998/1808/2997 2755/1741/2754 2286/1740/2285
f 2242/1675/2241 2668/1248/2667 2999/1809/2998 2647/1471/2646
f 2668/1248/2667 2243/1243/2242 2648/1810/2647 2999/1809/2998
f 2999/1809/2998 2648/1810/2647 2288/1735/2287 2756/1336/2755
f 2647/1471/2646 2999/1809/2998 2756/1336/2755 2287/1732/2286
f 2243/1811/2242 2667/1477/2666 3000/1812/2999 2648/1810/2647
f 2667/1477/2666 2244/1813/2243 2649/1478/2648 3000/1812/2999
f 3000/1812/2999 2649/1478/2648 2289/1332/2288 2757/1729/2756
f 2648/1810/2647 3000/1812/2999 2757/1729/2756 2288/1728/2287
f 2244/1813/2243 2666/1814/2665 3001/1815/3000 2649/1478/2648
f 2666/1814/2665 2245/1484/2244 2650/1816/2649 3001/1815/3000
f 3001/1815/3000 2650/1816/2649 2290/1521/2289 2758/1817/2757
f 2649/1478/2648 3001/1815/3000 2758/1817/2757 2289/1332/2288
f 2245/1484/2244 2665/1818/2664 3002/1819/3001 2650/1816/2649
f 2665/1818/2664 2246/1489/2245 2651/1820/2650 3002/1819/3001
f 3002/1819/3001 2651/1820/2650 2291/1516/2290 2759/1821/2758
f 2650/1816/2649 3002/1819/3001 2759/1821/2758 2290/1521/2289
f 2246/1489/2245 2664/1491/2663 3003/1822/3002 2651/1820/2650
f 2664/1491/2663 2247/1493/2246 2652/1492/2651 3003/1822/3002
f 3003/1822/3002 2652/1492/2651 2292/1301/2291 2760/1716/2759
f 2651/1820/2650 3003/1822/3002 2760/1716/2759 2291/1516/2290
f 2247/1227/2246 2663/1664/2662 3004/1495/3003 2652/1823/2651
f 2663/1664/2662 2248/1663/2247 2653/1824/2652 3004/1495/3003
f 3004/1495/3003 2653/1824/2652 2293/1707/2292 2761/1713/2760
f 2652/1823/2651 3004/1495/3003 2761/1713/2760 2292/1712/2291
f 2248/1663/2247 2662/1662/2661 3005/1825/3004 2653/1824/2652
f 2662/1662/2661 2249/1219/2248 2654/1826/2653 3005/1825/3004
f 3005/1825/3004 2654/1826/2653 2294/1702/2293 2762/1708/2761
f 2653/1824/2652 3005/1825/3004 2762/1708/2761 2293/1707/2292
f 2249/1219/2248 2661/1659/2660 3006/1827/3005 2654/1826/2653
f 2661/1659/2660 2250/1215/2249 2655/1828/2654 3006/1827/3005
f 3006/1827/3005 2655/1828/2654 2295/1698/2294 2763/1703/2762
f 2654/1826/2653 3006/1827/3005 2763/1703/2762 2294/1702/2293
f 2250/1215/2249 2660/1656/2659 3007/1829/3006 2655/1828/2654
f 2660/1656/2659 2251/1654/2250 2656/1502/2655 3007/1829/3006
f 3007/1829/3006 2656/1502/2655 2296/1691/2295 2764/1699/2763
f 2655/1828/2654 3007/1829/3006 2764/1699/2763 2295/1698/2294
f 2251/1654/2250 2659/1653/2658 3008/1830/3007 2656/1502/2655
f 2659/1653/2658 2252/1652/2251 2657/1504/2656 3008/1830/3007
f 3008/1830/3007 2657/1504/2656 2297/1695/2296 2765/1692/2764
f 2656/1502/2655 3008/1830/3007 2765/1692/2764 2296/1691/2295
f 2252/1204/2251 2658/1648/2657 3009/1506/3008 2657/1505/2656
f 2658/1648/2657 2123/1206/2122 2414/1507/2413 3009/1506/3008
f 3009/1506/3008 2414/1507/2413 2173/1276/2172 2766/1688/2765
f 2657/1505/2656 3009/1506/3008 2766/1688/2765 2297/1271/2296
f 2301/1332/2300 2787/1510/2786 3010/1831/3009 2769/1331/2768
f 2787/1510/2786 2307/1332/2306 2781/1331/2780 3010/1831/3009
f 3010/1831/3009 2781/1331/2780 2306/1044/2305 2786/1832/2785
f 2769/1331/2768 3010/1831/3009 2786/1832/2785 2300/1044/2299
f 2299/1722/2298 2785/1833/2784 3011/1834/3010 2771/1835/2770
f 2785/1833/2784 2305/1317/2304 2782/1513/2781 3011/1834/3010
f 3011/1834/3010 2782/1513/2781 2309/1516/2308 2770/1836/2769
f 2771/1835/2770 3011/1834/3010 2770/1836/2769 2303/1837/2302
f 2314/1516/2313 2794/1838/2793 3012/1839/3011 2799/1840/2798
f 2794/1838/2793 2303/1837/2302 2773/1841/2772 3012/1839/3011
f 3012/1839/3011 2773/1841/2772 2302/1726/2301 2791/1724/2790
f 2799/1840/2798 3012/1839/3011 2791/1724/2790 2311/1521/2310
f 2315/1044/2314 2795/1541/2794 3013/1842/3012 2798/1522/2797
f 2795/1541/2794 2300/1044/2299 2768/1522/2767 3013/1842/3012
f 3013/1842/3012 2768/1522/2767 2298/1319/2297 2793/1319/2792
f 2798/1522/2797 3013/1842/3012 2793/1319/2792 2313/1719/2312
f 2312/1315/2311 2775/1723/2774 3014/1843/3013 2797/1527/2796
f 2775/1723/2774 2299/1722/2298 2771/1835/2770 3014/1843/3013
f 3014/1843/3013 2771/1835/2770 2303/1837/2302 2794/1838/2793
f 2797/1527/2796 3014/1843/3013 2794/1838/2793 2314/1516/2313
f 2310/1324/2309 2743/1325/2742 3015/1539/3014 2796/1331/2795
f 2743/1325/2742 2301/1326/2300 2769/1331/2768 3015/1539/3014
f 3015/1539/3014 2769/1331/2768 2300/1540/2299 2795/1541/2794
f 2796/1331/2795 3015/1539/3014 2795/1541/2794 2315/1540/2314
f 2298/1319/2297 2788/1312/2787 3016/1844/3015 2767/1721/2766
f 2788/1312/2787 2304/1533/2303 2779/1532/2778 3016/1844/3015
f 3016/1844/3015 2779/1532/2778 2305/1317/2304 2785/1833/2784
f 2767/1721/2766 3016/1844/3015 2785/1833/2784 2299/1722/2298
f 2302/1726/2301 2789/1724/2788 3017/1845/3016 2772/1727/2771
f 2789/1724/2788 2308/1521/2307 2783/1321/2782 3017/1845/3016
f 3017/1845/3016 2783/1321/2782 2307/1332/2306 2787/1510/2786
f 2772/1727/2771 3017/1845/3016 2787/1510/2786 2301/1332/2300
f 2300/1044/2299 2786/1832/2785 3018/1846/3017 2768/1522/2767
f 2786/1832/2785 2306/1044/2305 2780/1536/2779 3018/1846/3017
f 3018/1846/3017 2780/1536/2779 2304/1533/2303 2788/1312/2787
f 2768/1522/2767 3018/1846/3017 2788/1312/2787 2298/1319/2297
f 2303/1837/2302 2770/1836/2769 3019/1847/3018 2773/1841/2772
f 2770/1836/2769 2309/1516/2308 2784/1538/2783 3019/1847/3018
f 3019/1847/3018 2784/1538/2783 2308/1521/2307 2789/1724/2788
f 2773/1841/2772 3019/1847/3018 2789/1724/2788 2302/1726/2301
f 2289/1326/2288 2790/1325/2789 3020/1848/3019 2742/1331/2741
f 2790/1325/2789 2310/1324/2309 2796/1331/2795 3020/1848/3019
f 3020/1848/3019 2796/1331/2795 2315/1044/2314 2778/1832/2777
f 2742/1331/2741 3020/1848/3019 2778/1832/2777 2259/1044/2258
f 2261/1056/2260 2792/1849/2791 3021/1850/3020 2744/1851/2743
f 2792/1849/2791 2312/1315/2311 2797/1527/2796 3021/1850/3020
f 3021/1850/3020 2797/1527/2796 2314/1528/2313 2777/1520/2776
f 2744/1851/2743 3021/1850/3020 2777/1520/2776 2291/1516/2290
f 2259/1044/2258 2778/1832/2777 3022/1846/3021 2697/1536/2696
f 2778/1832/2777 2315/1044/2314 2798/1522/2797 3022/1846/3021
f 3022/1846/3021 2798/1522/2797 2313/1719/2312 2776/1852/2775
f 2697/1536/2696 3022/1846/3021 2776/1852/2775 2260/1853/2259
f 2291/1528/2290 2777/1520/2776 3023/1854/3022 2759/1538/2758
f 2777/1520/2776 2314/1516/2313 2799/1840/2798 3023/1854/3022
f 3023/1854/3022 2799/1840/2798 2311/1521/2310 2774/1323/2773
f 2759/1538/2758 3023/1854/3022 2774/1323/2773 2290/1320/2289
f 2290/1521/2289 2774/1323/2773 3024/1855/3023 2758/1817/2757
f 2774/1323/2773 2311/1320/2310 2800/1321/2799 3024/1855/3023
f 3024/1855/3023 2800/1321/2799 2310/1324/2309 2790/1325/2789
f 2758/1817/2757 3024/1855/3023 2790/1325/2789 2289/1332/2288
f 2260/1533/2259 2776/1852/2775 3025/1856/3024 2696/1857/2695
f 2776/1852/2775 2313/1312/2312 2801/1532/2800 3025/1856/3024
f 3025/1856/3024 2801/1532/2800 2312/1315/2311 2792/1849/2791
f 2696/1857/2695 3025/1856/3024 2792/1849/2791 2261/1056/2260
o Gloves
v -4.589835 3.994862 -1.743035
v -4.472756 4.057362 -1.733878
v -4.234428 3.673796 -1.608731
v -4.168894 3.750637 -1.489110
v -4.530412 4.028173 -1.744988
v -4.207846 3.704101 -1.557124
v -4.320769 3.703710 -1.655574
v -4.445562 3.772930 -1.699846
v -4.560672 3.910810 -1.741873
v -4.404455 3.983242 -1.684496
v -4.322299 3.910298 -1.627326
v -4.231530 3.838221 -1.548465
v -4.477433 3.939962 -1.700737
v -4.389408 3.844974 -1.660847
v -4.276103 3.770922 -1.626572
v -4.326564 4.063197 -1.667422
v -4.104213 3.818143 -1.407907
v -4.297580 3.965823 -1.588338
v -4.160109 3.898686 -1.463455
v -4.426781 4.080431 -1.704734
v -4.087636 3.968200 -1.410802
v -4.046175 3.888748 -1.327835
v -4.187668 3.692705 -1.420441
v -4.230274 3.647078 -1.500314
v -3.981875 4.232586 -1.212060
v -3.914087 4.289529 -1.088686
v -3.875202 4.175047 -1.039762
v -3.975731 4.133081 -1.134015
v -4.115804 4.172378 -1.450866
v -4.022443 4.066817 -1.265210
v -4.148337 4.430798 -1.220315
v -4.068493 4.458852 -1.124992
v -4.278511 4.375298 -1.393160
v -3.926516 4.115296 -0.949403
v -3.994206 4.038865 -1.058673
v -4.033488 3.941256 -1.176984
v -4.309632 3.639878 -1.466056
v -4.673786 4.024198 -1.593997
v -4.197050 3.851815 -1.201725
v -4.476015 4.243376 -1.388499
v -4.606319 3.861310 -1.542232
v -4.507962 3.741223 -1.505354
v -4.383476 3.672234 -1.574237
v -4.465598 4.126264 -1.308926
v -4.409070 4.018437 -1.245685
v -4.311136 3.923520 -1.215528
v -4.555151 4.173922 -1.486612
v -4.612104 4.082986 -1.535133
v -4.231883 3.777618 -1.297645
v -4.280345 3.701513 -1.380758
v -4.390224 3.752321 -1.407611
v -4.350065 3.840768 -1.315874
v -4.501909 3.838280 -1.447451
v -4.461637 3.927566 -1.340182
v -4.606159 3.953078 -1.477896
v -4.535707 4.045485 -1.392627
v -4.166921 3.927216 -1.126798
v -4.388716 4.305630 -1.313170
v -4.390004 4.209289 -1.231514
v -4.351317 4.107981 -1.166886
v -4.272811 4.008444 -1.137794
v -4.491827 4.259911 -1.549919
v -4.539089 4.107516 -1.679925
v -4.514596 4.236480 -1.665975
v -4.607937 4.118197 -1.614798
v -4.601192 4.066600 -1.665823
v -3.995581 4.088205 -1.222567
v -4.239269 4.383173 -1.140443
v -4.059160 4.188916 -1.284623
v -4.089679 4.019620 -0.998543
v -4.278966 4.305711 -1.073222
v -4.248452 4.199766 -1.025235
v -4.182340 4.101259 -1.001879
v -4.317811 3.602736 -1.531591
v -4.363619 3.657960 -1.572908
v -4.504172 3.717481 -1.600095
v -4.436966 3.659128 -1.572487
v -4.618426 3.828999 -1.633153
v -4.569211 3.759167 -1.618169
v -4.698659 3.981514 -1.655160
v -4.662140 3.901412 -1.641002
v -4.257968 3.569038 -2.028085
v -4.295953 3.591209 -2.040143
v -4.292549 3.505572 -2.030533
v -4.330791 3.526542 -2.037048
v -4.246793 3.619255 -1.555852
v -4.372897 3.678369 -1.646066
v -4.263032 3.530774 -2.037269
v -4.320092 3.562815 -2.051884
v -4.347810 4.110959 -1.744358
v -4.488581 4.164865 -1.724542
v -4.329816 4.252423 -1.731203
v -4.455262 4.293999 -1.716577
v -4.458363 4.035185 -2.018957
v -4.559665 4.057008 -1.992700
v -4.466545 4.101682 -2.065537
v -4.562101 4.122988 -2.037005
v -4.379771 4.318185 -1.736736
v -4.423881 4.111133 -1.735287
v -4.520242 4.107975 -2.068657
v -4.512721 4.029985 -2.010630
v -4.301919 4.175429 -1.743695
v -4.508831 4.240702 -1.712383
v -4.456992 4.060296 -2.054995
v -4.573739 4.084827 -2.021638
v -4.525133 4.051442 -2.060802
v -4.419432 4.107503 -1.713739
v -4.332815 4.093678 -1.706949
v -4.260585 4.156746 -1.663438
v -4.218364 4.082055 -1.629340
v -4.365660 4.014429 -1.645342
v -4.267911 4.260844 -1.667521
v -4.194671 4.139239 -1.536468
v -4.336396 4.343048 -1.661081
v -4.542088 4.207691 -1.638340
v -4.510323 4.141772 -1.699548
v -4.128028 3.760492 -1.327715
v -4.083473 3.842690 -1.239488
v -4.210056 4.369884 -1.315730
v -4.019702 4.006196 -1.120980
v -4.323849 4.349190 -1.245210
v -4.236903 4.063620 -1.083437
v -4.324143 4.148468 -1.108450
v -4.346994 4.251704 -1.161382
v -4.133376 3.971314 -1.079711
v -4.011860 4.099809 -0.876902
v -4.111097 4.173964 -0.862665
v -4.161701 4.272101 -0.901138
v -4.200130 4.367105 -0.965847
v -4.174206 4.449492 -1.047769
v -4.018218 3.952364 -1.271398
v -4.046163 4.030262 -1.332797
v -4.162149 4.095050 -1.496933
v -4.155119 4.217748 -1.510690
v -4.438749 4.317889 -1.627306
v -4.493326 4.159072 -1.708890
v -4.419493 4.328667 -1.467512
v -4.229048 4.182134 -1.586727
v -4.203072 4.252786 -1.597749
v -4.252350 4.336149 -1.575159
v -4.177876 4.318406 -1.492219
v -4.131522 4.283438 -1.418997
v -4.099989 4.313663 -1.345467
v -4.373908 3.679759 -1.643977
v -4.378260 3.668059 -1.642596
v -4.365150 3.717106 -1.660245
v -4.363773 3.688707 -1.652132
v -4.472164 3.798199 -1.712029
v -4.476079 3.767770 -1.693018
v -4.516896 3.741037 -1.668334
v -4.438225 3.696446 -1.491043
v -4.358185 3.686510 -1.493951
v -4.391284 3.681677 -1.515052
v -4.515492 3.746500 -1.667112
v -4.519719 3.740556 -1.674753
v -4.526785 3.745604 -1.613254
v -4.556270 3.803871 -1.524354
v -4.532290 3.762944 -1.539694
v -4.648787 3.937037 -1.564126
v -4.631674 3.883860 -1.579279
v -4.628841 3.871445 -1.642063
v -4.648158 4.029443 -1.714483
v -4.538018 3.870501 -1.728320
v -4.576297 3.889382 -1.731256
v -4.607713 3.885200 -1.703443
v -4.608753 3.878992 -1.715468
v -4.615324 3.879305 -1.704293
v -4.573046 4.161742 -1.621297
v -4.341691 4.376915 -1.532373
v -4.252606 4.373934 -1.468055
v -4.063408 4.337636 -1.229589
v -3.959799 4.397281 -1.142144
v -4.080447 4.162385 -1.339855
v -4.078681 4.113256 -1.400799
v -4.313588 4.032088 -1.631288
v -4.217663 4.017472 -1.591899
v -4.247037 3.925007 -1.544826
v -4.184257 3.969907 -1.525857
v -4.124997 4.044067 -1.465440
v -4.639772 3.635554 -2.230720
v -4.603698 3.593256 -2.217853
v -4.538197 3.657336 -2.222702
v -4.560768 3.612121 -2.235059
v -4.576218 3.694479 -2.230823
v -4.615364 3.669236 -2.250701
v -4.426344 3.637456 -2.158936
v -4.382965 3.608695 -2.151904
v -4.468657 3.561228 -2.148864
v -4.429286 3.534495 -2.140224
v -4.455900 3.598992 -2.172433
v -4.394239 3.560954 -2.161485
v -4.742681 3.811794 -2.176938
v -4.715090 3.766793 -2.166318
v -4.811004 3.767993 -2.166840
v -4.786615 3.724163 -2.157750
v -4.782139 3.795303 -2.189916
v -4.745474 3.732518 -2.174863
v -4.479678 4.281437 -1.793591
v -4.370112 4.107682 -1.793355
v -4.490029 4.157464 -1.771468
v -4.355952 4.243835 -1.810616
v -4.410315 4.294853 -1.813254
v -4.436241 4.101092 -1.775825
v -4.347362 4.171458 -1.803113
v -4.505475 4.225407 -1.776837
v -4.426393 4.155751 -2.003035
v -4.541533 4.186414 -1.973692
v -4.548264 4.091640 -1.917876
v -4.424382 4.056627 -1.948435
v -4.489065 4.046887 -1.919962
v -4.483835 4.189257 -2.000822
v -4.565209 4.144932 -1.941212
v -4.402042 4.104257 -1.982694
v -4.323276 3.626383 -1.900958
v -4.376291 3.524617 -1.881521
v -4.264201 3.583315 -1.886086
v -4.324214 3.489874 -1.868197
v -4.270742 3.522581 -1.872027
v -4.372351 3.587468 -1.898349
v -4.261029 3.577767 -1.915801
v -4.318843 3.620835 -1.932079
v -4.367166 3.521994 -1.924349
v -4.313751 3.486082 -1.912972
v -4.264154 3.516446 -1.908112
v -4.367333 3.584657 -1.934468
v -4.388598 3.553467 -1.774079
v -4.321233 3.652591 -1.797118
v -4.262798 3.595803 -1.779965
v -4.330682 3.512129 -1.756390
v -4.273508 3.532899 -1.760913
v -4.380983 3.620609 -1.793705
v -4.331175 3.525566 -1.706658
v -4.389630 3.569331 -1.724675
v -4.259192 3.609079 -1.749304
v -4.322894 3.662293 -1.765729
v -4.386271 3.633416 -1.753743
v -4.273336 3.547121 -1.722591
v -4.385396 3.599592 -1.663556
v -4.252116 3.635550 -1.695996
v -4.265223 3.575273 -1.663309
v -4.326610 3.554267 -1.645218
v -4.326301 3.679179 -1.713080
v -4.390374 3.655006 -1.697878
v -4.322755 3.639569 -1.847709
v -4.264600 3.589252 -1.831846
v -4.328176 3.501241 -1.811595
v -4.272400 3.528565 -1.816186
v -4.376237 3.603185 -1.844589
v -4.379668 3.538972 -1.825963
v -4.254014 3.574353 -1.971620
v -4.254896 3.518889 -1.967763
v -4.354524 3.581226 -1.991885
v -4.309193 3.612698 -1.987423
v -4.353518 3.524632 -1.982973
v -4.299998 3.491847 -1.973935
v -4.539013 3.620606 -1.809768
v -4.460341 3.712218 -1.835896
v -4.382434 3.668617 -1.820701
v -4.530155 3.684315 -1.830943
v -4.402495 3.598542 -1.802865
v -4.472125 3.575454 -1.795137
v -4.475280 3.559040 -1.847258
v -4.405637 3.588005 -1.848626
v -4.459060 3.701962 -1.873604
v -4.525321 3.668845 -1.875535
v -4.540102 3.602756 -1.862827
v -4.385335 3.657309 -1.859364
v -4.462867 3.534902 -1.961848
v -4.448264 3.675929 -1.987814
v -4.523293 3.571684 -1.979183
v -4.399535 3.566821 -1.959229
v -4.512681 3.640620 -1.991948
v -4.382400 3.627560 -1.970268
v -4.506790 3.635673 -2.032946
v -4.516276 3.568859 -2.024487
v -4.393166 3.559927 -1.998437
v -4.378723 3.622184 -2.006436
v -4.443034 3.671973 -2.025278
v -4.454298 3.526965 -2.005583
v -4.457156 3.739848 -1.778602
v -4.399122 3.625611 -1.730089
v -4.526813 3.656121 -1.726588
v -4.375082 3.692494 -1.759195
v -4.525954 3.708608 -1.760140
v -4.460506 3.607681 -1.710162
v -4.404115 3.578957 -1.905370
v -4.517344 3.654462 -1.933909
v -4.384457 3.642700 -1.915605
v -4.470549 3.548706 -1.905658
v -4.452444 3.689569 -1.930911
v -4.531624 3.586867 -1.920761
v -4.491892 3.627782 -2.100539
v -4.381427 3.553178 -2.074052
v -4.439460 3.523988 -2.075342
v -4.497528 3.565391 -2.090934
v -4.370327 3.617788 -2.080091
v -4.434498 3.665881 -2.094651
v -4.653133 3.762146 -1.923019
v -4.691446 3.690976 -1.910746
v -4.558831 3.654969 -1.893575
v -4.517895 3.716842 -1.905712
v -4.573150 3.774405 -1.918708
v -4.638108 3.636194 -1.897311
v -4.651421 3.783255 -1.876230
v -4.688222 3.711354 -1.850410
v -4.635765 3.652753 -1.835635
v -4.554436 3.670438 -1.844092
v -4.512757 3.731067 -1.863579
v -4.567111 3.791013 -1.879325
v -4.652383 3.729733 -2.050580
v -4.555870 3.624683 -2.028272
v -4.625040 3.612693 -2.032604
v -4.683830 3.664886 -2.046367
v -4.524953 3.685497 -2.036974
v -4.578435 3.739663 -2.047038
v -4.575796 3.734343 -2.089439
v -4.648764 3.724827 -2.096523
v -4.622400 3.603382 -2.082374
v -4.553959 3.614698 -2.074668
v -4.680004 3.659780 -2.097965
v -4.525439 3.677741 -2.079349
v -4.687821 3.677166 -1.979250
v -4.522768 3.700439 -1.970695
v -4.576752 3.756087 -1.982323
v -4.651743 3.742771 -1.986369
v -4.558085 3.641957 -1.960853
v -4.631204 3.626771 -1.965940
v -4.576804 3.722599 -2.157648
v -4.613050 3.594232 -2.147590
v -4.666563 3.652425 -2.165368
v -4.641674 3.711428 -2.169761
v -4.547858 3.606179 -2.143460
v -4.524614 3.668263 -2.146625
v -4.661823 3.761415 -1.765094
v -4.615393 3.692873 -1.743352
v -4.499632 3.760134 -1.793576
v -4.552597 3.825533 -1.814189
v -4.633156 3.827278 -1.804997
v -4.537610 3.701895 -1.765382
v -4.514159 4.240199 -1.906525
v -4.400360 4.087813 -1.878431
v -4.394691 4.203523 -1.932948
v -4.519130 4.130580 -1.852077
v -4.466126 4.075535 -1.849746
v -4.452026 4.243777 -1.933458
v -4.536330 4.191893 -1.874739
v -4.374526 4.142861 -1.909722
v -4.453586 4.089025 -1.818174
v -4.496680 4.265130 -1.854558
v -4.387707 4.098140 -1.841891
v -4.502780 4.148369 -1.819080
v -4.380006 4.224573 -1.875826
v -4.431373 4.271871 -1.878166
v -4.364676 4.157627 -1.861180
v -4.524999 4.210673 -1.829061
v -4.722119 3.738908 -2.043775
v -4.793961 3.861757 -2.071949
v -4.683903 3.794880 -2.061984
v -4.828553 3.804453 -2.053141
v -4.727346 3.866180 -2.073877
v -4.792234 3.739533 -2.036263
v -4.822286 3.819566 -2.006250
v -4.718920 3.876452 -2.037015
v -4.784618 3.755925 -1.991684
v -4.787648 3.872084 -2.028694
v -4.678288 3.804404 -2.024968
v -4.715903 3.752535 -2.003075
v -4.780844 3.888264 -1.822057
v -4.738975 3.819822 -1.810763
v -4.668805 3.928181 -1.877199
v -4.744657 3.943454 -1.856852
v -4.669807 3.811864 -1.839564
v -4.626504 3.853421 -1.872398
v -4.796143 3.865653 -1.875257
v -4.685989 3.912490 -1.914152
v -4.755436 3.798478 -1.864117
v -4.761376 3.923717 -1.902480
v -4.641552 3.840804 -1.907904
v -4.683809 3.793970 -1.882311
v -4.745903 3.927737 -1.758220
v -4.634294 3.952702 -1.823688
v -4.643407 3.837826 -1.777361
v -4.710497 3.854048 -1.743025
v -4.707727 3.979539 -1.798884
v -4.596744 3.874874 -1.818519
v -4.774421 3.896857 -1.966017
v -4.660620 3.823439 -1.965988
v -4.699879 3.774568 -1.943754
v -4.809600 3.841818 -1.942771
v -4.701439 3.894840 -1.975669
v -4.769899 3.777629 -1.930041
v -4.795901 3.842183 -2.130390
v -4.692455 3.779475 -2.114754
v -4.726253 3.724140 -2.101278
v -4.826423 3.787134 -2.112138
v -4.735008 3.847251 -2.128683
v -4.790231 3.724594 -2.097287
v -3.565596 4.612665 -0.676008
v -3.534011 4.473629 -0.599185
v -3.793550 4.798254 -0.708433
v -3.612833 4.384610 -0.504851
v -3.741011 4.391902 -0.453766
v -3.851527 4.467064 -0.457078
v -3.918730 4.569828 -0.493824
v -3.948902 4.683306 -0.553811
v -3.910627 4.773036 -0.637136
v -3.654712 4.731839 -0.717736
v -4.320675 3.578890 -1.587746
v -4.323644 3.688321 -1.678347
v -4.382784 3.663905 -1.661398
v -4.364361 3.631896 -1.621598
v -4.245173 3.654987 -1.651013
v -4.255872 3.597332 -1.607620
v -4.512703 3.689614 -1.659174
v -4.373049 3.708239 -1.707288
v -4.527968 3.722321 -1.701811
v -4.453619 3.636259 -1.636226
v -4.453532 3.753539 -1.732720
v -4.398369 3.645669 -1.670894
v -4.645639 3.797076 -1.699662
v -4.593241 3.730741 -1.676142
v -4.492156 3.780841 -1.748142
v -4.544330 3.847415 -1.768401
v -4.622038 3.859832 -1.753015
v -4.526028 3.723844 -1.711977
v -4.687943 3.878366 -1.690426
v -4.683589 4.013249 -1.755305
v -4.575721 3.895648 -1.778638
v -4.720561 3.955557 -1.706561
v -4.611850 3.974324 -1.780780
v -4.627787 3.862460 -1.734907
v -3.987267 4.549209 -1.016937
v -3.925615 4.619210 -0.922458
v -3.851324 4.712245 -0.810188
v -3.729120 4.634917 -0.816489
v -3.818083 4.536383 -0.929682
v -3.881105 4.469630 -1.043655
v -4.050927 4.236802 -0.766281
v -3.973073 4.330585 -0.653370
v -3.910310 4.381330 -0.573527
v -3.981184 4.486557 -0.607231
v -4.040701 4.423000 -0.694960
v -4.098657 4.353046 -0.781274
v -4.120944 4.465815 -0.840258
v -4.072991 4.533830 -0.760265
v -4.014591 4.599363 -0.666214
v -3.974699 4.689369 -0.743338
v -4.041386 4.611583 -0.851477
v -4.087974 4.545116 -0.926307
v -3.836143 4.358358 -0.991486
v -3.738048 4.433573 -0.896958
v -3.652690 4.527689 -0.775824
v -3.621497 4.407851 -0.706823
v -3.716588 4.325812 -0.830094
v -3.805617 4.241361 -0.939585
v -3.952148 4.165480 -0.797516
v -3.868997 4.252294 -0.665431
v -3.796366 4.318935 -0.563211
v -3.858545 4.169990 -0.872232
v -3.767652 4.247925 -0.736685
v -3.680834 4.323552 -0.618711
v -3.951559 4.258885 -1.148202
v -3.928124 4.154969 -1.096319
v -4.039343 4.211724 -1.240550
v -4.110094 4.443287 -1.168262
v -4.183682 4.404233 -1.276191
v -3.959936 4.068542 -1.008230
v -4.288514 4.373666 -1.199443
v -4.224472 4.062913 -1.050372
v -4.119062 3.983155 -1.054749
v -4.010077 4.002242 -1.110651
v -4.006247 4.103999 -1.177306
v -4.284598 4.164477 -1.085795
v -4.312903 4.269609 -1.133154
v -4.051104 4.067391 -0.938106
v -4.137654 4.144007 -0.945393
v -4.201702 4.243424 -0.959867
v -4.240550 4.347892 -1.000365
v -4.196249 4.427125 -1.079498
v -4.009601 4.364535 -1.192245
v -4.072873 4.330933 -1.297617
v -4.048883 4.180854 -1.326039
v -4.022182 4.088039 -1.232710
v -4.025847 3.980125 -1.147036
v -4.241313 4.378364 -1.352316
v -4.335810 4.133615 -1.146684
v -4.387291 4.233475 -1.193228
v -4.344901 4.319351 -1.280960
v -4.259178 4.034456 -1.114808
v -4.147525 3.958031 -1.098665
v -4.126917 4.298858 -1.378511
v -3.820266 4.752730 -0.762487
v -3.942253 4.421678 -1.083008
v -3.878857 4.425003 -0.515642
v -4.130727 4.316649 -0.851536
v -3.981110 4.641802 -0.609316
v -4.130895 4.498234 -0.986451
v -3.607519 4.571445 -0.723879
v -3.848619 4.215266 -0.984053
v -3.767134 4.350653 -0.514295
v -3.645996 4.352980 -0.568411
v -4.033095 4.499496 -1.072826
v -3.966677 4.569479 -0.985342
v -3.886039 4.669395 -0.862023
v -3.689821 4.683697 -0.766309
v -3.772964 4.587087 -0.871634
v -3.864202 4.483553 -0.987867
v -4.073285 4.212340 -0.839961
v -4.004038 4.287137 -0.721196
v -3.944227 4.351455 -0.623562
v -3.948325 4.528594 -0.550644
v -4.016776 4.445262 -0.666623
v -4.076605 4.381972 -0.749244
v -4.163414 4.419236 -0.900724
v -4.106624 4.480028 -0.820725
v -4.050091 4.555684 -0.726781
v -3.941697 4.730711 -0.692725
v -4.006177 4.648839 -0.799283
v -4.076924 4.558728 -0.912086
v -3.877095 4.317636 -1.036835
v -3.776593 4.387696 -0.960061
v -3.697333 4.481610 -0.833385
v -3.577604 4.443822 -0.655232
v -3.669911 4.367789 -0.766132
v -3.765535 4.285423 -0.894591
v -3.977424 4.128730 -0.836313
v -3.910384 4.208171 -0.730745
v -3.830981 4.287803 -0.611054
v -3.874774 4.130154 -0.893213
v -3.811624 4.205240 -0.803782
v -3.722077 4.288918 -0.671882
v -4.467724 3.866230 -1.694077
v -4.367530 3.780252 -1.652999
v -3.638163 4.718958 -0.722529
v -3.646968 4.713270 -0.712159
v -3.637265 4.723797 -0.708630
v -3.702167 4.768202 -0.730422
v -3.707193 4.759589 -0.719560
v -3.699997 4.772054 -0.716355
v -3.776880 4.797749 -0.721555
v -3.776926 4.787176 -0.711277
v -3.772954 4.800919 -0.707700
v -3.848485 4.801413 -0.694804
v -3.842820 4.790529 -0.686626
v -3.842064 4.804471 -0.681887
v -3.906352 4.782482 -0.653607
v -3.895946 4.773194 -0.648824
v -3.897725 4.786282 -0.642269
v -3.942984 4.746007 -0.607887
v -3.929780 4.739566 -0.606618
v -3.933396 4.750781 -0.597753
v -3.957307 4.695789 -0.565255
v -3.942920 4.693384 -0.567414
v -3.947386 4.701728 -0.556106
v -3.951361 4.638485 -0.529887
v -3.937294 4.639534 -0.534182
v -3.941549 4.645444 -0.521360
v -3.932166 4.580331 -0.501194
v -3.918761 4.583436 -0.506494
v -3.922590 4.587986 -0.493001
v -3.905705 4.524473 -0.477325
v -3.893303 4.529586 -0.483445
v -3.896544 4.532931 -0.469455
v -3.868728 4.473238 -0.460360
v -3.858032 4.480701 -0.467239
v -3.860298 4.482685 -0.452804
v -3.818722 4.427655 -0.451730
v -3.810951 4.437790 -0.459100
v -3.811515 4.438206 -0.444371
v -3.760122 4.391165 -0.452027
v -3.755002 4.402903 -0.459337
v -3.753976 4.402347 -0.444637
v -3.694313 4.369253 -0.464938
v -3.694277 4.382610 -0.471182
v -3.690015 4.381017 -0.457156
v -3.626649 4.371505 -0.496235
v -3.632030 4.384713 -0.499979
v -3.624015 4.383230 -0.487691
v -3.570982 4.400683 -0.542168
v -3.580809 4.411676 -0.542306
v -3.570071 4.411512 -0.532202
v -3.535441 4.453193 -0.591914
v -3.547758 4.460586 -0.588589
v -3.535600 4.462482 -0.580463
v -3.528551 4.522214 -0.638781
v -3.541357 4.524252 -0.631762
v -3.528860 4.529526 -0.625980
v -3.553421 4.593978 -0.676051
v -3.565053 4.592391 -0.667129
v -3.553241 4.599949 -0.662570
v -3.590901 4.660564 -0.702430
v -3.601485 4.657122 -0.692758
v -3.590526 4.666155 -0.688791
v 4.589834 3.994862 -1.743035
v 4.472755 4.057363 -1.733878
v 4.234426 3.673796 -1.608731
v 4.168894 3.750637 -1.489110
v 4.530411 4.028173 -1.744988
v 4.207845 3.704101 -1.557124
v 4.320768 3.703710 -1.655574
v 4.445561 3.772930 -1.699846
v 4.560671 3.910810 -1.741874
v 4.404454 3.983242 -1.684496
v 4.322298 3.910298 -1.627326
v 4.231529 3.838221 -1.548466
v 4.477431 3.939962 -1.700737
v 4.389406 3.844974 -1.660847
v 4.276103 3.770922 -1.626572
v 4.326564 4.063197 -1.667422
v 4.104212 3.818143 -1.407907
v 4.297579 3.965823 -1.588338
v 4.160108 3.898686 -1.463455
v 4.426780 4.080432 -1.704734
v 4.087635 3.968200 -1.410802
v 4.046175 3.888748 -1.327836
v 4.187667 3.692706 -1.420441
v 4.230273 3.647078 -1.500314
v 3.981874 4.232587 -1.212061
v 3.914085 4.289529 -1.088686
v 3.875201 4.175048 -1.039763
v 3.975730 4.133081 -1.134015
v 4.115803 4.172378 -1.450867
v 4.022442 4.066817 -1.265210
v 4.148336 4.430799 -1.220315
v 4.068492 4.458852 -1.124992
v 4.278510 4.375298 -1.393160
v 3.926515 4.115296 -0.949403
v 3.994205 4.038865 -1.058673
v 4.033486 3.941257 -1.176984
v 4.309630 3.639878 -1.466056
v 4.673784 4.024198 -1.593997
v 4.197049 3.851815 -1.201725
v 4.476013 4.243377 -1.388499
v 4.606318 3.861310 -1.542233
v 4.507961 3.741223 -1.505354
v 4.383475 3.672234 -1.574237
v 4.465597 4.126264 -1.308927
v 4.409069 4.018437 -1.245686
v 4.311135 3.923520 -1.215528
v 4.555150 4.173922 -1.486612
v 4.612103 4.082986 -1.535133
v 4.231882 3.777618 -1.297645
v 4.280345 3.701513 -1.380758
v 4.390224 3.752321 -1.407611
v 4.350064 3.840768 -1.315874
v 4.501908 3.838280 -1.447452
v 4.461637 3.927566 -1.340182
v 4.606158 3.953078 -1.477896
v 4.535706 4.045485 -1.392627
v 4.166921 3.927216 -1.126798
v 4.388715 4.305630 -1.313170
v 4.390003 4.209289 -1.231514
v 4.351316 4.107982 -1.166887
v 4.272810 4.008444 -1.137794
v 4.491826 4.259912 -1.549919
v 4.539088 4.107516 -1.679926
v 4.514595 4.236480 -1.665975
v 4.607936 4.118197 -1.614798
v 4.601191 4.066600 -1.665823
v 3.995581 4.088205 -1.222568
v 4.239268 4.383174 -1.140443
v 4.059158 4.188916 -1.284623
v 4.089678 4.019620 -0.998544
v 4.278966 4.305711 -1.073222
v 4.248451 4.199766 -1.025236
v 4.182339 4.101259 -1.001879
v 4.317810 3.602736 -1.531592
v 4.363618 3.657960 -1.572908
v 4.504172 3.717481 -1.600095
v 4.436966 3.659129 -1.572487
v 4.618425 3.828999 -1.633153
v 4.569210 3.759167 -1.618169
v 4.698658 3.981514 -1.655161
v 4.662140 3.901412 -1.641002
v 4.257967 3.569038 -2.028085
v 4.295952 3.591209 -2.040143
v 4.292547 3.505572 -2.030533
v 4.330791 3.526542 -2.037048
v 4.246792 3.619256 -1.555852
v 4.372895 3.678369 -1.646066
v 4.263032 3.530774 -2.037269
v 4.320090 3.562815 -2.051884
v 4.347809 4.110959 -1.744358
v 4.488580 4.164865 -1.724543
v 4.329815 4.252423 -1.731204
v 4.455261 4.293999 -1.716577
v 4.458363 4.035185 -2.018957
v 4.559664 4.057009 -1.992700
v 4.466544 4.101682 -2.065537
v 4.562099 4.122989 -2.037005
v 4.379770 4.318185 -1.736736
v 4.423880 4.111133 -1.735287
v 4.520242 4.107975 -2.068658
v 4.512720 4.029985 -2.010630
v 4.301919 4.175429 -1.743696
v 4.508830 4.240702 -1.712383
v 4.456991 4.060296 -2.054995
v 4.573737 4.084827 -2.021638
v 4.525132 4.051442 -2.060802
v 4.419431 4.107503 -1.713739
v 4.332815 4.093678 -1.706949
v 4.260585 4.156746 -1.663438
v 4.218364 4.082055 -1.629340
v 4.365660 4.014429 -1.645342
v 4.267910 4.260844 -1.667521
v 4.194670 4.139239 -1.536468
v 4.336395 4.343048 -1.661081
v 4.542087 4.207691 -1.638340
v 4.510322 4.141772 -1.699548
v 4.128028 3.760492 -1.327715
v 4.083472 3.842690 -1.239488
v 4.210055 4.369884 -1.315730
v 4.019701 4.006196 -1.120980
v 4.323848 4.349190 -1.245210
v 4.236902 4.063621 -1.083437
v 4.324142 4.148469 -1.108451
v 4.346993 4.251704 -1.161383
v 4.133375 3.971314 -1.079712
v 4.011859 4.099810 -0.876902
v 4.111096 4.173964 -0.862665
v 4.161700 4.272101 -0.901139
v 4.200129 4.367105 -0.965847
v 4.174206 4.449492 -1.047769
v 4.018216 3.952365 -1.271398
v 4.046163 4.030262 -1.332797
v 4.162148 4.095050 -1.496933
v 4.155118 4.217749 -1.510690
v 4.438748 4.317889 -1.627306
v 4.493325 4.159072 -1.708891
v 4.419492 4.328667 -1.467512
v 4.229047 4.182134 -1.586727
v 4.203071 4.252786 -1.597750
v 4.252350 4.336149 -1.575159
v 4.177875 4.318406 -1.492220
v 4.131521 4.283438 -1.418997
v 4.099988 4.313663 -1.345467
v 4.373908 3.679759 -1.643977
v 4.378259 3.668059 -1.642596
v 4.365149 3.717106 -1.660246
v 4.363771 3.688707 -1.652133
v 4.472162 3.798199 -1.712029
v 4.476077 3.767770 -1.693019
v 4.516895 3.741037 -1.668335
v 4.438225 3.696446 -1.491043
v 4.358185 3.686510 -1.493951
v 4.391284 3.681677 -1.515052
v 4.515491 3.746500 -1.667112
v 4.519718 3.740556 -1.674753
v 4.526784 3.745604 -1.613254
v 4.556270 3.803871 -1.524355
v 4.532290 3.762945 -1.539695
v 4.648786 3.937037 -1.564126
v 4.631673 3.883860 -1.579279
v 4.628840 3.871446 -1.642063
v 4.648157 4.029444 -1.714483
v 4.538018 3.870501 -1.728320
v 4.576297 3.889383 -1.731256
v 4.607712 3.885200 -1.703443
v 4.608752 3.878993 -1.715468
v 4.615323 3.879306 -1.704293
v 4.573045 4.161742 -1.621297
v 4.341690 4.376915 -1.532373
v 4.252605 4.373935 -1.468055
v 4.063408 4.337636 -1.229589
v 3.959798 4.397281 -1.142144
v 4.080446 4.162385 -1.339855
v 4.078681 4.113256 -1.400799
v 4.313587 4.032088 -1.631288
v 4.217663 4.017471 -1.591899
v 4.247037 3.925007 -1.544826
v 4.184257 3.969908 -1.525857
v 4.124995 4.044067 -1.465441
v 4.639771 3.635554 -2.230721
v 4.603697 3.593256 -2.217853
v 4.538196 3.657336 -2.222703
v 4.560767 3.612120 -2.235059
v 4.576217 3.694479 -2.230824
v 4.615363 3.669236 -2.250701
v 4.426343 3.637456 -2.158936
v 4.382964 3.608695 -2.151904
v 4.468656 3.561228 -2.148864
v 4.429285 3.534495 -2.140224
v 4.455899 3.598992 -2.172433
v 4.394238 3.560954 -2.161485
v 4.742681 3.811794 -2.176938
v 4.715089 3.766793 -2.166319
v 4.811003 3.767993 -2.166840
v 4.786614 3.724163 -2.157750
v 4.782139 3.795303 -2.189916
v 4.745474 3.732518 -2.174864
v 4.479677 4.281437 -1.793591
v 4.370111 4.107682 -1.793355
v 4.490028 4.157464 -1.771468
v 4.355950 4.243835 -1.810616
v 4.410314 4.294853 -1.813254
v 4.436240 4.101092 -1.775825
v 4.347361 4.171458 -1.803113
v 4.505474 4.225407 -1.776837
v 4.426392 4.155751 -2.003035
v 4.541533 4.186415 -1.973692
v 4.548263 4.091640 -1.917876
v 4.424381 4.056627 -1.948436
v 4.489064 4.046887 -1.919962
v 4.483834 4.189257 -2.000822
v 4.565208 4.144932 -1.941212
v 4.402040 4.104258 -1.982695
v 4.323275 3.626383 -1.900959
v 4.376290 3.524618 -1.881521
v 4.264200 3.583315 -1.886086
v 4.324213 3.489874 -1.868198
v 4.270741 3.522581 -1.872027
v 4.372351 3.587468 -1.898349
v 4.261028 3.577767 -1.915801
v 4.318843 3.620835 -1.932080
v 4.367165 3.521994 -1.924349
v 4.313750 3.486082 -1.912972
v 4.264153 3.516446 -1.908112
v 4.367332 3.584657 -1.934469
v 4.388597 3.553466 -1.774079
v 4.321233 3.652591 -1.797118
v 4.262797 3.595803 -1.779965
v 4.330681 3.512129 -1.756391
v 4.273507 3.532899 -1.760913
v 4.380982 3.620610 -1.793705
v 4.331174 3.525566 -1.706658
v 4.389629 3.569332 -1.724675
v 4.259191 3.609079 -1.749304
v 4.322893 3.662293 -1.765729
v 4.386270 3.633416 -1.753743
v 4.273335 3.547122 -1.722592
v 4.385396 3.599592 -1.663556
v 4.252114 3.635550 -1.695996
v 4.265223 3.575274 -1.663309
v 4.326610 3.554267 -1.645218
v 4.326301 3.679179 -1.713080
v 4.390373 3.655007 -1.697878
v 4.322755 3.639569 -1.847709
v 4.264600 3.589252 -1.831846
v 4.328175 3.501241 -1.811596
v 4.272399 3.528565 -1.816186
v 4.376237 3.603185 -1.844589
v 4.379667 3.538972 -1.825963
v 4.254013 3.574354 -1.971620
v 4.254895 3.518889 -1.967763
v 4.354524 3.581226 -1.991885
v 4.309192 3.612698 -1.987424
v 4.353518 3.524632 -1.982973
v 4.299996 3.491847 -1.973935
v 4.539012 3.620607 -1.809768
v 4.460340 3.712218 -1.835897
v 4.382434 3.668617 -1.820702
v 4.530154 3.684315 -1.830943
v 4.402494 3.598542 -1.802865
v 4.472124 3.575453 -1.795137
v 4.475279 3.559040 -1.847259
v 4.405636 3.588005 -1.848626
v 4.459059 3.701962 -1.873604
v 4.525319 3.668845 -1.875535
v 4.540101 3.602756 -1.862828
v 4.385334 3.657309 -1.859364
v 4.462866 3.534902 -1.961848
v 4.448263 3.675929 -1.987814
v 4.523293 3.571684 -1.979183
v 4.399534 3.566821 -1.959229
v 4.512680 3.640620 -1.991948
v 4.382399 3.627560 -1.970267
v 4.506789 3.635673 -2.032946
v 4.516275 3.568859 -2.024487
v 4.393165 3.559927 -1.998437
v 4.378722 3.622184 -2.006436
v 4.443033 3.671974 -2.025279
v 4.454296 3.526966 -2.005583
v 4.457155 3.739849 -1.778602
v 4.399121 3.625611 -1.730089
v 4.526812 3.656121 -1.726588
v 4.375081 3.692494 -1.759195
v 4.525953 3.708608 -1.760140
v 4.460505 3.607682 -1.710162
v 4.404114 3.578958 -1.905370
v 4.517343 3.654462 -1.933909
v 4.384456 3.642700 -1.915605
v 4.470548 3.548706 -1.905658
v 4.452442 3.689569 -1.930911
v 4.531623 3.586867 -1.920761
v 4.491892 3.627782 -2.100539
v 4.381426 3.553178 -2.074052
v 4.439459 3.523988 -2.075343
v 4.497527 3.565392 -2.090934
v 4.370325 3.617788 -2.080091
v 4.434498 3.665882 -2.094651
v 4.653132 3.762146 -1.923019
v 4.691444 3.690976 -1.910747
v 4.558830 3.654969 -1.893575
v 4.517895 3.716843 -1.905712
v 4.573149 3.774405 -1.918708
v 4.638108 3.636194 -1.897311
v 4.651420 3.783255 -1.876230
v 4.688222 3.711354 -1.850410
v 4.635764 3.652753 -1.835635
v 4.554436 3.670438 -1.844092
v 4.512756 3.731067 -1.863579
v 4.567111 3.791013 -1.879325
v 4.652383 3.729733 -2.050580
v 4.555869 3.624683 -2.028272
v 4.625040 3.612694 -2.032604
v 4.683829 3.664886 -2.046367
v 4.524952 3.685497 -2.036974
v 4.578434 3.739663 -2.047038
v 4.575795 3.734343 -2.089439
v 4.648763 3.724827 -2.096523
v 4.622399 3.603382 -2.082375
v 4.553959 3.614697 -2.074668
v 4.680003 3.659780 -2.097965
v 4.525438 3.677742 -2.079349
v 4.687820 3.677167 -1.979250
v 4.522766 3.700439 -1.970695
v 4.576751 3.756087 -1.982323
v 4.651742 3.742771 -1.986369
v 4.558084 3.641957 -1.960854
v 4.631204 3.626771 -1.965940
v 4.576803 3.722600 -2.157648
v 4.613050 3.594232 -2.147590
v 4.666562 3.652425 -2.165368
v 4.641673 3.711428 -2.169761
v 4.547857 3.606179 -2.143460
v 4.524613 3.668263 -2.146625
v 4.661822 3.761416 -1.765095
v 4.615392 3.692873 -1.743353
v 4.499632 3.760134 -1.793576
v 4.552596 3.825533 -1.814189
v 4.633155 3.827278 -1.804997
v 4.537608 3.701895 -1.765382
v 4.514158 4.240199 -1.906525
v 4.400359 4.087813 -1.878432
v 4.394690 4.203523 -1.932949
v 4.519129 4.130580 -1.852077
v 4.466125 4.075535 -1.849746
v 4.452025 4.243777 -1.933459
v 4.536329 4.191893 -1.874740
v 4.374526 4.142861 -1.909723
v 4.453585 4.089025 -1.818174
v 4.496679 4.265130 -1.854558
v 4.387706 4.098140 -1.841891
v 4.502779 4.148369 -1.819080
v 4.380006 4.224573 -1.875826
v 4.431373 4.271871 -1.878167
v 4.364676 4.157627 -1.861180
v 4.524999 4.210673 -1.829061
v 4.722117 3.738908 -2.043776
v 4.793960 3.861757 -2.071950
v 4.683902 3.794880 -2.061984
v 4.828552 3.804453 -2.053141
v 4.727345 3.866180 -2.073877
v 4.792233 3.739533 -2.036263
v 4.822286 3.819566 -2.006250
v 4.718919 3.876452 -2.037015
v 4.784616 3.755926 -1.991684
v 4.787647 3.872084 -2.028694
v 4.678288 3.804404 -2.024968
v 4.715901 3.752535 -2.003075
v 4.780844 3.888264 -1.822057
v 4.738975 3.819822 -1.810763
v 4.668803 3.928181 -1.877199
v 4.744656 3.943454 -1.856852
v 4.669806 3.811864 -1.839565
v 4.626504 3.853422 -1.872398
v 4.796142 3.865653 -1.875257
v 4.685988 3.912490 -1.914152
v 4.755436 3.798479 -1.864117
v 4.761374 3.923717 -1.902480
v 4.641552 3.840805 -1.907904
v 4.683807 3.793970 -1.882311
v 4.745903 3.927737 -1.758220
v 4.634293 3.952702 -1.823688
v 4.643406 3.837826 -1.777361
v 4.710496 3.854048 -1.743025
v 4.707726 3.979539 -1.798884
v 4.596743 3.874874 -1.818519
v 4.774420 3.896857 -1.966017
v 4.660620 3.823439 -1.965988
v 4.699879 3.774569 -1.943754
v 4.809599 3.841817 -1.942772
v 4.701438 3.894840 -1.975669
v 4.769897 3.777629 -1.930041
v 4.795900 3.842183 -2.130390
v 4.692454 3.779475 -2.114754
v 4.726253 3.724140 -2.101278
v 4.826422 3.787133 -2.112138
v 4.735007 3.847251 -2.128683
v 4.790230 3.724595 -2.097287
v 3.565596 4.612665 -0.676009
v 3.534010 4.473629 -0.599185
v 3.793550 4.798255 -0.708433
v 3.612833 4.384610 -0.504851
v 3.741010 4.391902 -0.453766
v 3.851526 4.467064 -0.457078
v 3.918729 4.569828 -0.493824
v 3.948901 4.683307 -0.553811
v 3.910625 4.773036 -0.637136
v 3.654712 4.731840 -0.717736
v 4.320674 3.578890 -1.587746
v 4.323644 3.688321 -1.678347
v 4.382784 3.663905 -1.661398
v 4.364360 3.631897 -1.621598
v 4.245173 3.654987 -1.651013
v 4.255871 3.597333 -1.607620
v 4.512702 3.689615 -1.659174
v 4.373048 3.708240 -1.707288
v 4.527967 3.722321 -1.701811
v 4.453619 3.636259 -1.636226
v 4.453531 3.753539 -1.732720
v 4.398368 3.645670 -1.670894
v 4.645638 3.797077 -1.699662
v 4.593240 3.730741 -1.676142
v 4.492155 3.780842 -1.748142
v 4.544329 3.847415 -1.768402
v 4.622037 3.859833 -1.753016
v 4.526027 3.723844 -1.711977
v 4.687943 3.878366 -1.690427
v 4.683587 4.013250 -1.755305
v 4.575721 3.895648 -1.778638
v 4.720560 3.955558 -1.706561
v 4.611849 3.974324 -1.780780
v 4.627786 3.862460 -1.734907
v 3.987267 4.549209 -1.016937
v 3.925613 4.619210 -0.922458
v 3.851323 4.712245 -0.810189
v 3.729119 4.634918 -0.816489
v 3.818082 4.536384 -0.929682
v 3.881104 4.469630 -1.043655
v 4.050926 4.236802 -0.766281
v 3.973072 4.330585 -0.653371
v 3.910309 4.381330 -0.573527
v 3.981183 4.486558 -0.607231
v 4.040701 4.423000 -0.694960
v 4.098657 4.353046 -0.781274
v 4.120943 4.465815 -0.840258
v 4.072990 4.533830 -0.760265
v 4.014590 4.599363 -0.666215
v 3.974698 4.689369 -0.743338
v 4.041386 4.611584 -0.851477
v 4.087973 4.545116 -0.926307
v 3.836143 4.358358 -0.991486
v 3.738048 4.433573 -0.896958
v 3.652689 4.527689 -0.775824
v 3.621496 4.407851 -0.706823
v 3.716587 4.325813 -0.830094
v 3.805616 4.241362 -0.939585
v 3.952147 4.165480 -0.797517
v 3.868997 4.252294 -0.665431
v 3.796366 4.318935 -0.563212
v 3.858545 4.169990 -0.872232
v 3.767652 4.247925 -0.736685
v 3.680832 4.323552 -0.618711
v 3.951558 4.258886 -1.148202
v 3.928123 4.154969 -1.096319
v 4.039342 4.211724 -1.240550
v 4.110093 4.443287 -1.168262
v 4.183681 4.404233 -1.276192
v 3.959935 4.068543 -1.008231
v 4.288514 4.373666 -1.199443
v 4.224470 4.062913 -1.050372
v 4.119061 3.983155 -1.054749
v 4.010077 4.002242 -1.110652
v 4.006247 4.103999 -1.177306
v 4.284596 4.164477 -1.085795
v 4.312903 4.269610 -1.133155
v 4.051103 4.067391 -0.938107
v 4.137653 4.144007 -0.945393
v 4.201702 4.243424 -0.959868
v 4.240549 4.347892 -1.000365
v 4.196249 4.427125 -1.079498
v 4.009601 4.364535 -1.192245
v 4.072871 4.330933 -1.297618
v 4.048882 4.180854 -1.326039
v 4.022181 4.088039 -1.232711
v 4.025846 3.980126 -1.147037
v 4.241312 4.378365 -1.352316
v 4.335809 4.133615 -1.146685
v 4.387290 4.233476 -1.193228
v 4.344899 4.319352 -1.280961
v 4.259177 4.034456 -1.114808
v 4.147524 3.958031 -1.098666
v 4.126916 4.298858 -1.378511
v 3.820265 4.752730 -0.762487
v 3.942252 4.421678 -1.083009
v 3.878856 4.425003 -0.515642
v 4.130726 4.316649 -0.851536
v 3.981109 4.641803 -0.609316
v 4.130894 4.498234 -0.986451
v 3.607519 4.571445 -0.723879
v 3.848619 4.215266 -0.984053
v 3.767133 4.350653 -0.514295
v 3.645995 4.352980 -0.568411
v 4.033094 4.499496 -1.072827
v 3.966676 4.569480 -0.985342
v 3.886039 4.669395 -0.862023
v 3.689820 4.683697 -0.766309
v 3.772963 4.587088 -0.871634
v 3.864202 4.483553 -0.987868
v 4.073284 4.212340 -0.839961
v 4.004037 4.287137 -0.721196
v 3.944226 4.351455 -0.623562
v 3.948325 4.528594 -0.550644
v 4.016775 4.445262 -0.666623
v 4.076604 4.381973 -0.749244
v 4.163413 4.419236 -0.900724
v 4.106623 4.480029 -0.820725
v 4.050090 4.555684 -0.726781
v 3.941696 4.730711 -0.692726
v 4.006176 4.648839 -0.799283
v 4.076924 4.558729 -0.912086
v 3.877093 4.317636 -1.036835
v 3.776591 4.387696 -0.960061
v 3.697333 4.481610 -0.833385
v 3.577603 4.443822 -0.655232
v 3.669910 4.367789 -0.766132
v 3.765534 4.285423 -0.894591
v 3.977423 4.128731 -0.836314
v 3.910383 4.208172 -0.730745
v 3.830980 4.287803 -0.611054
v 3.874773 4.130154 -0.893213
v 3.811624 4.205240 -0.803782
v 3.722076 4.288918 -0.671882
v 4.467723 3.866230 -1.694077
v 4.367529 3.780252 -1.652999
v 3.638162 4.718958 -0.722530
v 3.646967 4.713270 -0.712160
v 3.637264 4.723797 -0.708630
v 3.702166 4.768202 -0.730422
v 3.707193 4.759589 -0.719560
v 3.699997 4.772054 -0.716355
v 3.776879 4.797749 -0.721555
v 3.776925 4.787176 -0.711277
v 3.772953 4.800919 -0.707700
v 3.848484 4.801413 -0.694804
v 3.842820 4.790529 -0.686627
v 3.842063 4.804471 -0.681887
v 3.906351 4.782482 -0.653607
v 3.895945 4.773194 -0.648825
v 3.897725 4.786282 -0.642269
v 3.942984 4.746007 -0.607888
v 3.929780 4.739566 -0.606618
v 3.933395 4.750781 -0.597753
v 3.957306 4.695789 -0.565255
v 3.942919 4.693385 -0.567414
v 3.947385 4.701728 -0.556106
v 3.951361 4.638485 -0.529888
v 3.937293 4.639534 -0.534182
v 3.941548 4.645444 -0.521360
v 3.932166 4.580331 -0.501194
v 3.918759 4.583436 -0.506494
v 3.922588 4.587986 -0.493001
v 3.905704 4.524473 -0.477325
v 3.893303 4.529586 -0.483446
v 3.896543 4.532932 -0.469455
v 3.868727 4.473237 -0.460360
v 3.858031 4.480701 -0.467239
v 3.860296 4.482686 -0.452804
v 3.818722 4.427655 -0.451730
v 3.810950 4.437790 -0.459100
v 3.811514 4.438206 -0.444371
v 3.760121 4.391165 -0.452027
v 3.755000 4.402903 -0.459337
v 3.753975 4.402347 -0.444638
v 3.694312 4.369253 -0.464938
v 3.694276 4.382611 -0.471182
v 3.690014 4.381017 -0.457157
v 3.626648 4.371505 -0.496235
v 3.632029 4.384714 -0.499979
v 3.624014 4.383230 -0.487691
v 3.570982 4.400683 -0.542168
v 3.580808 4.411676 -0.542306
v 3.570070 4.411513 -0.532202
v 3.535439 4.453193 -0.591914
v 3.547757 4.460586 -0.588589
v 3.535600 4.462482 -0.580464
v 3.528550 4.522214 -0.638781
v 3.541356 4.524253 -0.631762
v 3.528859 4.529526 -0.625980
v 3.553420 4.593979 -0.676051
v 3.565052 4.592391 -0.667129
v 3.553241 4.599949 -0.662570
v 3.590900 4.660564 -0.702431
v 3.601483 4.657122 -0.692758
v 3.590525 4.666155 -0.688791
vn 0.6950 -0.1955 -0.6919
vn 0.6380 -0.1470 -0.7559
vn 0.5657 -0.1814 -0.8044
vn 0.6237 -0.3272 -0.7099
vn 0.7120 0.1024 -0.6947
vn 0.6065 0.1095 -0.7875
vn 0.0234 0.2584 -0.9658
vn 0.2769 0.5243 -0.8053
vn -0.3778 0.8567 -0.3512
vn -0.5629 0.6617 -0.4953
vn 0.5474 -0.8051 0.2283
vn 0.9655 -0.0326 -0.2584
vn 0.6521 -0.0360 -0.7573
vn 0.2888 -0.9572 0.0186
vn 0.8872 -0.1624 -0.4318
vn 0.5751 0.1519 -0.8039
vn 0.8746 -0.2206 -0.4318
vn 0.3885 0.3326 -0.8594
vn -0.2522 -0.2663 -0.9303
vn 0.5816 -0.2220 -0.7826
vn 0.3679 -0.1314 -0.9205
vn 0.4499 0.0365 -0.8923
vn 0.4214 0.0805 -0.9033
vn 0.5548 -0.7773 0.2966
vn 0.5684 -0.7919 0.2233
vn 0.8606 -0.3044 -0.4084
vn -0.8426 -0.4940 0.2143
vn 0.4800 0.5740 0.6634
vn 0.4540 0.6343 0.6258
vn -0.7056 -0.6641 0.2470
vn -0.5772 0.7393 -0.3469
vn -0.5765 0.7991 -0.1708
vn 0.3539 0.9252 -0.1369
vn 0.3188 0.9113 -0.2606
vn 0.3840 0.0629 -0.9212
vn -0.8194 0.4928 -0.2927
vn -0.4985 0.1514 -0.8536
vn -0.4681 0.4322 -0.7708
vn -0.8061 0.5129 -0.2951
vn 0.4270 0.7479 -0.5082
vn 0.2487 0.4895 -0.8358
vn 0.8955 -0.0026 -0.4450
vn -0.7546 0.3976 -0.5220
vn -0.6949 -0.4024 -0.5959
vn 0.1326 0.1435 -0.9807
vn 0.6913 -0.7062 0.1530
vn -0.3101 -0.8569 0.4118
vn -0.2608 -0.8647 0.4293
vn 0.7480 -0.6480 0.1434
vn 0.5220 -0.0670 -0.8503
vn 0.8874 0.1256 -0.4435
vn 0.8931 0.1377 -0.4283
vn 0.9716 0.0145 -0.2362
vn 0.9359 0.0668 -0.3458
vn 0.7472 -0.6618 0.0608
vn -0.1045 -0.8519 0.5131
vn -0.0607 -0.6554 0.7529
vn 0.7751 -0.5909 0.2238
vn 0.8194 0.0644 -0.5696
vn 0.7811 0.0036 -0.6244
vn 0.5714 0.4157 -0.7076
vn 0.6342 0.4212 -0.6483
vn 0.8465 -0.0359 -0.5312
vn 0.8457 -0.0443 -0.5317
vn 0.7416 -0.1579 -0.6520
vn 0.7871 -0.0955 -0.6094
vn 0.8984 0.3130 -0.3081
vn 0.7361 -0.0740 -0.6728
vn 0.8184 -0.0819 -0.5688
vn 0.9123 -0.3137 -0.2634
vn -0.6150 -0.4866 0.6205
vn -0.6125 -0.4648 0.6393
vn -0.1039 -0.8909 0.4420
vn -0.6245 0.7736 0.1078
vn -0.6185 0.7775 0.1137
vn -0.7743 0.3255 0.5428
vn -0.7840 0.3196 0.5322
vn -0.0195 -0.7948 0.6065
vn -0.5850 -0.4140 0.6974
vn -0.5885 -0.4197 0.6910
vn -0.0759 -0.8247 0.5605
vn 0.6218 -0.7626 0.1783
vn -0.2686 -0.8328 0.4841
vn -0.6243 -0.7759 0.0904
vn -0.7153 -0.6162 0.3295
vn -0.7133 -0.5008 0.4904
vn -0.5448 -0.7506 0.3739
vn 0.8641 0.0795 -0.4970
vn 0.7642 -0.0228 -0.6446
vn 0.8184 -0.3460 -0.4588
vn 0.9516 -0.1222 -0.2819
vn 0.8143 -0.3647 -0.4515
vn -0.0921 -0.8219 0.5621
vn -0.6262 -0.4543 0.6337
vn 0.6100 -0.7923 0.0156
vn -0.1623 -0.7875 -0.5945
vn -0.1039 -0.9853 0.1355
vn -0.1959 -0.9279 0.3172
vn 0.8418 -0.3712 -0.3919
vn -0.5283 -0.3920 0.7532
vn -0.5181 -0.4834 0.7056
vn -0.1364 -0.6832 0.7174
vn -0.0910 -0.6222 0.7776
vn 0.8371 0.0837 -0.5406
vn 0.7178 0.6491 -0.2520
vn 0.7955 0.4735 -0.3782
vn 0.8625 0.1189 -0.4919
vn 0.9445 -0.0929 -0.3150
vn 0.8861 0.1241 -0.4465
vn 0.9204 0.1971 -0.3377
vn 0.9655 -0.0540 -0.2549
vn 0.5940 -0.7880 0.1621
vn 0.5546 -0.8305 0.0517
vn -0.7381 -0.1810 0.6500
vn -0.5571 -0.4069 0.7239
vn -0.7783 -0.2060 0.5931
vn 0.7228 -0.6873 0.0710
vn -0.6942 -0.2233 0.6843
vn 0.6795 -0.7318 0.0530
vn 0.6014 -0.7975 0.0475
vn -0.0602 -0.7765 0.6273
vn 0.8454 -0.3405 -0.4116
vn -0.7773 -0.1536 0.6101
vn -0.7761 -0.1258 0.6180
vn -0.8506 0.2887 0.4395
vn -0.8454 0.3126 0.4332
vn -0.8429 0.4542 0.2885
vn -0.7727 0.5243 0.3579
vn -0.5706 0.8105 0.1322
vn -0.7285 0.6820 0.0641
vn 0.0826 -0.8236 -0.5612
vn 0.6579 -0.3529 -0.6653
vn 0.8710 -0.4911 -0.0145
vn 0.0464 -0.9871 -0.1531
vn 0.5714 -0.7074 0.4161
vn -0.1634 -0.7201 0.6743
vn -0.8069 0.0178 0.5904
vn -0.8076 0.1253 0.5763
vn 0.9786 -0.1685 -0.1181
vn -0.5034 -0.5273 0.6845
vn -0.4784 -0.7561 0.4465
vn -0.7250 -0.6594 0.1989
vn -0.3677 -0.7768 0.5113
vn -0.0936 -0.9207 0.3788
vn -0.4844 -0.5827 0.6526
vn -0.6566 -0.3437 0.6714
vn -0.8568 0.1904 0.4791
vn -0.9120 -0.4092 0.0289
vn -0.9029 -0.4038 0.1472
vn -0.8444 0.4937 -0.2081
vn -0.8343 0.5017 -0.2284
vn -0.9250 0.2671 0.2702
vn -0.7389 -0.5785 0.3455
vn -0.8714 -0.2200 0.4384
vn -0.9203 0.3233 0.2202
vn -0.3326 -0.8668 0.3715
vn -0.3051 -0.9299 0.2054
vn 0.5580 -0.8125 0.1691
vn 0.5588 -0.8034 0.2056
vn -0.6326 -0.4117 0.6559
vn -0.7952 -0.1362 0.5908
vn -0.7894 -0.4281 0.4400
vn 0.7969 -0.0483 -0.6022
vn -0.8582 -0.5112 -0.0467
vn -0.9247 -0.2906 0.2459
vn -0.8607 -0.4242 0.2813
vn -0.9760 0.1430 0.1642
vn -0.9328 -0.2108 -0.2923
vn -0.7548 -0.6435 0.1270
vn -0.7810 -0.4564 0.4263
vn -0.3672 0.8858 -0.2838
vn -0.9127 0.2259 0.3405
vn -0.1925 -0.7604 0.6203
vn -0.7740 -0.1525 0.6145
vn -0.5776 -0.4049 0.7088
vn 0.0129 0.9282 -0.3718
vn 0.0337 0.9361 -0.3502
vn 0.6300 0.4695 -0.6186
vn 0.6910 0.4569 -0.5601
vn -0.8835 0.3618 0.2976
vn -0.7923 0.5577 -0.2475
vn -0.7164 -0.1237 0.6866
vn -0.7306 -0.0984 0.6757
vn -0.2036 -0.8917 0.4041
vn -0.8797 -0.3624 0.3078
vn -0.8900 -0.3734 0.2618
vn -0.1526 -0.9072 0.3921
vn -0.0778 0.9937 0.0809
vn -0.6707 0.6647 0.3291
vn 0.7783 -0.5036 0.3750
vn -0.8755 0.2322 0.4238
vn 0.1944 -0.2292 -0.9538
vn -0.6790 -0.5649 0.4689
vn -0.8044 -0.1108 0.5837
vn -0.8232 -0.1202 0.5548
vn -0.5822 -0.4812 0.6553
vn -0.8723 0.2750 0.4043
vn 0.0719 0.9662 -0.2477
vn -0.8633 0.4642 -0.1980
vn 0.1449 0.9399 -0.3093
vn -0.8973 0.2699 0.3494
vn -0.6673 0.7336 -0.1285
vn -0.6215 0.7825 -0.0380
vn -0.0108 -0.9990 0.0424
vn 0.0338 0.9831 -0.1799
vn -0.6121 0.7598 0.2191
vn 0.0121 0.9240 -0.3822
vn -0.0709 -0.9891 0.1292
vn -0.0073 -0.9999 0.0078
vn 0.8388 -0.5224 0.1534
vn 0.8360 -0.5265 0.1545
vn -0.7808 -0.5901 0.2054
vn -0.1350 -0.9661 0.2202
vn -0.1467 -0.9217 0.3592
vn -0.8942 0.4452 0.0469
vn 0.0379 0.9119 -0.4086
vn 0.0575 0.9403 -0.3354
vn -0.8459 0.5296 -0.0629
vn -0.0972 -0.9817 0.1638
vn 0.8147 -0.5722 0.0939
vn 0.7612 -0.6343 0.1347
vn 0.7604 -0.6221 0.1863
vn 0.9344 0.3122 -0.1715
vn 0.9345 0.3063 -0.1813
vn 0.0542 0.9346 -0.3516
vn 0.0466 0.9385 -0.3420
vn 0.7235 -0.6709 0.1623
vn 0.7307 -0.6686 0.1380
vn 0.9360 0.3371 -0.1017
vn 0.7513 -0.6371 0.1726
vn -0.0944 -0.9766 0.1930
vn -0.0774 -0.9809 0.1783
vn 0.7537 -0.6213 0.2143
vn -0.8476 -0.5003 -0.1770
vn -0.8820 -0.4691 -0.0439
vn 0.9042 0.4218 0.0671
vn 0.9116 0.4110 -0.0076
vn -0.0101 0.9805 -0.1962
vn -0.8921 0.4134 -0.1826
vn 0.5725 -0.7869 0.2303
vn 0.9798 -0.0107 -0.1998
vn 0.0112 0.9689 -0.2473
vn 0.9012 0.4328 -0.0242
vn 0.7929 0.3649 -0.4880
vn 0.1364 0.7219 -0.6784
vn -0.1969 -0.8645 0.4625
vn -0.2666 -0.8833 0.3856
vn -0.8122 -0.3958 0.4285
vn -0.7811 -0.3721 0.5014
vn -0.8286 0.4212 -0.3688
vn -0.3626 0.1841 -0.9136
vn -0.8913 -0.3185 0.3228
vn -0.5718 -0.4737 -0.6698
vn -0.8178 -0.4893 -0.3029
vn 0.4527 -0.8685 0.2018
vn 0.9779 -0.1023 -0.1823
vn 0.9648 -0.1192 -0.2345
vn 0.4446 -0.8803 0.1656
vn -0.4465 -0.6969 0.5613
vn -0.9221 0.1868 0.3390
vn -0.9388 0.1014 0.3292
vn -0.4414 -0.7430 0.5031
vn 0.9146 0.3332 -0.2291
vn 0.9437 0.2833 -0.1710
vn 0.1216 0.9223 -0.3668
vn -0.8803 0.4214 -0.2178
vn 0.0014 0.9904 -0.1381
vn 0.9837 0.0025 -0.1801
vn 0.9924 0.0457 -0.1139
vn 0.3342 0.8761 -0.3476
vn 0.3635 0.8144 -0.4524
vn -0.5627 0.7856 -0.2572
vn 0.4100 0.7723 -0.4852
vn -0.5684 0.7680 -0.2953
vn 0.7348 0.4535 -0.5044
vn 0.6189 0.4054 -0.6728
vn 0.0127 0.7298 -0.6835
vn 0.1270 0.8247 -0.5511
vn 0.9336 0.2748 -0.2301
vn 0.0340 0.9388 -0.3428
vn 0.3233 0.4381 -0.8388
vn 0.5668 0.0999 -0.8178
vn 0.0344 -0.5001 -0.8653
vn -0.7560 -0.2718 -0.5955
vn -0.2215 -0.7300 -0.6466
vn 0.6472 -0.7572 0.0882
vn 0.6329 -0.7739 0.0223
vn 0.8393 -0.1160 -0.5312
vn 0.4533 -0.8128 -0.3658
vn 0.5622 -0.8200 -0.1076
vn 0.9108 -0.1223 -0.3943
vn 0.9596 -0.1333 -0.2480
vn 0.9579 -0.1283 -0.2569
vn 0.8038 0.4356 -0.4051
vn -0.2930 -0.9224 0.2517
vn -0.3476 -0.9371 -0.0314
vn -0.8664 -0.4976 -0.0429
vn -0.8354 -0.4813 0.2653
vn 0.4045 0.1993 -0.8925
vn -0.2155 0.2593 -0.9414
vn -0.3278 -0.5778 -0.7474
vn -0.2290 -0.9700 -0.0816
vn -0.1608 -0.9134 0.3740
vn -0.9851 0.0541 0.1634
vn -0.5308 0.8312 -0.1651
vn -0.5378 0.8178 -0.2050
vn -0.9980 0.0199 0.0592
vn 0.9028 -0.1934 -0.3841
vn 0.6022 -0.7976 0.0326
vn 0.4339 -0.8746 -0.2165
vn 0.5134 -0.4566 -0.7266
vn -0.6684 0.6563 -0.3500
vn -0.7188 0.3958 -0.5715
vn -0.9560 0.2865 -0.0637
vn -0.9751 0.1735 0.1383
vn -0.0115 0.8800 -0.4749
vn -0.1610 -0.9637 0.2131
vn 0.3103 0.7343 0.6038
vn 0.2402 0.7421 0.6257
vn 0.1630 -0.9831 0.0831
vn 0.3792 -0.6327 -0.6752
vn -0.9558 0.1561 0.2491
vn -0.6042 0.7964 0.0253
vn -0.9524 0.1977 0.2323
vn 0.2080 0.8850 -0.4164
vn 0.2990 -0.5181 -0.8014
vn 0.5170 -0.2196 -0.8273
vn 0.3172 -0.5152 -0.7962
vn 0.4708 0.7859 -0.4009
vn 0.4488 0.8200 -0.3553
vn -0.4962 0.8439 -0.2039
vn -0.1626 0.9821 -0.0947
vn -0.5007 0.8613 -0.0866
vn 0.7517 0.3066 -0.5839
vn 0.7566 0.3942 -0.5217
vn -0.1822 -0.8698 0.4585
vn 0.7714 -0.6150 0.1635
vn -0.6467 0.7562 0.0996
vn 0.0550 0.8133 -0.5793
vn 0.0189 0.7588 -0.6510
vn 0.5264 0.4308 -0.7330
vn 0.5801 0.4421 -0.6841
vn -0.8942 0.2950 0.3366
vn -0.8884 0.3066 0.3416
vn -0.6622 0.7307 -0.1661
vn -0.6581 0.7356 -0.1608
vn 0.8056 -0.4242 -0.4135
vn 0.7851 0.0191 -0.6191
vn 0.7076 -0.0389 -0.7055
vn -0.9021 -0.2772 0.3307
vn 0.0374 0.8471 -0.5302
vn -0.7787 -0.0884 0.6211
vn -0.7888 -0.0905 0.6080
vn -0.5774 -0.4241 0.6976
vn -0.5611 -0.4328 0.7056
vn -0.5367 -0.4521 0.7124
vn -0.7911 -0.0868 0.6056
vn 0.4953 0.7566 -0.4269
vn 0.8112 0.1674 -0.5603
vn 0.2379 0.8685 -0.4349
vn 0.2035 0.9067 -0.3694
vn 0.8053 0.4207 -0.4178
vn 0.2269 0.9161 -0.3306
vn 0.6890 0.5318 -0.4924
vn -0.8456 -0.0637 -0.5299
vn 0.6645 0.5788 -0.4726
vn -0.5430 0.8351 -0.0880
vn 0.2736 0.9613 -0.0319
vn -0.8549 0.4747 -0.2094
vn -0.5971 0.7932 -0.1193
vn -0.5854 0.8087 -0.0578
vn -0.0315 0.7923 -0.6093
vn 0.5764 0.3859 -0.7203
vn 0.0397 -0.3568 -0.9333
vn 0.3251 0.9105 -0.2556
vn -0.5769 0.7891 -0.2110
vn -0.5848 0.7683 -0.2603
vn -0.9727 -0.0221 -0.2308
vn -0.9074 0.4176 -0.0478
vn -0.8090 0.5590 -0.1817
vn -0.7906 0.5679 -0.2291
vn -0.9265 -0.3748 0.0350
vn -0.9162 -0.3584 0.1793
vn -0.5757 -0.4696 0.6694
vn -0.8061 -0.1389 0.5753
vn 0.9433 0.3296 -0.0395
vn 0.0836 0.9674 -0.2389
vn 0.0593 0.9599 -0.2741
vn -0.1306 -0.9651 0.2272
vn -0.1440 -0.9313 0.3346
vn 0.6630 -0.7298 0.1670
vn 0.5197 0.6037 -0.6045
vn -0.3137 -0.8266 -0.4673
vn -0.4778 -0.8754 0.0738
vn -0.9885 -0.0304 -0.1480
vn -0.8108 -0.1825 -0.5562
vn -0.4334 -0.8045 -0.4061
vn -0.8189 -0.1444 0.5555
vn -0.5981 -0.4720 0.6477
vn -0.6147 -0.4754 0.6294
vn -0.8297 -0.1443 0.5392
vn -0.3794 -0.7669 0.5176
vn -0.9505 0.0014 0.3108
vn 0.4697 -0.5661 -0.6774
vn -0.2262 -0.8802 -0.4173
vn -0.7336 -0.2953 -0.6120
vn -0.2899 0.2927 -0.9112
vn 0.3572 -0.8852 0.2980
vn 0.9151 -0.2837 -0.2865
vn -0.4555 -0.6918 0.5603
vn -0.9737 0.0464 0.2231
vn -0.4595 -0.7910 0.4040
vn 0.8103 -0.0242 -0.5855
vn 0.4195 -0.0517 -0.9063
vn 0.3216 0.0830 -0.9432
vn 0.1907 0.7215 0.6656
vn 0.4382 -0.8932 -0.1006
vn -0.8212 0.5309 -0.2093
vn -0.8162 0.5432 -0.1967
vn 0.0746 0.9810 -0.1792
vn 0.0751 0.9917 -0.1044
vn 0.5591 0.3722 -0.7409
vn 0.0132 0.8117 -0.5840
vn -0.9870 -0.1606 0.0108
vn -0.9845 -0.1729 -0.0295
vn -0.2824 -0.9461 0.1589
vn -0.8292 0.5471 -0.1148
vn -0.6012 0.7518 -0.2707
vn -0.9807 -0.0977 0.1694
vn -0.4080 0.8618 -0.3015
vn 0.3301 0.9281 -0.1723
vn 0.9912 0.1313 -0.0153
vn 0.9880 0.1547 0.0028
vn -0.5927 0.7899 -0.1573
vn -0.3176 -0.9427 0.1023
vn -0.2865 -0.9438 0.1645
vn -0.9807 -0.1948 -0.0197
vn -0.9804 -0.1765 -0.0876
vn 0.5945 -0.7887 0.1566
vn 0.5833 -0.7915 0.1823
vn 0.7749 -0.6029 0.1902
vn 0.9361 0.3405 0.0885
vn 0.9486 0.3149 0.0307
vn 0.3181 0.6895 -0.6507
vn 0.8367 0.1324 -0.5314
vn 0.6484 -0.7609 0.0242
vn -0.2851 -0.9585 -0.0041
vn -0.9576 -0.1666 -0.2348
vn 0.9812 0.1628 -0.1035
vn -0.0616 -0.9946 0.0834
vn -0.8959 -0.4420 -0.0437
vn -0.8936 -0.4246 -0.1455
vn 0.9015 -0.2852 -0.3254
vn 0.4811 0.6236 -0.6161
vn 0.4445 0.6996 -0.5595
vn 0.4607 0.7614 -0.4561
vn -0.4851 0.8487 -0.2109
vn -0.4665 0.8569 -0.2194
vn 0.7238 -0.6607 0.1990
vn -0.2980 0.2467 -0.9221
vn 0.3839 0.4913 -0.7818
vn 0.7687 -0.1263 -0.6271
vn 0.2715 -0.6665 -0.6944
vn 0.9489 -0.1617 -0.2710
vn 0.9114 -0.2275 -0.3430
vn -0.8538 -0.4352 -0.2858
vn -0.7992 0.4750 -0.3682
vn -0.4115 0.1290 -0.9022
vn -0.6347 -0.4853 -0.6014
vn 0.9891 -0.0478 -0.1392
vn 0.4353 0.8405 -0.3226
vn -0.4893 -0.7899 0.3697
vn -0.4705 -0.7999 0.3725
vn -0.9829 0.0491 0.1773
vn 0.9352 0.3491 -0.0593
vn 0.8097 -0.5868 0.0114
vn 0.5455 -0.4560 -0.7032
vn 0.7702 0.2864 -0.5699
vn 0.0521 0.9657 -0.2543
vn 0.0905 0.7135 -0.6948
vn -0.0920 -0.8128 0.5753
vn -0.1123 -0.8131 0.5712
vn -0.0479 0.7651 -0.6422
vn -0.6804 0.7136 -0.1669
vn -0.6840 0.7080 -0.1755
vn -0.0669 0.7715 -0.6327
vn -0.0291 -0.9972 -0.0687
vn -0.0120 -0.8918 -0.4523
vn 0.7442 0.0413 -0.6667
vn 0.4932 0.4201 -0.7618
vn 0.4869 0.4334 -0.7584
vn 0.7459 0.0461 -0.6645
vn 0.4171 0.7806 -0.4654
vn 0.9646 -0.0741 -0.2531
vn 0.9376 0.3403 -0.0716
vn 0.9590 0.2631 -0.1057
vn 0.3704 -0.8915 0.2609
vn -0.5136 -0.8127 0.2753
vn 0.4699 -0.8615 0.1923
vn 0.4125 -0.8925 0.1825
vn 0.3852 -0.8976 0.2142
vn 0.4832 -0.8755 0.0048
vn -0.9082 0.2637 0.3250
vn -0.9126 0.2660 0.3104
vn -0.4738 -0.8399 0.2649
vn 0.3949 0.6902 0.6064
vn -0.5287 0.7372 -0.4207
vn 0.5069 -0.8479 0.1554
vn 0.8198 -0.4256 -0.3831
vn 0.8185 -0.4465 -0.3616
vn 0.4835 -0.8567 0.1798
vn -0.6183 0.7483 -0.2403
vn 0.9931 0.0987 -0.0630
vn 0.5787 -0.7985 0.1658
vn 0.1292 0.2389 -0.9624
vn -0.1500 0.3474 -0.9257
vn -0.9004 -0.4348 0.0146
vn -0.9167 -0.3990 -0.0219
vn -0.7874 0.5721 -0.2296
vn -0.3496 -0.8014 0.4854
vn -0.9668 -0.0200 0.2547
vn 0.1413 0.6642 0.7341
vn 0.6349 -0.7007 -0.3253
vn -0.0281 0.7675 -0.6404
vn -0.6779 0.7196 -0.1505
vn -0.1449 -0.8061 0.5737
vn 0.5137 0.4049 -0.7564
vn -0.9036 0.2665 0.3353
vn 0.7510 0.0422 -0.6589
vn 0.8219 -0.4239 -0.3805
vn 0.6378 -0.7553 0.1507
vn 0.5530 -0.8233 0.1283
vn 0.8132 -0.4291 -0.3933
vn 0.5450 -0.8250 0.1494
vn 0.8508 -0.4110 -0.3275
vn 0.5276 -0.8365 0.1482
vn 0.8393 -0.4125 -0.3540
vn 0.5229 -0.8410 0.1393
vn -0.0319 -0.7916 0.6102
vn -0.0557 -0.8130 0.5796
vn -0.0913 -0.8047 0.5866
vn -0.0912 -0.8043 0.5872
vn -0.6568 0.7459 -0.1104
vn -0.8819 0.3131 0.3525
vn -0.6511 0.7441 -0.1494
vn -0.8821 0.2944 0.3677
vn 0.5262 0.4185 -0.7402
vn -0.0029 0.7714 -0.6364
vn 0.7501 0.0202 -0.6611
vn 0.7843 0.0777 -0.6156
vn 0.7726 0.0630 -0.6318
vn -0.4698 0.3549 -0.8083
vn -0.7378 0.2716 -0.6180
vn 0.1285 0.5769 0.8066
vn 0.7171 -0.4462 -0.5355
vn -0.9062 0.1146 -0.4070
vn 0.1603 0.5065 0.8472
vn 0.7081 -0.2195 -0.6711
vn -0.9672 -0.0954 -0.2356
vn 0.1911 0.4732 0.8600
vn 0.6692 -0.0729 -0.7395
vn -0.9484 -0.2843 -0.1402
vn 0.1843 0.4436 0.8771
vn 0.5995 0.0505 -0.7988
vn -0.9077 -0.4084 -0.0962
vn 0.1955 0.4105 0.8907
vn 0.4811 0.2044 -0.8525
vn -0.8526 -0.5210 -0.0404
vn 0.2241 0.3898 0.8932
vn 0.3317 0.3466 -0.8774
vn -0.7469 -0.6648 0.0107
vn 0.2608 0.3483 0.9004
vn 0.1257 0.4647 -0.8765
vn -0.6043 -0.7961 0.0327
vn 0.3379 0.2965 0.8933
vn -0.1839 0.5491 -0.8153
vn -0.4227 -0.9054 0.0406
vn 0.4518 0.2967 0.8413
vn -0.5391 0.5362 -0.6495
vn -0.1494 -0.9888 0.0029
vn 0.5217 0.3354 0.7844
vn -0.8079 0.3959 -0.4366
vn 0.1566 -0.9780 -0.1381
vn 0.5597 0.3879 0.7323
vn -0.9623 0.1675 -0.2144
vn 0.3902 -0.8517 -0.3497
vn 0.5647 0.4722 0.6769
vn -0.9924 -0.1230 -0.0008
vn 0.5395 -0.6338 -0.5543
vn 0.5113 0.5375 0.6706
vn -0.9246 -0.3549 0.1388
vn 0.5715 -0.3656 -0.7347
vn 0.4804 -0.1754 -0.8593
vn -0.6950 -0.1955 -0.6919
vn -0.6237 -0.3272 -0.7099
vn -0.5657 -0.1814 -0.8044
vn -0.6380 -0.1470 -0.7559
vn -0.6065 0.1095 -0.7875
vn -0.7120 0.1024 -0.6947
vn -0.0234 0.2584 -0.9658
vn 0.5629 0.6617 -0.4953
vn 0.3778 0.8567 -0.3512
vn -0.2769 0.5243 -0.8053
vn -0.5474 -0.8051 0.2283
vn -0.2888 -0.9572 0.0186
vn -0.6521 -0.0360 -0.7573
vn -0.9655 -0.0325 -0.2584
vn -0.8872 -0.1624 -0.4318
vn -0.8746 -0.2206 -0.4318
vn -0.5751 0.1519 -0.8039
vn -0.3885 0.3326 -0.8594
vn -0.3679 -0.1314 -0.9205
vn -0.5816 -0.2220 -0.7826
vn 0.2522 -0.2663 -0.9303
vn -0.4499 0.0365 -0.8923
vn -0.4214 0.0805 -0.9033
vn -0.5548 -0.7773 0.2966
vn -0.8606 -0.3044 -0.4084
vn -0.5684 -0.7919 0.2233
vn 0.8426 -0.4940 0.2143
vn 0.7056 -0.6641 0.2470
vn -0.4540 0.6343 0.6258
vn -0.4800 0.5740 0.6634
vn 0.5772 0.7393 -0.3469
vn -0.3188 0.9113 -0.2606
vn -0.3539 0.9252 -0.1369
vn 0.5765 0.7991 -0.1708
vn -0.3840 0.0629 -0.9212
vn 0.8194 0.4928 -0.2927
vn 0.8061 0.5129 -0.2951
vn 0.4681 0.4322 -0.7708
vn 0.4985 0.1514 -0.8536
vn -0.4270 0.7479 -0.5082
vn -0.2487 0.4895 -0.8358
vn -0.8955 -0.0026 -0.4450
vn 0.7546 0.3976 -0.5220
vn 0.6949 -0.4025 -0.5959
vn -0.1326 0.1435 -0.9807
vn -0.6913 -0.7062 0.1530
vn -0.7480 -0.6480 0.1434
vn 0.2608 -0.8647 0.4292
vn 0.3101 -0.8569 0.4118
vn -0.5220 -0.0670 -0.8503
vn -0.8874 0.1256 -0.4435
vn -0.9359 0.0668 -0.3458
vn -0.9716 0.0145 -0.2362
vn -0.8931 0.1377 -0.4283
vn -0.7472 -0.6618 0.0608
vn -0.7751 -0.5909 0.2238
vn 0.0607 -0.6554 0.7529
vn 0.1045 -0.8519 0.5131
vn -0.8194 0.0644 -0.5696
vn -0.6342 0.4212 -0.6483
vn -0.5714 0.4157 -0.7076
vn -0.7811 0.0036 -0.6244
vn -0.8465 -0.0359 -0.5312
vn -0.7871 -0.0955 -0.6094
vn -0.7416 -0.1579 -0.6520
vn -0.8457 -0.0443 -0.5317
vn -0.8984 0.3130 -0.3081
vn -0.9123 -0.3137 -0.2634
vn -0.8184 -0.0819 -0.5688
vn -0.7361 -0.0740 -0.6728
vn 0.6150 -0.4866 0.6205
vn 0.1039 -0.8909 0.4420
vn 0.6125 -0.4648 0.6393
vn 0.6245 0.7736 0.1078
vn 0.7840 0.3196 0.5321
vn 0.7743 0.3255 0.5428
vn 0.6185 0.7775 0.1137
vn 0.0195 -0.7948 0.6065
vn 0.0759 -0.8247 0.5605
vn 0.5885 -0.4197 0.6910
vn 0.5850 -0.4140 0.6974
vn 0.2686 -0.8328 0.4841
vn -0.6218 -0.7626 0.1783
vn 0.6243 -0.7759 0.0904
vn 0.5448 -0.7506 0.3739
vn 0.7133 -0.5008 0.4904
vn 0.7153 -0.6162 0.3295
vn -0.8641 0.0795 -0.4970
vn -0.9516 -0.1222 -0.2819
vn -0.8184 -0.3460 -0.4588
vn -0.7642 -0.0228 -0.6446
vn -0.8143 -0.3647 -0.4515
vn 0.0921 -0.8219 0.5621
vn 0.6262 -0.4543 0.6337
vn -0.6100 -0.7923 0.0156
vn 0.1959 -0.9279 0.3172
vn 0.1039 -0.9853 0.1354
vn 0.1623 -0.7875 -0.5945
vn -0.8418 -0.3712 -0.3919
vn 0.5283 -0.3920 0.7532
vn 0.0910 -0.6222 0.7776
vn 0.1364 -0.6832 0.7174
vn 0.5181 -0.4834 0.7056
vn -0.8371 0.0837 -0.5406
vn -0.8625 0.1189 -0.4919
vn -0.7955 0.4735 -0.3782
vn -0.7178 0.6491 -0.2520
vn -0.9445 -0.0929 -0.3150
vn -0.9655 -0.0540 -0.2549
vn -0.9204 0.1971 -0.3377
vn -0.8861 0.1241 -0.4465
vn -0.5940 -0.7880 0.1621
vn -0.5546 -0.8305 0.0517
vn 0.7381 -0.1810 0.6500
vn 0.7783 -0.2060 0.5931
vn 0.5571 -0.4069 0.7239
vn -0.7229 -0.6873 0.0710
vn 0.6942 -0.2233 0.6843
vn -0.6795 -0.7318 0.0530
vn 0.0602 -0.7765 0.6273
vn -0.6014 -0.7975 0.0475
vn -0.8454 -0.3405 -0.4116
vn 0.7773 -0.1536 0.6101
vn 0.8454 0.3126 0.4332
vn 0.8506 0.2887 0.4395
vn 0.7761 -0.1258 0.6180
vn 0.8429 0.4542 0.2885
vn 0.7285 0.6820 0.0641
vn 0.5706 0.8105 0.1322
vn 0.7727 0.5243 0.3579
vn -0.0826 -0.8236 -0.5612
vn -0.0464 -0.9871 -0.1531
vn -0.8710 -0.4911 -0.0145
vn -0.6579 -0.3529 -0.6653
vn -0.5714 -0.7074 0.4161
vn 0.1634 -0.7201 0.6743
vn 0.8069 0.0178 0.5904
vn 0.8076 0.1253 0.5763
vn -0.9786 -0.1684 -0.1181
vn 0.5034 -0.5273 0.6845
vn 0.7250 -0.6594 0.1989
vn 0.4784 -0.7561 0.4465
vn 0.3677 -0.7768 0.5113
vn 0.4844 -0.5827 0.6526
vn 0.0936 -0.9207 0.3788
vn 0.6566 -0.3437 0.6714
vn 0.8568 0.1904 0.4791
vn 0.9120 -0.4092 0.0289
vn 0.8343 0.5017 -0.2284
vn 0.8444 0.4937 -0.2081
vn 0.9029 -0.4038 0.1472
vn 0.9250 0.2671 0.2702
vn 0.9203 0.3233 0.2202
vn 0.8714 -0.2200 0.4384
vn 0.7389 -0.5785 0.3455
vn 0.3326 -0.8668 0.3715
vn -0.5588 -0.8034 0.2056
vn -0.5580 -0.8125 0.1691
vn 0.3051 -0.9299 0.2054
vn 0.7894 -0.4281 0.4400
vn 0.7952 -0.1362 0.5908
vn 0.6326 -0.4117 0.6559
vn -0.7969 -0.0483 -0.6022
vn 0.8582 -0.5112 -0.0467
vn 0.8607 -0.4242 0.2813
vn 0.9247 -0.2906 0.2459
vn 0.9760 0.1430 0.1642
vn 0.7810 -0.4564 0.4263
vn 0.7548 -0.6435 0.1270
vn 0.9328 -0.2108 -0.2923
vn 0.9127 0.2259 0.3405
vn 0.3672 0.8858 -0.2838
vn 0.1925 -0.7604 0.6203
vn 0.5776 -0.4049 0.7088
vn 0.7740 -0.1525 0.6145
vn -0.0129 0.9282 -0.3718
vn -0.6910 0.4569 -0.5601
vn -0.6300 0.4695 -0.6186
vn -0.0337 0.9361 -0.3502
vn 0.8835 0.3618 0.2976
vn 0.7923 0.5577 -0.2475
vn 0.7306 -0.0984 0.6757
vn 0.7164 -0.1237 0.6866
vn 0.2036 -0.8917 0.4041
vn 0.1526 -0.9072 0.3921
vn 0.8900 -0.3734 0.2618
vn 0.8797 -0.3624 0.3078
vn 0.0778 0.9937 0.0809
vn 0.6707 0.6647 0.3291
vn -0.7783 -0.5036 0.3750
vn 0.8755 0.2322 0.4238
vn -0.1944 -0.2292 -0.9538
vn 0.6790 -0.5649 0.4689
vn 0.8044 -0.1108 0.5837
vn 0.5822 -0.4812 0.6553
vn 0.8232 -0.1202 0.5548
vn 0.8723 0.2750 0.4043
vn -0.0719 0.9662 -0.2477
vn -0.1449 0.9399 -0.3092
vn 0.8633 0.4642 -0.1980
vn 0.8973 0.2699 0.3494
vn 0.6215 0.7825 -0.0380
vn 0.6673 0.7336 -0.1285
vn 0.0108 -0.9990 0.0424
vn -0.0338 0.9831 -0.1799
vn 0.6121 0.7598 0.2191
vn -0.0121 0.9240 -0.3822
vn 0.0709 -0.9891 0.1292
vn -0.8360 -0.5265 0.1545
vn -0.8388 -0.5224 0.1534
vn 0.0073 -0.9999 0.0078
vn 0.7808 -0.5901 0.2054
vn 0.1350 -0.9661 0.2202
vn 0.1467 -0.9217 0.3592
vn 0.8942 0.4452 0.0469
vn 0.8459 0.5296 -0.0629
vn -0.0575 0.9403 -0.3354
vn -0.0379 0.9119 -0.4086
vn 0.0972 -0.9817 0.1638
vn -0.7612 -0.6343 0.1347
vn -0.8147 -0.5722 0.0939
vn -0.7604 -0.6221 0.1863
vn -0.9344 0.3122 -0.1715
vn -0.0466 0.9385 -0.3420
vn -0.0542 0.9346 -0.3516
vn -0.9345 0.3063 -0.1813
vn -0.9360 0.3371 -0.1017
vn -0.7307 -0.6686 0.1380
vn -0.7235 -0.6709 0.1623
vn -0.7513 -0.6371 0.1726
vn -0.7537 -0.6213 0.2143
vn 0.0774 -0.9809 0.1783
vn 0.0944 -0.9766 0.1930
vn 0.8476 -0.5003 -0.1770
vn 0.8820 -0.4692 -0.0439
vn -0.9116 0.4110 -0.0076
vn -0.9042 0.4218 0.0671
vn 0.8921 0.4134 -0.1826
vn 0.0101 0.9805 -0.1962
vn -0.5725 -0.7869 0.2303
vn -0.9798 -0.0107 -0.1998
vn -0.0112 0.9689 -0.2473
vn -0.1364 0.7219 -0.6784
vn -0.7929 0.3649 -0.4880
vn -0.9012 0.4327 -0.0242
vn 0.1969 -0.8645 0.4625
vn 0.7811 -0.3721 0.5014
vn 0.8122 -0.3958 0.4285
vn 0.2666 -0.8833 0.3856
vn 0.8286 0.4212 -0.3688
vn 0.3627 0.1841 -0.9136
vn 0.8913 -0.3185 0.3228
vn 0.8178 -0.4893 -0.3029
vn 0.5718 -0.4737 -0.6698
vn -0.4527 -0.8685 0.2018
vn -0.4446 -0.8803 0.1656
vn -0.9648 -0.1192 -0.2345
vn -0.9779 -0.1023 -0.1823
vn 0.4465 -0.6969 0.5613
vn 0.4414 -0.7430 0.5031
vn 0.9388 0.1014 0.3292
vn 0.9221 0.1868 0.3390
vn -0.9146 0.3332 -0.2291
vn -0.1216 0.9223 -0.3668
vn -0.9437 0.2833 -0.1710
vn 0.8803 0.4214 -0.2178
vn -0.0014 0.9904 -0.1381
vn -0.9837 0.0025 -0.1801
vn -0.3635 0.8144 -0.4524
vn -0.3341 0.8761 -0.3476
vn -0.9924 0.0457 -0.1139
vn 0.5627 0.7856 -0.2572
vn 0.5684 0.7680 -0.2953
vn -0.4100 0.7723 -0.4852
vn -0.7348 0.4535 -0.5044
vn -0.1270 0.8247 -0.5511
vn -0.0127 0.7298 -0.6835
vn -0.6189 0.4054 -0.6728
vn -0.9336 0.2748 -0.2301
vn -0.5668 0.0999 -0.8178
vn -0.3233 0.4381 -0.8388
vn -0.0340 0.9388 -0.3428
vn -0.0344 -0.5001 -0.8653
vn 0.7560 -0.2718 -0.5955
vn 0.2215 -0.7300 -0.6466
vn -0.6472 -0.7572 0.0882
vn -0.6329 -0.7739 0.0223
vn -0.8393 -0.1160 -0.5312
vn -0.9108 -0.1223 -0.3943
vn -0.5622 -0.8200 -0.1076
vn -0.4533 -0.8128 -0.3658
vn -0.9596 -0.1333 -0.2480
vn -0.8038 0.4356 -0.4051
vn -0.9579 -0.1283 -0.2569
vn 0.2930 -0.9224 0.2517
vn 0.8354 -0.4813 0.2653
vn 0.8664 -0.4976 -0.0429
vn 0.3476 -0.9371 -0.0314
vn 0.2155 0.2593 -0.9414
vn -0.4045 0.1993 -0.8925
vn 0.3278 -0.5778 -0.7474
vn 0.2290 -0.9700 -0.0816
vn 0.1608 -0.9134 0.3740
vn 0.9851 0.0541 0.1634
vn 0.9980 0.0199 0.0592
vn 0.5378 0.8178 -0.2050
vn 0.5308 0.8312 -0.1651
vn -0.9028 -0.1934 -0.3841
vn -0.5134 -0.4566 -0.7266
vn -0.4339 -0.8746 -0.2165
vn -0.6022 -0.7976 0.0326
vn 0.7188 0.3958 -0.5715
vn 0.6684 0.6563 -0.3500
vn 0.9751 0.1735 0.1383
vn 0.9560 0.2865 -0.0637
vn 0.0115 0.8800 -0.4749
vn 0.1610 -0.9637 0.2131
vn -0.1630 -0.9831 0.0831
vn -0.2402 0.7421 0.6257
vn -0.3103 0.7343 0.6038
vn -0.3792 -0.6327 -0.6752
vn 0.9558 0.1561 0.2491
vn 0.6042 0.7964 0.0253
vn 0.9524 0.1977 0.2323
vn -0.2080 0.8850 -0.4164
vn -0.2990 -0.5181 -0.8014
vn -0.3172 -0.5152 -0.7962
vn -0.5170 -0.2196 -0.8273
vn -0.4708 0.7859 -0.4009
vn 0.4962 0.8439 -0.2039
vn -0.4488 0.8200 -0.3553
vn 0.1626 0.9821 -0.0947
vn 0.5007 0.8613 -0.0866
vn -0.7517 0.3066 -0.5839
vn -0.7566 0.3942 -0.5217
vn 0.1822 -0.8698 0.4586
vn -0.7714 -0.6150 0.1635
vn 0.6467 0.7562 0.0996
vn -0.0550 0.8133 -0.5793
vn -0.5801 0.4421 -0.6841
vn -0.5264 0.4308 -0.7330
vn -0.0189 0.7588 -0.6510
vn 0.8942 0.2950 0.3366
vn 0.6581 0.7356 -0.1608
vn 0.6622 0.7307 -0.1661
vn 0.8884 0.3066 0.3416
vn -0.8056 -0.4242 -0.4135
vn -0.7076 -0.0389 -0.7055
vn -0.7851 0.0191 -0.6191
vn 0.9021 -0.2772 0.3307
vn -0.0374 0.8471 -0.5302
vn 0.7787 -0.0884 0.6211
vn 0.5611 -0.4328 0.7056
vn 0.5774 -0.4241 0.6976
vn 0.7888 -0.0905 0.6080
vn 0.5367 -0.4521 0.7124
vn 0.7911 -0.0868 0.6056
vn -0.4953 0.7566 -0.4269
vn -0.2379 0.8685 -0.4349
vn -0.8112 0.1674 -0.5603
vn -0.2035 0.9067 -0.3694
vn -0.2269 0.9161 -0.3306
vn -0.8053 0.4207 -0.4178
vn -0.6890 0.5318 -0.4924
vn 0.8456 -0.0638 -0.5300
vn -0.6646 0.5788 -0.4726
vn 0.5430 0.8351 -0.0880
vn -0.2736 0.9613 -0.0319
vn 0.8549 0.4747 -0.2094
vn 0.5971 0.7932 -0.1193
vn 0.5854 0.8087 -0.0578
vn 0.0315 0.7923 -0.6093
vn -0.5764 0.3859 -0.7203
vn -0.0397 -0.3568 -0.9333
vn 0.5848 0.7683 -0.2603
vn 0.5769 0.7891 -0.2110
vn -0.3251 0.9105 -0.2556
vn 0.9727 -0.0221 -0.2309
vn 0.9074 0.4176 -0.0478
vn 0.8090 0.5590 -0.1817
vn 0.9162 -0.3584 0.1793
vn 0.9265 -0.3748 0.0350
vn 0.7906 0.5679 -0.2291
vn 0.8061 -0.1389 0.5753
vn 0.5757 -0.4696 0.6694
vn -0.0593 0.9599 -0.2741
vn -0.0836 0.9674 -0.2389
vn -0.9433 0.3296 -0.0395
vn 0.1306 -0.9651 0.2271
vn 0.1440 -0.9313 0.3346
vn -0.6630 -0.7298 0.1670
vn -0.5197 0.6037 -0.6045
vn 0.3137 -0.8266 -0.4673
vn 0.4778 -0.8754 0.0738
vn 0.4334 -0.8045 -0.4061
vn 0.8108 -0.1825 -0.5562
vn 0.9885 -0.0304 -0.1480
vn 0.8189 -0.1444 0.5555
vn 0.8297 -0.1443 0.5392
vn 0.6147 -0.4754 0.6294
vn 0.5981 -0.4720 0.6477
vn 0.3794 -0.7669 0.5176
vn 0.9505 0.0014 0.3108
vn -0.4697 -0.5661 -0.6774
vn 0.2899 0.2927 -0.9112
vn 0.7336 -0.2953 -0.6120
vn 0.2262 -0.8802 -0.4173
vn -0.3572 -0.8852 0.2980
vn -0.9151 -0.2837 -0.2865
vn 0.4555 -0.6918 0.5603
vn 0.4595 -0.7910 0.4040
vn 0.9737 0.0464 0.2232
vn -0.8103 -0.0242 -0.5855
vn -0.4195 -0.0517 -0.9063
vn -0.3216 0.0830 -0.9432
vn -0.4382 -0.8933 -0.1006
vn -0.1907 0.7215 0.6656
vn 0.8212 0.5309 -0.2093
vn -0.0751 0.9917 -0.1044
vn -0.0746 0.9810 -0.1792
vn 0.8162 0.5432 -0.1967
vn -0.5591 0.3722 -0.7409
vn -0.0132 0.8117 -0.5840
vn 0.9870 -0.1606 0.0108
vn 0.2824 -0.9461 0.1589
vn 0.9845 -0.1729 -0.0295
vn 0.8292 0.5471 -0.1148
vn 0.6012 0.7518 -0.2707
vn 0.9807 -0.0977 0.1694
vn 0.4080 0.8618 -0.3015
vn -0.9880 0.1547 0.0028
vn -0.9912 0.1313 -0.0153
vn -0.3301 0.9281 -0.1723
vn 0.5927 0.7899 -0.1573
vn 0.3176 -0.9427 0.1023
vn 0.9804 -0.1765 -0.0876
vn 0.9807 -0.1948 -0.0197
vn 0.2865 -0.9438 0.1645
vn -0.5833 -0.7915 0.1823
vn -0.5945 -0.7887 0.1566
vn -0.7749 -0.6029 0.1902
vn -0.9486 0.3149 0.0307
vn -0.9361 0.3405 0.0885
vn -0.3180 0.6896 -0.6507
vn -0.8367 0.1324 -0.5314
vn -0.6484 -0.7609 0.0242
vn 0.2851 -0.9585 -0.0041
vn 0.9576 -0.1666 -0.2348
vn -0.9812 0.1628 -0.1035
vn 0.0616 -0.9946 0.0834
vn 0.8936 -0.4246 -0.1455
vn 0.8959 -0.4420 -0.0437
vn -0.4811 0.6236 -0.6161
vn -0.9015 -0.2852 -0.3254
vn -0.4445 0.6996 -0.5595
vn 0.4665 0.8569 -0.2194
vn 0.4851 0.8487 -0.2109
vn -0.4607 0.7614 -0.4561
vn -0.7238 -0.6607 0.1990
vn 0.2980 0.2467 -0.9221
vn -0.2715 -0.6665 -0.6944
vn -0.7687 -0.1263 -0.6271
vn -0.3839 0.4913 -0.7818
vn -0.9489 -0.1617 -0.2710
vn -0.9114 -0.2275 -0.3430
vn 0.8538 -0.4352 -0.2858
vn 0.6347 -0.4853 -0.6014
vn 0.4115 0.1290 -0.9022
vn 0.7992 0.4750 -0.3682
vn -0.4353 0.8405 -0.3226
vn -0.9891 -0.0478 -0.1392
vn 0.9829 0.0491 0.1773
vn 0.4705 -0.7999 0.3725
vn 0.4893 -0.7899 0.3697
vn -0.9352 0.3491 -0.0593
vn -0.7702 0.2864 -0.5699
vn -0.5454 -0.4560 -0.7032
vn -0.8097 -0.5868 0.0114
vn -0.0521 0.9657 -0.2543
vn -0.0905 0.7135 -0.6948
vn 0.1123 -0.8131 0.5712
vn 0.0920 -0.8128 0.5753
vn 0.0479 0.7651 -0.6422
vn 0.0669 0.7715 -0.6327
vn 0.6840 0.7080 -0.1755
vn 0.6804 0.7136 -0.1669
vn 0.0120 -0.8918 -0.4523
vn 0.0291 -0.9972 -0.0687
vn -0.7442 0.0413 -0.6667
vn -0.7459 0.0461 -0.6645
vn -0.4869 0.4334 -0.7584
vn -0.4932 0.4201 -0.7618
vn -0.4171 0.7806 -0.4654
vn -0.9646 -0.0741 -0.2531
vn -0.9376 0.3403 -0.0716
vn -0.9590 0.2631 -0.1057
vn -0.3704 -0.8915 0.2609
vn -0.4699 -0.8615 0.1923
vn 0.5136 -0.8127 0.2753
vn -0.4125 -0.8925 0.1825
vn -0.3852 -0.8976 0.2142
vn -0.4832 -0.8755 0.0048
vn 0.9126 0.2661 0.3104
vn 0.9082 0.2637 0.3250
vn 0.4738 -0.8399 0.2649
vn -0.3948 0.6902 0.6064
vn 0.5287 0.7372 -0.4207
vn -0.5069 -0.8479 0.1554
vn -0.4835 -0.8567 0.1798
vn -0.8185 -0.4465 -0.3616
vn -0.8198 -0.4256 -0.3831
vn 0.6183 0.7483 -0.2403
vn -0.9931 0.0987 -0.0630
vn -0.5787 -0.7985 0.1658
vn -0.1292 0.2389 -0.9624
vn 0.1500 0.3474 -0.9257
vn 0.9004 -0.4348 0.0146
vn 0.9167 -0.3990 -0.0219
vn 0.7874 0.5721 -0.2296
vn 0.3496 -0.8014 0.4854
vn 0.9668 -0.0200 0.2547
vn -0.6349 -0.7007 -0.3253
vn -0.1413 0.6642 0.7341
vn 0.6779 0.7196 -0.1505
vn 0.0281 0.7675 -0.6404
vn 0.1449 -0.8061 0.5737
vn -0.5137 0.4049 -0.7564
vn 0.9036 0.2665 0.3353
vn -0.7510 0.0422 -0.6589
vn -0.8219 -0.4239 -0.3805
vn -0.6378 -0.7553 0.1507
vn -0.5530 -0.8233 0.1283
vn -0.8132 -0.4291 -0.3933
vn -0.5450 -0.8250 0.1494
vn -0.8508 -0.4110 -0.3275
vn -0.5276 -0.8365 0.1482
vn -0.8393 -0.4125 -0.3540
vn -0.5229 -0.8410 0.1393
vn 0.0319 -0.7916 0.6102
vn 0.0557 -0.8130 0.5796
vn 0.0913 -0.8047 0.5866
vn 0.0912 -0.8043 0.5872
vn 0.8819 0.3131 0.3525
vn 0.6568 0.7459 -0.1104
vn 0.6511 0.7441 -0.1494
vn 0.8821 0.2944 0.3677
vn -0.5262 0.4185 -0.7402
vn 0.0029 0.7714 -0.6364
vn -0.7501 0.0202 -0.6611
vn -0.7726 0.0630 -0.6318
vn -0.7843 0.0777 -0.6156
vn 0.4698 0.3549 -0.8083
vn 0.7378 0.2716 -0.6180
vn -0.7171 -0.4462 -0.5354
vn -0.1285 0.5769 0.8066
vn 0.9062 0.1146 -0.4070
vn -0.7082 -0.2195 -0.6711
vn -0.1603 0.5065 0.8472
vn 0.9672 -0.0954 -0.2355
vn -0.6692 -0.0729 -0.7395
vn -0.1911 0.4732 0.8600
vn 0.9484 -0.2843 -0.1402
vn -0.5995 0.0505 -0.7988
vn -0.1843 0.4436 0.8771
vn 0.9077 -0.4084 -0.0962
vn -0.4811 0.2044 -0.8525
vn -0.1955 0.4104 0.8907
vn 0.8526 -0.5210 -0.0404
vn -0.3317 0.3466 -0.8774
vn -0.2241 0.3898 0.8932
vn 0.7469 -0.6649 0.0107
vn -0.1257 0.4647 -0.8765
vn -0.2608 0.3483 0.9004
vn 0.6043 -0.7961 0.0326
vn 0.1839 0.5491 -0.8153
vn -0.3379 0.2965 0.8933
vn 0.4227 -0.9054 0.0406
vn 0.5391 0.5362 -0.6495
vn -0.4518 0.2967 0.8413
vn 0.1494 -0.9888 0.0029
vn 0.8079 0.3959 -0.4366
vn -0.5217 0.3354 0.7844
vn -0.1566 -0.9780 -0.1381
vn 0.9623 0.1675 -0.2144
vn -0.5596 0.3879 0.7323
vn -0.3902 -0.8517 -0.3497
vn 0.9924 -0.1230 -0.0008
vn -0.5647 0.4722 0.6769
vn -0.5395 -0.6338 -0.5543
vn 0.9246 -0.3549 0.1388
vn -0.5113 0.5375 0.6706
vn -0.5715 -0.3656 -0.7347
vn -0.4804 -0.1755 -0.8593
vt 0.621544 0.443688
vt 0.645798 0.467654
vt 0.630539 0.501734
vt 0.595758 0.472979
vt 0.684621 0.453858
vt 0.664584 0.521535
vt 0.601559 0.662813
vt 0.613340 0.698072
vt 0.359404 0.542003
vt 0.559279 0.697328
vt 0.191741 0.585210
vt 0.786184 0.678932
vt 0.776428 0.647390
vt 0.191835 0.575175
vt 0.732501 0.421397
vt 0.743405 0.479219
vt 0.701983 0.407611
vt 0.713660 0.692220
vt 0.694991 0.719139
vt 0.670148 0.709313
vt 0.660145 0.634220
vt 0.721550 0.567256
vt 0.716564 0.632330
vt 0.170304 0.375725
vt 0.154151 0.404650
vt 0.668979 0.385768
vt 0.738287 0.034068
vt 0.738234 0.009542
vt 0.685118 0.009907
vt 0.685130 0.033955
vt 0.232875 0.705338
vt 0.241325 0.688130
vt 0.825074 0.815651
vt 0.838002 0.832765
vt 0.766507 0.543630
vt 0.380232 0.490639
vt 0.538281 0.652104
vt 0.551272 0.667991
vt 0.368781 0.495226
vt 0.740455 0.709868
vt 0.806221 0.480835
vt 0.760750 0.427996
vt 0.275671 0.592114
vt 0.279342 0.588825
vt 0.583608 0.630157
vt 0.361133 0.524369
vt 0.751295 0.393814
vt 0.139511 0.457042
vt 0.123357 0.464452
vt 0.766574 0.393385
vt 0.627118 0.582160
vt 0.567610 0.376487
vt 0.551174 0.352838
vt 0.589924 0.334184
vt 0.598857 0.359115
vt 0.622667 0.298546
vt 0.236560 0.313796
vt 0.233838 0.326549
vt 0.628458 0.306644
vt 0.530703 0.254250
vt 0.533310 0.274156
vt 0.491196 0.280572
vt 0.489758 0.258987
vt 0.520814 0.454896
vt 0.543471 0.438066
vt 0.560630 0.480409
vt 0.521318 0.489314
vt 0.112703 0.442921
vt 0.781184 0.426232
vt 0.125244 0.435084
vt 0.649194 0.418009
vt 0.619718 0.388555
vt 0.642674 0.360957
vt 0.274224 0.308323
vt 0.271425 0.323852
vt 0.239143 0.299358
vt 0.391114 0.327023
vt 0.388147 0.346658
vt 0.345378 0.339584
vt 0.348588 0.321451
vt 0.246618 0.228315
vt 0.283496 0.229393
vt 0.281815 0.248214
vt 0.245380 0.245900
vt 0.735743 0.389049
vt 0.157294 0.444484
vt 0.208571 0.542004
vt 0.222954 0.516797
vt 0.240652 0.514595
vt 0.224123 0.549947
vt 0.539185 0.311217
vt 0.536190 0.293641
vt 0.576269 0.283281
vt 0.579604 0.298477
vt 0.573012 0.266104
vt 0.243704 0.264566
vt 0.279437 0.269318
vt 0.864451 0.514570
vt 0.861199 0.509149
vt 0.153721 0.493001
vt 0.170989 0.507012
vt 0.570161 0.248210
vt 0.262975 0.351356
vt 0.248092 0.381314
vt 0.215484 0.364175
vt 0.229838 0.338574
vt 0.516882 0.411766
vt 0.482787 0.400512
vt 0.502272 0.370421
vt 0.540992 0.391155
vt 0.586509 0.323118
vt 0.546145 0.340594
vt 0.542404 0.326788
vt 0.583010 0.311618
vt 0.606122 0.226767
vt 0.607668 0.243032
vt 0.298361 0.361528
vt 0.267855 0.337793
vt 0.303450 0.346189
vt 0.207884 0.290744
vt 0.205788 0.302303
vt 0.283748 0.396790
vt 0.209610 0.276908
vt 0.613804 0.274781
vt 0.610304 0.259395
vt 0.241601 0.282896
vt 0.210945 0.227803
vt 0.210526 0.244288
vt 0.568022 0.230799
vt 0.315141 0.273371
vt 0.317506 0.250757
vt 0.355606 0.254557
vt 0.353612 0.277531
vt 0.351127 0.459944
vt 0.362227 0.420184
vt 0.398714 0.425621
vt 0.384897 0.459980
vt 0.018530 0.503414
vt 0.918685 0.344181
vt 0.889208 0.341327
vt 0.028872 0.497078
vt 0.658404 0.335549
vt 0.197627 0.393957
vt 0.683713 0.357015
vt 0.306721 0.448735
vt 0.321528 0.410620
vt 0.624800 0.342848
vt 0.228335 0.415714
vt 0.170669 0.465560
vt 0.147220 0.484177
vt 0.191541 0.484485
vt 0.171748 0.479861
vt 0.204562 0.450087
vt 0.265139 0.434871
vt 0.335848 0.372549
vt 0.082530 0.500522
vt 0.095223 0.497315
vt 0.875045 0.466956
vt 0.884279 0.454554
vt 0.331372 0.545884
vt 0.299065 0.557516
vt 0.299032 0.526953
vt 0.330489 0.522205
vt 0.212842 0.623535
vt 0.209690 0.637661
vt 0.850447 0.731572
vt 0.843896 0.715965
vt 0.244225 0.475759
vt 0.291553 0.491369
vt 0.267430 0.524525
vt 0.592505 0.409165
vt 0.280202 0.564057
vt 0.260845 0.560823
vt 0.281094 0.538643
vt 0.702867 0.751767
vt 0.709206 0.748737
vt 0.396734 0.564719
vt 0.405895 0.587508
vt 0.437103 0.613841
vt 0.453699 0.620277
vt 0.571336 0.708763
vt 0.576941 0.723742
vt 0.334721 0.563525
vt 0.179478 0.422757
vt 0.312547 0.295809
vt 0.276780 0.290220
vt 0.441874 0.328468
vt 0.442672 0.306585
vt 0.492682 0.302087
vt 0.494264 0.321877
vt 0.334390 0.492256
vt 0.524935 0.693748
vt 0.537083 0.702365
vt 0.307226 0.331193
vt 0.310060 0.314901
vt 0.159005 0.529402
vt 0.178049 0.549011
vt 0.162330 0.565575
vt 0.144713 0.547609
vt 0.431680 0.385841
vt 0.377988 0.381692
vt 0.636193 0.314600
vt 0.341251 0.355934
vt 0.566855 0.600054
vt 0.215615 0.501111
vt 0.320458 0.213283
vt 0.319237 0.231050
vt 0.284635 0.212060
vt 0.351242 0.300723
vt 0.617894 0.287995
vt 0.875099 0.418241
vt 0.071890 0.522827
vt 0.086100 0.521361
vt 0.858239 0.430690
vt 0.357100 0.234278
vt 0.397117 0.236993
vt 0.396264 0.257897
vt 0.284033 0.589068
vt 0.436983 0.365993
vt 0.383924 0.364217
vt 0.440158 0.348182
vt 0.051404 0.489218
vt 0.041345 0.492116
vt 0.866813 0.347469
vt 0.854374 0.353882
vt 0.197526 0.531440
vt 0.077556 0.480290
vt 0.089926 0.476369
vt 0.123560 0.512420
vt 0.819731 0.470511
vt 0.832358 0.459306
vt 0.113086 0.515486
vt 0.064429 0.484626
vt 0.835670 0.362056
vt 0.816679 0.368689
vt 0.803787 0.375171
vt 0.859228 0.559098
vt 0.882217 0.567335
vt 0.877725 0.607851
vt 0.853702 0.607855
vt 0.112410 0.552169
vt 0.104035 0.561324
vt 0.895508 0.571022
vt 0.920620 0.548802
vt 0.109798 0.587347
vt 0.100070 0.597498
vt 0.935892 0.552807
vt 0.045986 0.508762
vt 0.055816 0.506390
vt 0.035023 0.476920
vt 0.880233 0.371394
vt 0.870376 0.377359
vt 0.043817 0.472555
vt 0.892105 0.405481
vt 0.057200 0.524320
vt 0.191558 0.598099
vt 0.796440 0.700793
vt 0.913718 0.383326
vt 0.897068 0.362931
vt 0.914219 0.357300
vt 0.924179 0.368565
vt 0.474100 0.600636
vt 0.485426 0.599356
vt 0.484599 0.627262
vt 0.472920 0.624750
vt 0.032592 0.526949
vt 0.014621 0.519014
vt 0.863824 0.484522
vt 0.112433 0.493352
vt 0.937382 0.367617
vt 0.021517 0.512472
vt 0.033514 0.511846
vt 0.932913 0.397151
vt 0.010138 0.500150
vt 0.021578 0.484934
vt 0.330830 0.662782
vt 0.625791 0.831119
vt 0.631398 0.811670
vt 0.321639 0.648849
vt 0.316171 0.592053
vt 0.339568 0.580545
vt 0.346436 0.600197
vt 0.325510 0.610936
vt 0.800568 0.418255
vt 0.821270 0.403928
vt 0.848404 0.440450
vt 0.047806 0.526049
vt 0.900738 0.397350
vt 0.811832 0.729026
vt 0.820073 0.744425
vt 0.787551 0.764389
vt 0.777378 0.750794
vt 0.270866 0.601727
vt 0.757368 0.726708
vt 0.265267 0.615074
vt 0.442188 0.554359
vt 0.434962 0.569009
vt 0.423164 0.564585
vt 0.427378 0.548429
vt 0.839850 0.549535
vt 0.831291 0.609083
vt 0.798212 0.610624
vt 0.816555 0.527175
vt 0.805647 0.642098
vt 0.529317 0.644296
vt 0.546229 0.596613
vt 0.467094 0.578858
vt 0.477752 0.573439
vt 0.499240 0.516823
vt 0.520836 0.551496
vt 0.496912 0.563401
vt 0.480765 0.539112
vt 0.465505 0.554620
vt 0.455833 0.563791
vt 0.449342 0.541825
vt 0.505529 0.596907
vt 0.529855 0.596628
vt 0.520289 0.640583
vt 0.502139 0.631702
vt 0.429051 0.581745
vt 0.420756 0.583084
vt 0.420255 0.601210
vt 0.436949 0.601948
vt 0.455362 0.602275
vt 0.367165 0.643433
vt 0.569104 0.821733
vt 0.568819 0.835722
vt 0.371695 0.653973
vt 0.444498 0.575982
vt 0.451870 0.586613
vt 0.439133 0.592039
vt 0.433204 0.587655
vt 0.448024 0.635180
vt 0.410133 0.562844
vt 0.411486 0.579931
vt 0.428841 0.618942
vt 0.396935 0.498797
vt 0.397389 0.515662
vt 0.443027 0.283172
vt 0.576903 0.034042
vt 0.576849 0.010473
vt 0.526476 0.010551
vt 0.526563 0.034286
vt 0.543122 0.543462
vt 0.396242 0.530640
vt 0.394977 0.281237
vt 0.395596 0.543344
vt 0.431460 0.534737
vt 0.137540 0.425040
vt 0.593488 0.523817
vt 0.606736 0.550979
vt 0.570259 0.537051
vt 0.600209 0.803016
vt 0.595902 0.823492
vt 0.384340 0.636456
vt 0.378140 0.620041
vt 0.431706 0.429479
vt 0.413400 0.468181
vt 0.482909 0.468631
vt 0.471123 0.496640
vt 0.360123 0.504574
vt 0.106890 0.470516
vt 0.784484 0.387087
vt 0.393271 0.305027
vt 0.200410 0.322044
vt 0.186391 0.347802
vt 0.442048 0.200540
vt 0.441768 0.181847
vt 0.485168 0.182208
vt 0.485978 0.200834
vt 0.359004 0.197750
vt 0.359622 0.179805
vt 0.398328 0.180769
vt 0.398049 0.199148
vt 0.566494 0.213654
vt 0.528548 0.235331
vt 0.526832 0.217107
vt 0.711830 0.376482
vt 0.128561 0.489252
vt 0.203799 0.312023
vt 0.443047 0.260124
vt 0.322672 0.160918
vt 0.322112 0.178341
vt 0.286145 0.177595
vt 0.286639 0.160279
vt 0.285491 0.194873
vt 0.321389 0.195812
vt 0.465006 0.432655
vt 0.496614 0.441216
vt 0.448269 0.464527
vt 0.442349 0.492172
vt 0.459394 0.523134
vt 0.436987 0.516438
vt 0.495864 0.339391
vt 0.131339 0.510259
vt 0.497758 0.354704
vt 0.416640 0.493571
vt 0.450052 0.402813
vt 0.512938 0.685973
vt 0.502718 0.678370
vt 0.496241 0.667072
vt 0.390583 0.489885
vt 0.413731 0.531391
vt 0.415536 0.514967
vt 0.442781 0.239101
vt 0.488326 0.238802
vt 0.859612 0.505256
vt 0.859765 0.497297
vt 0.834062 0.505971
vt 0.802174 0.784216
vt 0.248746 0.661772
vt 0.253127 0.646077
vt 0.190167 0.565925
vt 0.182621 0.574149
vt 0.880919 0.639506
vt 0.894756 0.638212
vt 0.135504 0.592755
vt 0.145416 0.582781
vt 0.287016 0.143013
vt 0.323109 0.143630
vt 0.914024 0.573769
vt 0.910667 0.607438
vt 0.891506 0.608097
vt 0.119630 0.576823
vt 0.128952 0.566503
vt 0.866451 0.521138
vt 0.150170 0.607017
vt 0.159053 0.598370
vt 0.135357 0.510148
vt 0.138439 0.512670
vt 0.615330 0.721958
vt 0.359809 0.556431
vt 0.210303 0.261027
vt 0.695724 0.757385
vt 0.847846 0.657047
vt 0.851737 0.650507
vt 0.840357 0.661223
vt 0.359652 0.673705
vt 0.375686 0.666469
vt 0.377205 0.678771
vt 0.367294 0.683332
vt 0.323460 0.126536
vt 0.287317 0.125869
vt 0.287580 0.108801
vt 0.323769 0.109556
vt 0.221006 0.577321
vt 0.249602 0.584777
vt 0.883175 0.846398
vt 0.198103 0.708103
vt 0.209975 0.710928
vt 0.856929 0.864328
vt 0.289728 0.596867
vt 0.659410 0.736455
vt 0.308563 0.575425
vt 0.687150 0.761865
vt 0.352259 0.613489
vt 0.332135 0.623997
vt 0.568225 0.423298
vt 0.738278 0.021756
vt 0.685185 0.021760
vt 0.478177 0.010744
vt 0.478272 0.034454
vt 0.117695 0.635163
vt 0.126735 0.628427
vt 0.928905 0.608036
vt 0.940295 0.608191
vt 0.487024 0.219648
vt 0.442395 0.219549
vt 0.230632 0.642701
vt 0.227249 0.657870
vt 0.205997 0.652930
vt 0.861850 0.642668
vt 0.257107 0.633811
vt 0.190594 0.618118
vt 0.188846 0.630499
vt 0.234518 0.628767
vt 0.578112 0.741422
vt 0.816223 0.803697
vt 0.844487 0.786768
vt 0.851395 0.799825
vt 0.244405 0.677029
vt 0.200250 0.679776
vt 0.202640 0.668300
vt 0.223797 0.672982
vt 0.221096 0.684509
vt 0.878155 0.789103
vt 0.871097 0.773695
vt 0.077595 0.591288
vt 0.942213 0.578094
vt 0.931683 0.575799
vt 0.084946 0.583388
vt 0.094106 0.572468
vt 0.854332 0.848017
vt 0.867937 0.839216
vt 0.189649 0.716058
vt 0.212527 0.721079
vt 0.884658 0.812268
vt 0.198222 0.693762
vt 0.921548 0.416840
vt 0.913291 0.427573
vt 0.217204 0.698381
vt 0.823924 0.852494
vt 0.860350 0.818546
vt 0.180744 0.693176
vt 0.092300 0.604907
vt 0.114105 0.612444
vt 0.106292 0.620045
vt 0.831144 0.663943
vt 0.651495 0.756284
vt 0.612912 0.743123
vt 0.607337 0.767202
vt 0.603923 0.781897
vt 0.370938 0.603549
vt 0.366197 0.590795
vt 0.874714 0.530444
vt 0.947463 0.556652
vt 0.385746 0.685706
vt 0.594549 0.867383
vt 0.608768 0.870543
vt 0.366164 0.693923
vt 0.637618 0.791870
vt 0.642820 0.778572
vt 0.094740 0.629995
vt 0.964844 0.630122
vt 0.988166 0.611511
vt 0.082572 0.636691
vt 0.621648 0.842152
vt 0.593543 0.835167
vt 0.348419 0.652622
vt 0.340309 0.638879
vt 0.359975 0.628839
vt 0.960532 0.583622
vt 0.067138 0.608392
vt 0.063829 0.631906
vt 0.976405 0.591154
vt 0.958793 0.607370
vt 0.975423 0.604564
vt 0.792803 0.822980
vt 0.803320 0.835151
vt 0.248873 0.142692
vt 0.248923 0.125381
vt 0.441276 0.127524
vt 0.398807 0.127219
vt 0.398909 0.109807
vt 0.441190 0.109897
vt 0.969011 0.565037
vt 0.082253 0.616712
vt 0.074917 0.628682
vt 0.988949 0.585659
vt 0.102118 0.644767
vt 0.078431 0.646795
vt 0.522538 0.126959
vt 0.483689 0.127654
vt 0.483369 0.109888
vt 0.522073 0.109260
vt 0.592347 0.851409
vt 0.615995 0.856875
vt 0.851653 0.387175
vt 0.833075 0.396258
vt 0.072001 0.462953
vt 0.057788 0.467349
vt 0.572907 0.779683
vt 0.574669 0.763685
vt 0.677622 0.771296
vt 0.353632 0.662139
vt 0.645140 0.852650
vt 0.649843 0.840453
vt 0.312734 0.634315
vt 0.662108 0.802591
vt 0.668252 0.789597
vt 0.306566 0.623626
vt 0.346227 0.684119
vt 0.360715 0.127071
vt 0.360941 0.109849
vt 0.905044 0.543875
vt 0.892760 0.538876
vt 0.630714 0.033972
vt 0.630669 0.010206
vt 0.571894 0.855191
vt 0.586775 0.878123
vt 0.392006 0.663549
vt 0.634741 0.867920
vt 0.612414 0.883183
vt 0.210682 0.125701
vt 0.563136 0.125519
vt 0.562766 0.107829
vt 0.210305 0.108195
vt 0.490035 0.654523
vt 0.412161 0.544817
vt 0.832164 0.765770
vt 0.186220 0.647181
vt 0.184056 0.664165
vt 0.655228 0.821470
vt 0.571450 0.801059
vt 0.467646 0.643959
vt 0.630721 0.021866
vt 0.576906 0.022006
vt 0.336504 0.672249
vt 0.388962 0.647212
vt 0.097298 0.519069
vt 0.082171 0.458913
vt 0.898414 0.441157
vt 0.069337 0.503202
vt 0.098441 0.450802
vt 0.124923 0.602744
vt 0.173152 0.585628
vt 0.124613 0.535819
vt 0.138702 0.618215
vt 0.217222 0.599459
vt 0.242408 0.606017
vt 0.912715 0.636928
vt 0.930459 0.636861
vt 0.133504 0.522816
vt 0.943505 0.636328
vt 0.833140 0.691848
vt 0.829229 0.675275
vt 0.734279 0.758286
vt 0.719682 0.749723
vt 0.181827 0.676040
vt 0.778780 0.806288
vt 0.859738 0.752720
vt 0.763600 0.790155
vt 0.432510 0.010953
vt 0.432568 0.034592
vt 0.479343 0.647527
vt 0.296414 0.608133
vt 0.362164 0.571777
vt 0.441388 0.145324
vt 0.398687 0.144789
vt 0.248939 0.108088
vt 0.604574 0.124411
vt 0.484064 0.145575
vt 0.360446 0.144425
vt 0.523055 0.144765
vt 0.563534 0.143243
vt 0.751649 0.777554
vt 0.211402 0.211425
vt 0.211608 0.194775
vt 0.565389 0.196312
vt 0.211568 0.177809
vt 0.564590 0.178738
vt 0.211356 0.160577
vt 0.563997 0.161012
vt 0.211041 0.143176
vt 0.605336 0.210481
vt 0.247497 0.211400
vt 0.248110 0.194435
vt 0.604905 0.193838
vt 0.604686 0.176818
vt 0.248512 0.177296
vt 0.248750 0.160021
vt 0.604603 0.159494
vt 0.604585 0.141986
vt 0.397664 0.217801
vt 0.358187 0.215819
vt 0.398534 0.162641
vt 0.360092 0.162013
vt 0.484543 0.163771
vt 0.441550 0.163433
vt 0.525495 0.198983
vt 0.524468 0.180854
vt 0.523677 0.162752
vt 0.526512 0.022234
vt 0.478204 0.022371
vt 0.387825 0.010977
vt 0.387884 0.034789
vt 0.432537 0.022460
vt 0.342276 0.010709
vt 0.342317 0.035000
vt 0.387821 0.022564
vt 0.295874 0.010499
vt 0.295885 0.035186
vt 0.342251 0.022754
vt 0.250333 0.010596
vt 0.250323 0.034989
vt 0.295843 0.022817
vt 0.205539 0.010540
vt 0.205501 0.034973
vt 0.250301 0.022697
vt 0.158875 0.010321
vt 0.158895 0.035117
vt 0.205525 0.022637
vt 0.111260 0.010443
vt 0.111143 0.034804
vt 0.158817 0.022633
vt 0.063853 0.010690
vt 0.063773 0.034318
vt 0.111253 0.022434
vt 0.013704 0.010135
vt 0.013693 0.034384
vt 0.063800 0.022100
vt 0.960286 0.009742
vt 0.960231 0.033604
vt 0.013581 0.021982
vt 0.906661 0.009536
vt 0.906601 0.033654
vt 0.960278 0.021545
vt 0.851064 0.009586
vt 0.851090 0.033700
vt 0.906662 0.021499
vt 0.793935 0.009458
vt 0.794019 0.033850
vt 0.851027 0.021252
vt 0.793957 0.021605
vt 0.193152 0.567828
s 1
f 3203/1858/3025 3202/1859/3026 3043/1860/3027 3201/1861/3028
f 3202/1859/3026 3037/1862/3029 3036/1863/3030 3043/1860/3027
f 3030/1864/3031 3026/1865/3032 3187/1866/3033 3091/1867/3034
f 3450/1868/3035 3447/1869/3036 3173/1870/3037 3180/1871/3038
f 3031/1872/3039 3040/1873/3040 3037/1862/3029 3029/1874/3041
f 3188/1875/3042 3189/1876/3043 3034/1877/3044 3038/1878/3045
f 3039/1879/3046 3557/1880/3047 3038/1878/3045
f 3038/1878/3045 3034/1877/3044 3026/1865/3032 3030/1864/3031
f 3142/1881/3048 3048/1882/3049 3029/1874/3041 3042/1883/3050
f 3617/1884/3051 3618/1885/3052 3561/1886/3053 3560/1887/3054
f 3356/1888/3055 3342/1889/3056 3341/1890/3057 3353/1891/3058
f 3040/1873/3040 3558/1892/3059 3039/1879/3046
f 3140/1893/3060 3141/1894/3061 3088/1895/3062 3193/1896/3063
f 3448/1897/3064 3188/1875/3042 3173/1870/3037 3447/1869/3036
f 3032/1898/3065 3040/1873/3040 3031/1872/3039 3028/1899/3066
f 3191/1900/3067 3190/1901/3068 3189/1876/3043 3188/1875/3042
f 3027/1902/3069 3030/1864/3031 3091/1903/3034 3088/1895/3062
f 3111/1904/3070 3099/1905/3071 3433/1906/3072 3438/1907/3073
f 3035/1908/3074 3038/1878/3045 3030/1864/3031 3027/1902/3069
f 3039/1879/3046 3038/1878/3045 3035/1908/3074 3036/1863/3030
f 3040/1873/3040 3039/1879/3046 3036/1863/3030 3037/1862/3029
f 3199/1909/3075 3198/1910/3076 3055/1911/3077 3157/1912/3078
f 3145/1913/3079 3150/1914/3080 3515/1915/3081 3509/1916/3082
f 3051/1917/3083 3487/1918/3084 3505/1919/3085 3197/1920/3086
f 3163/1921/3087 3138/1922/3088 3135/1923/3089 3134/1924/3090
f 3438/1925/3073 3437/1926/3091 3028/1899/3066 3111/1927/3070
f 3042/1883/3050 3044/1928/3092 3046/1929/3093 3047/1930/3094
f 3494/1931/3095 3147/1932/3096 3150/1914/3080 3495/1933/3097
f 3037/1862/3029 3202/1859/3026 3203/1858/3025 3044/1928/3092
f 3493/1934/3098 3146/1935/3099 3149/1936/3100 3499/1937/3101
f 3551/1938/3102 3533/1939/3103 3152/1940/3104 3151/1941/3105
f 3111/1904/3070 3049/1942/3106 3062/1943/3107 3099/1905/3071
f 3181/1944/3108 3183/1945/3109 3182/1946/3110 3104/1947/3111
f 3489/1948/3112 3050/1949/3113 3053/1950/3114 3497/1951/3115
f 3053/1950/3114 3050/1949/3113 3487/1918/3084 3488/1952/3116
f 3500/1953/3117 3151/1941/3105 3152/1940/3104 3501/1954/3118
f 3170/1955/3119 3169/1956/3120 3068/1957/3121 3102/1958/3122
f 3052/1959/3123 3488/1952/3116 3487/1918/3084 3051/1917/3083
f 3086/1960/3124 3071/1961/3125 3064/1962/3126 3082/1963/3127
f 3159/1964/3128 3166/1965/3129 3167/1966/3130 3054/1967/3131
f 3508/1968/3132 3507/1969/3133 3094/1970/3134 3092/1971/3135
f 3554/1972/3136 3551/1938/3102 3151/1941/3105 3059/1973/3137
f 3085/1974/3138 3086/1960/3124 3514/1975/3139 3511/1976/3140
f 3092/1971/3135 3497/1951/3115 3496/1977/3141 3145/1978/3079
f 3085/1974/3138 3070/1979/3142 3071/1961/3125 3086/1960/3124
f 3496/1977/3141 3497/1951/3115 3053/1950/3114 3060/1980/3143
f 3060/1981/3143 3492/1982/3144 3500/1953/3117 3095/1983/3145
f 3554/1984/3136 3059/1985/3137 3052/1959/3123 3524/1986/3146
f 3502/1987/3147 3153/1988/3148 3154/1989/3149 3503/1990/3150
f 3072/1991/3151 3065/1992/3152 3162/1993/3153 3087/1994/3154
f 3109/1995/3155 3113/1996/3156 3276/1997/3157 3280/1998/3158
f 3143/1999/3159 3064/1962/3126 3074/2000/3160 3142/2001/3048
f 3081/2002/3161 3069/2003/3162 3065/1992/3152 3072/1991/3151
f 3047/1930/3094 3046/1929/3093 3157/1912/3078 3156/2004/3163
f 3074/2000/3160 3064/1962/3126 3071/1961/3125 3077/2005/3164
f 3099/1905/3071 3062/1943/3107 3177/2006/3165 3100/2007/3166
f 3176/2008/3167 3178/2009/3168 3177/2006/3165 3076/2010/3169
f 3077/2005/3164 3071/1961/3125 3070/1979/3142 3079/2011/3170
f 3084/2012/3171 3069/2003/3162 3070/1979/3142 3085/1974/3138
f 3251/2013/3172 3258/2014/3173 3261/2015/3174 3256/2016/3175
f 3079/2011/3170 3070/1979/3142 3069/2003/3162 3081/2002/3161
f 3105/2017/3176 3106/2018/3177 3184/2019/3178 3063/2020/3179
f 3331/2021/3180 3328/2022/3181 3325/2023/3182 3332/2024/3183
f 3182/1946/3110 3078/2025/3184 3080/2026/3185 3066/2027/3186
f 3046/1929/3093 3044/1928/3092 3203/1858/3025 3204/2028/3187
f 3186/2029/3188 3103/2030/3189 3066/2027/3186 3185/2031/3190
f 3080/2026/3185 3078/2025/3184 3079/2011/3170 3081/2002/3161
f 3190/2032/3068 3191/2033/3067 3103/2030/3189 3186/2029/3188
f 3182/1946/3110 3066/2027/3186 3103/2030/3189 3104/1947/3111
f 3237/2034/3191 3130/2035/3192 3120/2036/3193 3233/2037/3194
f 3078/2025/3184 3076/2010/3169 3077/2005/3164 3079/2011/3170
f 3105/2017/3176 3187/2038/3033 3452/2039/3195 3454/2040/3196
f 3557/1880/3047 3188/1875/3042 3038/1878/3045
f 3076/2010/3169 3177/2006/3165 3062/1943/3107 3075/2041/3197
f 3502/1987/3147 3097/2042/3198 3098/2043/3199 3501/1954/3118
f 3075/2041/3197 3074/2000/3160 3077/2005/3164 3076/2010/3169
f 3491/2044/3200 3056/2045/3201 3196/2046/3202 3506/2047/3203
f 3073/2048/3204 3072/1991/3151 3193/2049/3063 3090/2050/3205
f 3499/1937/3101 3149/1936/3100 3148/2051/3206 3498/2052/3207
f 3184/2019/3178 3080/2026/3185 3073/2048/3204 3063/2020/3179
f 3442/2053/3208 3439/2054/3209 3307/2055/3210 3310/2056/3211
f 3080/2026/3185 3081/2002/3161 3072/1991/3151 3073/2048/3204
f 3492/1982/3144 3059/1973/3137 3151/1941/3105 3500/1953/3117
f 3058/2057/3212 3162/1993/3153 3065/1992/3152 3083/2058/3213
f 3061/2059/3214 3082/1963/3127 3064/1962/3126 3143/1999/3159
f 3084/2012/3171 3085/1974/3138 3511/1976/3140 3512/2060/3215
f 3088/1895/3062 3141/1894/3061 3045/2061/3216 3027/1902/3069
f 3514/1975/3139 3147/1932/3096 3148/2051/3206 3511/1976/3140
f 3078/2025/3184 3067/2062/3217 3176/2008/3167 3076/2010/3169
f 3498/2052/3207 3148/2051/3206 3147/1932/3096 3494/1931/3095
f 3511/1976/3140 3148/2051/3206 3149/1936/3100 3512/2060/3215
f 3468/2063/3218 3520/2064/3219 3533/1939/3103 3463/2065/3220
f 3498/2052/3207 3494/1931/3095 3098/2043/3199 3097/2042/3198
f 3503/1990/3150 3096/2066/3221 3097/2042/3198 3502/1987/3147
f 3495/1933/3097 3150/1914/3080 3145/1913/3079 3496/2067/3141
f 3501/1954/3118 3098/2043/3199 3095/1983/3145 3500/1953/3117
f 3499/1937/3101 3498/2052/3207 3097/2042/3198 3096/2066/3221
f 3095/1983/3145 3495/1933/3097 3496/2067/3141 3060/1981/3143
f 3269/2068/3222 3273/2069/3223 3256/2070/3175 3252/2071/3224
f 3539/2072/3225 3522/2073/3226 3155/2074/3227 3154/1989/3149
f 3494/1931/3095 3495/1933/3097 3095/1983/3145 3098/2043/3199
f 3190/1901/3068 3192/2075/3228 3034/1877/3044 3189/1876/3043
f 3510/2076/3229 3058/2057/3212 3083/2058/3213 3513/2077/3230
f 3510/2076/3229 3513/2077/3230 3146/1935/3099 3144/2078/3231
f 3242/2079/3232 3248/2080/3233 3249/2081/3234 3243/2082/3235
f 3181/1944/3108 3101/2083/3236 3067/2062/3217 3183/1945/3109
f 3186/2029/3188 3185/2031/3190 3184/2019/3178 3106/2018/3177
f 3176/2008/3167 3067/2062/3217 3101/2083/3236 3102/1958/3122
f 3254/2084/3237 3257/2085/3238 3258/2014/3173 3251/2013/3172
f 3435/2086/3239 3434/2087/3240 3267/2088/3241 3268/2089/3242
f 3271/2090/3243 3272/2091/3244 3255/2092/3245 3254/2084/3237
f 3257/2085/3238 3254/2084/3237 3255/2092/3245 3262/2093/3246
f 3308/2094/3247 3283/2095/3248 3282/2096/3249 3305/2097/3250
f 3283/2095/3248 3285/2098/3251 3288/2099/3252 3292/2100/3253
f 3311/2101/3254 3314/2102/3255 3293/2103/3256 3296/2104/3257
f 3247/2105/3258 3248/2080/3233 3242/2079/3232 3240/2106/3259
f 3249/2107/3234 3245/2108/3260 3241/2109/3261 3243/2110/3235
f 3269/2068/3222 3239/2111/3262 3244/2112/3263 3273/2069/3223
f 3364/2113/3264 3361/2114/3265 3447/1869/3036 3450/1868/3035
f 3278/2115/3266 3275/2116/3267 3107/2117/3268 3108/2118/3269
f 3369/2119/3270 3373/2120/3271 3376/2121/3272 3368/2122/3273
f 3277/2123/3274 3278/2115/3266 3108/2118/3269 3114/2124/3275
f 3268/2125/3242 3261/2015/3174 3258/2014/3173 3263/2126/3276
f 3114/2127/3275 3110/2128/3277 3279/2129/3278 3277/2130/3274
f 3280/1998/3158 3279/2129/3278 3110/2128/3277 3109/1995/3155
f 3113/1996/3156 3109/1995/3155 3110/2128/3277 3114/2127/3275
f 3113/2131/3156 3107/2117/3268 3275/2116/3267 3276/2132/3157
f 3392/2133/3279 3391/2134/3280 3412/2135/3281 3413/2136/3282
f 3408/2137/3283 3405/2138/3284 3393/2139/3285 3394/2140/3286
f 3264/2141/3287 3259/2142/3288 3260/2143/3289 3267/2088/3241
f 3250/2144/3290 3244/2112/3263 3239/2111/3262 3246/2145/3291
f 3247/2105/3258 3279/2129/3278 3280/1998/3158 3248/2080/3233
f 3278/2115/3266 3246/2145/3291 3245/2108/3260 3275/2116/3267
f 3333/2146/3292 3326/2147/3293 3327/2148/3294 3334/2149/3295
f 3449/2150/3296 3448/1897/3064 3362/2151/3297 3363/2152/3298
f 3367/2153/3299 3231/2154/3300 3236/2155/3301 3370/2156/3302
f 3440/2157/3303 3443/2158/3304 3033/2159/3305 3171/2160/3306
f 3174/2161/3307 3173/1870/3037 3039/1879/3046 3033/2159/3305
f 3161/2162/3308 3132/2163/3309 3045/2061/3216 3141/1894/3061
f 3366/2164/3310 3375/2165/3311 3373/2120/3271 3369/2119/3270
f 3127/2166/3312 3115/2167/3313 3224/2168/3314 3229/2169/3315
f 3379/2170/3316 3372/2171/3317 3367/2153/3299 3377/2172/3318
f 3228/2173/3319 3124/2174/3320 3116/2175/3321 3225/2176/3322
f 3231/2154/3300 3121/2177/3323 3125/2178/3324 3236/2155/3301
f 3131/2179/3325 3126/2180/3326 3120/2036/3193 3130/2035/3192
f 3233/2037/3194 3120/2036/3193 3126/2180/3326 3235/2181/3327
f 3387/2182/3328 3390/2183/3329 3382/2184/3330 3384/2185/3331
f 3229/2169/3315 3224/2168/3314 3375/2165/3311 3379/2170/3316
f 3375/2165/3311 3366/2164/3310 3372/2171/3317 3379/2170/3316
f 3238/2186/3332 3234/2187/3333 3119/2188/3334 3129/2189/3335
f 3126/2180/3326 3119/2188/3334 3234/2187/3333 3235/2181/3327
f 3237/2190/3191 3232/2191/3336 3122/2192/3337 3130/2193/3192
f 3132/2163/3309 3161/2162/3308 3116/2175/3321 3124/2174/3320
f 3225/2176/3322 3116/2175/3321 3128/2194/3338 3230/2195/3339
f 3131/2179/3325 3129/2189/3335 3119/2188/3334 3126/2180/3326
f 3056/2045/3201 3490/2196/3340 3505/1919/3085 3196/2046/3202
f 3566/2197/3341 3567/2198/3342 3570/2199/3343 3569/2200/3344
f 3232/2191/3336 3236/2155/3301 3125/2178/3324 3122/2192/3337
f 3124/2174/3320 3115/2167/3313 3133/2201/3345 3132/2163/3309
f 3228/2173/3319 3224/2168/3314 3115/2167/3313 3124/2174/3320
f 3376/2121/3272 3225/2176/3322 3230/2195/3339 3380/2202/3346
f 3231/2154/3300 3238/2186/3332 3129/2189/3335 3121/2177/3323
f 3121/2177/3323 3129/2189/3335 3131/2179/3325 3125/2178/3324
f 3503/1990/3150 3154/1989/3149 3155/2074/3227 3504/2203/3347
f 3380/2202/3346 3371/2204/3348 3368/2122/3273 3376/2121/3272
f 3377/2172/3318 3367/2153/3299 3370/2156/3302 3378/2205/3349
f 3031/1872/3039 3029/1874/3041 3048/1882/3049 3049/2206/3106
f 3200/2207/3350 3136/2208/3351 3045/2061/3216 3041/2209/3352
f 3133/2201/3345 3041/2209/3352 3045/2061/3216 3132/2163/3309
f 3187/2038/3033 3105/2017/3176 3063/2020/3179 3091/1867/3034
f 3134/1924/3090 3133/2201/3345 3115/2167/3313 3127/2166/3312
f 3415/2210/3353 3388/2211/3354 3390/2212/3329 3411/2213/3355
f 3194/2214/3356 3160/2215/3357 3087/1994/3154 3162/1993/3153
f 3137/2216/3358 3134/1924/3090 3127/2166/3312 3117/2217/3359
f 3193/1896/3063 3088/1895/3062 3091/1903/3034 3090/2218/3205
f 3266/2219/3360 3257/2085/3238 3262/2093/3246 3265/2220/3361
f 3491/2044/3200 3144/2078/3231 3146/1935/3099 3493/1934/3098
f 3503/1990/3150 3504/2203/3347 3093/2221/3362 3096/2066/3221
f 3156/2004/3163 3061/2222/3214 3143/2223/3159 3047/1930/3094
f 3558/1892/3059 3171/2160/3306 3033/2159/3305
f 3143/2223/3159 3142/1881/3048 3042/1883/3050 3047/1930/3094
f 3028/1899/3066 3031/1872/3039 3049/2206/3106 3111/1927/3070
f 3505/1919/3085 3487/1918/3084 3050/1949/3113 3196/2046/3202
f 3437/1926/3091 3264/2141/3287 3267/2088/3241 3434/2087/3240
f 3528/2224/3363 3458/2225/3364 3461/2226/3365 3532/2227/3366
f 3540/2228/3367 3470/2229/3368 3473/2230/3369 3544/2231/3370
f 3093/2221/3362 3056/2045/3201 3491/2044/3200 3493/1934/3098
f 3509/1916/3082 3515/1915/3081 3082/1963/3127 3061/2059/3214
f 3149/1936/3100 3146/1935/3099 3513/2077/3230 3512/2060/3215
f 3501/1954/3118 3152/1940/3104 3153/1988/3148 3502/1987/3147
f 3150/1914/3080 3147/1932/3096 3514/1975/3139 3515/1915/3081
f 3156/2004/3163 3157/1912/3078 3055/1911/3077 3061/2222/3214
f 3480/2232/3371 3524/1986/3146 3545/2233/3372 3475/2234/3373
f 3506/2047/3203 3196/2046/3202 3050/1949/3113 3489/1948/3112
f 3048/2235/3049 3142/2001/3048 3074/2000/3160 3075/2041/3197
f 3099/1905/3071 3100/2007/3166 3436/2236/3374 3433/1906/3072
f 3061/2059/3214 3055/1911/3077 3508/1968/3132 3509/2237/3082
f 3092/1971/3135 3094/1970/3134 3489/1948/3112 3497/1951/3115
f 3057/2238/3375 3490/2196/3340 3504/2203/3347 3155/2074/3227
f 3533/1939/3103 3520/2064/3219 3153/1988/3148 3152/1940/3104
f 3537/2239/3376 3467/2240/3377 3464/2241/3378 3535/2242/3379
f 3520/2064/3219 3539/2072/3225 3154/1989/3149 3153/1988/3148
f 3534/2243/3380 3464/2241/3378 3467/2240/3377 3538/2244/3381
f 3157/1912/3078 3046/1929/3093 3204/2028/3187 3199/1909/3075
f 3165/2245/3382 3164/2246/3383 3137/2216/3358 3139/2247/3384
f 3093/2221/3362 3493/1934/3098 3499/1937/3101 3096/2066/3221
f 3123/2248/3385 3117/2217/3359 3226/2249/3386 3227/2250/3387
f 3197/1920/3086 3505/1919/3085 3490/2196/3340 3057/2238/3375
f 3489/1948/3112 3094/1970/3134 3168/2251/3388 3506/2047/3203
f 3504/2203/3347 3490/2196/3340 3056/2045/3201 3093/2221/3362
f 3112/2252/3389 3032/1898/3065 3434/2087/3240 3435/2086/3239
f 3178/2009/3168 3068/1957/3121 3100/2007/3166 3177/2006/3165
f 3134/1924/3090 3137/2216/3358 3164/2246/3383 3163/1921/3087
f 3139/2247/3384 3137/2216/3358 3117/2217/3359 3123/2248/3385
f 3165/2245/3382 3139/2247/3384 3160/2215/3357 3194/2214/3356
f 3516/2253/3390 3167/1966/3130 3058/2057/3212 3510/2076/3229
f 3160/2215/3357 3139/2247/3384 3123/2248/3385 3118/2254/3391
f 3194/2214/3356 3195/2255/3392 3166/1965/3129 3165/2245/3382
f 3072/1991/3151 3087/1994/3154 3140/2256/3060 3193/2049/3063
f 3087/1994/3154 3160/2215/3357 3089/2257/3393 3140/2256/3060
f 3058/2057/3212 3195/2255/3392 3194/2214/3356 3162/1993/3153
f 3089/2257/3393 3160/2215/3357 3118/2254/3391 3128/2258/3338
f 3161/2162/3308 3089/2259/3393 3128/2194/3338 3116/2175/3321
f 3140/1893/3060 3089/2259/3393 3161/2162/3308 3141/1894/3061
f 3165/2245/3382 3166/1965/3129 3159/1964/3128 3164/2246/3383
f 3437/1926/3091 3434/2087/3240 3032/1898/3065 3028/1899/3066
f 3374/2260/3394 3223/2261/3395 3227/2250/3387 3378/2205/3349
f 3527/2262/3396 3518/2263/3397 3197/1920/3086 3057/2238/3375
f 3164/2246/3383 3159/1964/3128 3138/1922/3088 3163/1921/3087
f 3246/2145/3291 3239/2111/3262 3241/2109/3261 3245/2108/3260
f 3100/2007/3166 3112/2264/3389 3435/2265/3239 3436/2236/3374
f 3178/2009/3168 3176/2008/3167 3102/1958/3122 3068/1957/3121
f 3166/1965/3129 3195/2255/3392 3058/2057/3212 3167/1966/3130
f 3362/2151/3297 3361/2114/3265 3333/2146/3292 3334/2149/3295
f 3169/1956/3120 3112/2264/3389 3100/2007/3166 3068/1957/3121
f 3032/1898/3065 3172/2266/3398 3171/2160/3306 3040/1873/3040
f 3327/2148/3294 3349/2267/3399 3350/2268/3400 3323/2269/3401
f 3175/2270/3402 3033/2159/3305 3443/2158/3304 3441/2271/3403
f 3284/2272/3404 3290/2273/3405 3291/2274/3406 3281/2275/3407
f 3535/2242/3379 3465/2276/3408 3466/2277/3409 3537/2239/3376
f 3292/2100/3253 3313/2278/3410 3315/2279/3411 3289/2280/3412
f 3287/2281/3413 3286/2282/3414 3281/2275/3407 3291/2274/3406
f 3170/1955/3119 3102/1958/3122 3442/2053/3208 3444/2283/3415
f 3289/2280/3412 3290/2284/3405 3284/2285/3404 3282/2096/3249
f 3172/2266/3398 3169/2286/3120 3170/2287/3119 3171/2160/3306
f 3187/1866/3033 3026/1865/3032 3455/2288/3416 3452/2289/3195
f 3169/2286/3120 3172/2266/3398 3032/1898/3065 3112/2252/3389
f 3063/2020/3179 3073/2048/3204 3090/2218/3205 3091/1867/3034
f 3060/1980/3143 3053/1950/3114 3488/1952/3116 3492/2290/3144
f 3186/2029/3188 3106/2018/3177 3192/2291/3228 3190/2032/3068
f 3101/2083/3236 3175/2292/3402 3441/2293/3403 3439/2054/3209
f 3181/1944/3108 3179/2294/3417 3175/2292/3402 3101/2083/3236
f 3422/2295/3418 3420/2296/3419 3219/2297/3420 3220/2298/3421
f 3536/2299/3422 3519/2300/3423 3428/2301/3424 3429/2302/3425
f 3366/2164/3310 3234/2187/3333 3238/2186/3332 3372/2171/3317
f 3446/2303/3426 3104/1947/3111 3103/2030/3189 3445/2304/3427
f 3448/1897/3064 3449/2150/3296 3191/1900/3067 3188/1875/3042
f 3208/2305/3428 3206/2306/3429 3205/2307/3430 3210/2308/3431
f 3538/2244/3381 3468/2063/3218 3463/2065/3220 3534/2243/3380
f 3456/2309/3432 3453/2310/3433 3034/1877/3044 3192/2075/3228
f 3451/2311/3434 3456/2312/3432 3192/2291/3228 3106/2018/3177
f 3393/2139/3285 3399/2313/3435 3401/2314/3436 3394/2140/3286
f 3509/2237/3082 3508/1968/3132 3092/1971/3135 3145/1978/3079
f 3516/2253/3390 3168/2251/3388 3094/1970/3134 3507/1969/3133
f 3159/1964/3128 3054/1967/3131 3158/2315/3437 3138/1922/3088
f 3204/2028/3187 3203/1858/3025 3201/1861/3028 3158/2315/3437
f 3516/2253/3390 3510/2076/3229 3144/2078/3231 3168/2251/3388
f 3198/1910/3076 3167/1966/3130 3516/2253/3390 3507/1969/3133
f 3616/2316/3438 3617/1884/3051 3560/1887/3054 3559/2317/3439
f 3200/2207/3350 3201/1861/3028 3043/1860/3027 3136/2208/3351
f 3199/1909/3075 3054/1967/3131 3167/1966/3130 3198/1910/3076
f 3518/2263/3397 3545/2233/3372 3051/1917/3083 3197/1920/3086
f 3083/2058/3213 3065/1992/3152 3069/2003/3162 3084/2012/3171
f 3508/1968/3132 3055/1911/3077 3198/1910/3076 3507/1969/3133
f 3569/2200/3344 3570/2199/3343 3573/2318/3440 3572/2319/3441
f 3299/2320/3442 3297/2321/3443 3294/2322/3444 3303/2323/3445
f 3558/1892/3059 3040/1873/3040 3171/2160/3306
f 3361/2114/3265 3362/2151/3297 3448/1897/3064 3447/1869/3036
f 3462/2324/3446 3518/2263/3397 3527/2262/3396 3457/2325/3447
f 3324/2326/3448 3347/2327/3449 3352/2328/3450 3328/2022/3181
f 3307/2055/3210 3309/2329/3451 3284/2272/3404 3281/2275/3407
f 3334/2149/3295 3327/2148/3294 3323/2269/3401 3329/2330/3452
f 3333/2146/3292 3332/2331/3183 3325/2332/3182 3326/2147/3293
f 3330/2333/3453 3324/2326/3448 3328/2022/3181 3331/2021/3180
f 3452/2039/3195 3409/2334/3454 3405/2138/3284 3454/2040/3196
f 3341/1890/3057 3340/2335/3455 3339/2336/3456 3346/2337/3457
f 3341/1890/3057 3342/1889/3056 3335/2338/3458 3340/2335/3455
f 3343/2339/3459 3337/2340/3460 3338/2341/3461 3345/2342/3462
f 3343/2339/3459 3344/2343/3463 3336/2344/3464 3337/2340/3460
f 3301/2345/3465 3302/2346/3466 3298/2347/3467 3296/2348/3257
f 3313/2278/3410 3311/2349/3254 3296/2348/3257 3298/2347/3467
f 3209/2350/3468 3207/2351/3469 3208/2352/3428 3210/2353/3431
f 3356/1888/3055 3353/1891/3058 3209/2350/3468 3210/2353/3431
f 3357/2354/3470 3354/2355/3471 3206/2306/3429 3208/2305/3428
f 3250/2356/3290 3247/2105/3258 3240/2106/3259 3244/2357/3263
f 3354/2355/3471 3355/2358/3472 3205/2307/3430 3206/2306/3429
f 3355/2358/3472 3356/2359/3055 3210/2308/3431 3205/2307/3430
f 3358/2360/3473 3357/2361/3470 3208/2352/3428 3207/2351/3469
f 3353/1891/3058 3358/2360/3473 3207/2351/3469 3209/2350/3468
f 3304/2362/3474 3293/2103/3256 3295/2363/3475 3300/2364/3476
f 3104/1947/3111 3180/2365/3038 3179/2294/3417 3181/1944/3108
f 3453/2310/3433 3410/2366/3477 3406/2367/3478 3455/2288/3416
f 3395/2368/3479 3400/2369/3480 3402/2370/3481 3396/2371/3482
f 3442/2053/3208 3310/2056/3211 3306/2372/3483 3444/2283/3415
f 3301/2373/3465 3296/2104/3257 3293/2103/3256 3304/2362/3474
f 3303/2323/3445 3294/2322/3444 3298/2347/3467 3302/2346/3466
f 3221/2374/3484 3217/2375/3485 3218/2376/3486 3222/2377/3487
f 3403/2378/3488 3400/2369/3480 3395/2368/3479 3398/2379/3489
f 3320/2380/3490 3317/2381/3491 3215/2382/3492 3213/2383/3493
f 3391/2134/3280 3383/2384/3494 3385/2385/3495 3388/2211/3354
f 3387/2182/3328 3389/2386/3496 3416/2387/3497 3414/2388/3498
f 3321/2389/3499 3318/2390/3500 3216/2391/3501 3212/2392/3502
f 3322/2393/3503 3321/2389/3499 3212/2392/3502 3211/2394/3504
f 3335/2395/3458 3342/2396/3056 3345/2342/3462 3338/2341/3461
f 3519/2300/3423 3465/2276/3408 3483/2397/3505 3525/2398/3506
f 3517/2399/3507 3542/2400/3508 3431/2401/3509 3425/2402/3510
f 3318/2403/3500 3319/2404/3511 3214/2405/3512 3216/2406/3501
f 3317/2407/3491 3322/2393/3503 3211/2394/3504 3215/2408/3492
f 3319/2404/3511 3320/2380/3490 3213/2383/3493 3214/2405/3512
f 3523/2409/3513 3530/2410/3514 3432/2411/3515 3423/2412/3516
f 3421/2413/3517 3418/2414/3518 3218/2376/3486 3217/2375/3485
f 3270/2415/3519 3253/2416/3520 3255/2417/3245 3272/2418/3244
f 3213/2383/3493 3215/2382/3492 3216/2406/3501 3214/2405/3512
f 3402/2419/3481 3399/2313/3435 3393/2139/3285 3396/2420/3482
f 3451/2311/3434 3408/2137/3283 3407/2421/3521 3456/2312/3432
f 3389/2386/3496 3386/2422/3522 3381/2423/3523 3392/2424/3279
f 3412/2135/3281 3403/2378/3488 3404/2425/3524 3413/2136/3282
f 3404/2426/3524 3397/2427/3525 3394/2140/3286 3401/2314/3436
f 3403/2378/3488 3398/2379/3489 3397/2428/3525 3404/2425/3524
f 3418/2414/3518 3419/2429/3526 3222/2377/3487 3218/2376/3486
f 3223/2261/3395 3118/2254/3391 3123/2248/3385 3227/2250/3387
f 3158/2315/3437 3201/1861/3028 3135/1923/3089 3138/1922/3088
f 3542/2400/3508 3521/2430/3527 3430/2431/3528 3431/2401/3509
f 3287/2281/3413 3288/2432/3252 3285/2433/3251 3286/2282/3414
f 3389/2386/3496 3387/2182/3328 3384/2185/3331 3386/2422/3522
f 3563/2434/3529 3564/2435/3530 3567/2198/3342 3566/2197/3341
f 3420/2296/3419 3417/2436/3531 3221/2437/3484 3219/2297/3420
f 3417/2438/3531 3421/2413/3517 3217/2375/3485 3221/2374/3484
f 3419/2439/3526 3422/2295/3418 3220/2298/3421 3222/2440/3487
f 3526/2441/3532 3548/2442/3533 3424/2443/3534 3426/2444/3535
f 3201/1861/3028 3200/2207/3350 3041/2209/3352 3135/1923/3089
f 3220/2298/3421 3219/2297/3420 3221/2437/3484 3222/2440/3487
f 3530/2410/3514 3517/2399/3507 3425/2402/3510 3432/2411/3515
f 3230/2445/3339 3128/2258/3338 3118/2254/3391 3223/2261/3395
f 3378/2205/3349 3370/2156/3302 3365/2446/3536 3374/2260/3394
f 3348/2447/3537 3351/2448/3538 3336/2449/3464 3339/2336/3456
f 3416/2387/3497 3389/2386/3496 3392/2424/3279 3413/2450/3282
f 3375/2165/3311 3224/2168/3314 3228/2173/3319 3373/2120/3271
f 3414/2388/3498 3399/2313/3435 3402/2419/3481 3411/2451/3355
f 3226/2249/3386 3117/2217/3359 3127/2166/3312 3229/2169/3315
f 3134/1924/3090 3135/1923/3089 3041/2209/3352 3133/2201/3345
f 3373/2120/3271 3228/2173/3319 3225/2176/3322 3376/2121/3272
f 3365/2446/3536 3232/2191/3336 3237/2190/3191 3371/2452/3348
f 3238/2186/3332 3231/2154/3300 3367/2153/3299 3372/2171/3317
f 3275/2116/3267 3245/2108/3260 3249/2107/3234 3276/2132/3157
f 3562/2453/3539 3563/2434/3529 3566/2197/3341 3565/2454/3540
f 3418/2414/3518 3383/2384/3494 3381/2455/3523 3419/2429/3526
f 3237/2034/3191 3233/2037/3194 3368/2122/3273 3371/2204/3348
f 3370/2156/3302 3236/2155/3301 3232/2191/3336 3365/2446/3536
f 3369/2119/3270 3235/2181/3327 3234/2187/3333 3366/2164/3310
f 3521/2430/3527 3536/2299/3422 3429/2302/3425 3430/2431/3528
f 3388/2211/3354 3385/2385/3495 3382/2456/3330 3390/2212/3329
f 3267/2088/3241 3260/2143/3289 3261/2457/3174 3268/2089/3242
f 3260/2143/3289 3252/2071/3224 3256/2070/3175 3261/2457/3174
f 3255/2417/3245 3253/2416/3520 3259/2142/3288 3262/2458/3246
f 3273/2459/3223 3244/2357/3263 3240/2106/3259 3274/2460/3541
f 3108/2118/3269 3107/2117/3268 3113/2131/3156 3114/2124/3275
f 3260/2143/3289 3259/2142/3288 3253/2416/3520 3252/2071/3224
f 3271/2090/3243 3242/2079/3232 3243/2082/3235 3272/2091/3244
f 3243/2110/3235 3241/2109/3261 3270/2415/3519 3272/2418/3244
f 3274/2460/3541 3240/2106/3259 3242/2079/3232 3271/2090/3243
f 3318/2403/3500 3301/2373/3465 3304/2362/3474 3319/2404/3511
f 3270/2415/3519 3241/2109/3261 3239/2111/3262 3269/2068/3222
f 3310/2056/3211 3307/2055/3210 3281/2275/3407 3286/2282/3414
f 3262/2458/3246 3259/2142/3288 3264/2141/3287 3265/2461/3361
f 3266/2219/3360 3263/2126/3276 3258/2014/3173 3257/2085/3238
f 3435/2265/3239 3268/2125/3242 3263/2126/3276 3436/2236/3374
f 3436/2236/3374 3263/2126/3276 3266/2219/3360 3433/1906/3072
f 3433/1906/3072 3266/2219/3360 3265/2220/3361 3438/1907/3073
f 3265/2461/3361 3264/2141/3287 3437/1926/3091 3438/1925/3073
f 3288/2099/3252 3311/2349/3254 3313/2278/3410 3292/2100/3253
f 3270/2415/3519 3269/2068/3222 3252/2071/3224 3253/2416/3520
f 3271/2090/3243 3254/2084/3237 3251/2013/3172 3274/2460/3541
f 3274/2460/3541 3251/2013/3172 3256/2016/3175 3273/2459/3223
f 3277/2130/3274 3279/2129/3278 3247/2105/3258 3250/2356/3290
f 3283/2095/3248 3292/2100/3253 3289/2280/3412 3282/2096/3249
f 3276/1997/3157 3249/2081/3234 3248/2080/3233 3280/1998/3158
f 3314/2102/3255 3287/2281/3413 3291/2274/3406 3316/2462/3542
f 3277/2123/3274 3250/2144/3290 3246/2145/3291 3278/2115/3266
f 3305/2097/3250 3282/2096/3249 3284/2285/3404 3309/2463/3451
f 3440/2157/3303 3308/2094/3247 3305/2097/3250 3443/2158/3304
f 3306/2464/3483 3285/2098/3251 3283/2095/3248 3308/2094/3247
f 3441/2293/3403 3309/2329/3451 3307/2055/3210 3439/2054/3209
f 3312/2465/3543 3315/2279/3411 3294/2322/3444 3297/2321/3443
f 3360/2466/3544 3359/2467/3545 3330/2333/3453 3331/2021/3180
f 3313/2278/3410 3298/2347/3467 3294/2322/3444 3315/2279/3411
f 3359/2467/3545 3360/2466/3544 3446/2303/3426 3445/2304/3427
f 3312/2468/3543 3297/2469/3443 3295/2363/3475 3316/2462/3542
f 3295/2363/3475 3293/2103/3256 3314/2102/3255 3316/2462/3542
f 3444/2470/3415 3306/2464/3483 3308/2094/3247 3440/2157/3303
f 3290/2273/3405 3312/2468/3543 3316/2462/3542 3291/2274/3406
f 3443/2158/3304 3305/2097/3250 3309/2463/3451 3441/2271/3403
f 3321/2389/3499 3302/2346/3466 3301/2345/3465 3318/2390/3500
f 3314/2102/3255 3311/2101/3254 3288/2432/3252 3287/2281/3413
f 3444/2470/3415 3440/2157/3303 3171/2160/3306 3170/2287/3119
f 3315/2279/3411 3312/2465/3543 3290/2284/3405 3289/2280/3412
f 3310/2056/3211 3286/2282/3414 3285/2433/3251 3306/2372/3483
f 3188/1875/3042 3557/1880/3047 3173/1870/3037
f 3320/2380/3490 3300/2364/3476 3299/2471/3442 3317/2381/3491
f 3319/2404/3511 3304/2362/3474 3300/2364/3476 3320/2380/3490
f 3317/2407/3491 3299/2320/3442 3303/2323/3445 3322/2393/3503
f 3322/2393/3503 3303/2323/3445 3302/2346/3466 3321/2389/3499
f 3212/2392/3502 3216/2391/3501 3215/2408/3492 3211/2394/3504
f 3361/2114/3265 3364/2113/3264 3332/2331/3183 3333/2146/3292
f 3362/2151/3297 3334/2149/3295 3329/2330/3452 3363/2152/3298
f 3360/2466/3544 3364/2472/3264 3450/2473/3035 3446/2303/3426
f 3349/2267/3399 3348/2447/3537 3339/2336/3456 3340/2335/3455
f 3360/2466/3544 3331/2021/3180 3332/2024/3183 3364/2472/3264
f 3363/2474/3298 3359/2467/3545 3445/2304/3427 3449/2475/3296
f 3336/2449/3464 3344/2476/3463 3346/2337/3457 3339/2336/3456
f 3347/2327/3449 3350/2477/3400 3335/2395/3458 3338/2341/3461
f 3347/2327/3449 3338/2341/3461 3337/2340/3460 3352/2328/3450
f 3337/2340/3460 3336/2344/3464 3351/2478/3538 3352/2328/3450
f 3415/2210/3353 3400/2369/3480 3403/2378/3488 3412/2135/3281
f 3349/2267/3399 3340/2335/3455 3335/2338/3458 3350/2268/3400
f 3299/2471/3442 3300/2364/3476 3295/2363/3475 3297/2469/3443
f 3357/2354/3470 3344/2343/3463 3343/2339/3459 3354/2355/3471
f 3350/2477/3400 3347/2327/3449 3324/2326/3448 3323/2479/3401
f 3352/2328/3450 3351/2478/3538 3325/2023/3182 3328/2022/3181
f 3351/2448/3538 3348/2447/3537 3326/2147/3293 3325/2332/3182
f 3353/1891/3058 3341/1890/3057 3346/2337/3457 3358/2360/3473
f 3358/2360/3473 3346/2337/3457 3344/2476/3463 3357/2361/3470
f 3354/2355/3471 3343/2339/3459 3345/2342/3462 3355/2358/3472
f 3355/2358/3472 3345/2342/3462 3342/2396/3056 3356/2359/3055
f 3454/2040/3196 3405/2138/3284 3408/2137/3283 3451/2311/3434
f 3488/1952/3116 3052/1959/3123 3059/1985/3137 3492/2290/3144
f 3572/2319/3441 3573/2318/3440 3576/2480/3546 3575/2481/3547
f 3368/2122/3273 3233/2037/3194 3235/2181/3327 3369/2119/3270
f 3230/2445/3339 3223/2261/3395 3374/2260/3394 3380/2482/3346
f 3421/2413/3517 3385/2385/3495 3383/2384/3494 3418/2414/3518
f 3377/2172/3318 3226/2249/3386 3229/2169/3315 3379/2170/3316
f 3227/2250/3387 3226/2249/3386 3377/2172/3318 3378/2205/3349
f 3410/2366/3477 3407/2483/3521 3397/2428/3525 3398/2379/3489
f 3548/2442/3533 3523/2409/3513 3423/2412/3516 3424/2443/3534
f 3417/2438/3531 3382/2456/3330 3385/2385/3495 3421/2413/3517
f 3409/2484/3454 3406/2367/3478 3395/2368/3479 3396/2371/3482
f 3419/2439/3526 3381/2423/3523 3386/2422/3522 3422/2295/3418
f 3420/2296/3419 3384/2185/3331 3382/2184/3330 3417/2436/3531
f 3517/2399/3507 3459/2485/3548 3472/2486/3549 3542/2400/3508
f 3386/2422/3522 3384/2185/3331 3420/2296/3419 3422/2295/3418
f 3519/2300/3423 3525/2398/3506 3427/2487/3550 3428/2301/3424
f 3411/2451/3355 3390/2183/3329 3387/2182/3328 3414/2388/3498
f 3412/2135/3281 3391/2134/3280 3388/2211/3354 3415/2210/3353
f 3525/2398/3506 3526/2488/3532 3426/2444/3535 3427/2487/3550
f 3408/2137/3283 3394/2140/3286 3397/2427/3525 3407/2421/3521
f 3409/2334/3454 3396/2420/3482 3393/2139/3285 3405/2138/3284
f 3410/2366/3477 3398/2379/3489 3395/2368/3479 3406/2367/3478
f 3455/2288/3416 3406/2367/3478 3409/2484/3454 3452/2289/3195
f 3456/2309/3432 3407/2483/3521 3410/2366/3477 3453/2310/3433
f 3392/2133/3279 3381/2455/3523 3383/2384/3494 3391/2134/3280
f 3413/2450/3282 3404/2426/3524 3401/2314/3436 3416/2387/3497
f 3416/2387/3497 3401/2314/3436 3399/2313/3435 3414/2388/3498
f 3411/2213/3355 3402/2370/3481 3400/2369/3480 3415/2210/3353
f 3530/2410/3514 3460/2489/3551 3459/2485/3548 3517/2399/3507
f 3521/2430/3527 3471/2490/3552 3466/2277/3409 3536/2299/3422
f 3536/2299/3422 3466/2277/3409 3465/2276/3408 3519/2300/3423
f 3523/2409/3513 3477/2491/3553 3460/2489/3551 3530/2410/3514
f 3542/2400/3508 3472/2486/3549 3471/2490/3552 3521/2430/3527
f 3548/2442/3533 3478/2492/3554 3477/2491/3553 3523/2409/3513
f 3446/2303/3426 3450/2473/3035 3180/2365/3038 3104/1947/3111
f 3359/2467/3545 3363/2474/3298 3329/2493/3452 3330/2333/3453
f 3484/2494/3555 3554/1984/3136 3524/1986/3146 3480/2232/3371
f 3106/2018/3177 3105/2017/3176 3454/2040/3196 3451/2311/3434
f 3555/2495/3556 3484/2494/3555 3480/2232/3371 3550/2496/3557
f 3485/2497/3558 3555/2495/3556 3550/2496/3557 3479/2498/3559
f 3556/2499/3560 3485/2497/3558 3479/2498/3559 3549/2500/3561
f 3486/2501/3562 3556/2499/3560 3549/2500/3561 3478/2492/3554
f 3484/2502/3555 3481/2503/3563 3551/1938/3102 3554/1972/3136
f 3552/2504/3564 3481/2503/3563 3484/2502/3555 3555/2505/3556
f 3485/2506/3558 3482/2507/3565 3552/2504/3564 3555/2505/3556
f 3553/2508/3566 3482/2507/3565 3485/2506/3558 3556/2509/3560
f 3486/2510/3562 3483/2397/3505 3553/2508/3566 3556/2509/3560
f 3544/2231/3370 3474/2511/3567 3469/2512/3568 3540/2228/3367
f 3469/2512/3568 3539/2072/3225 3520/2064/3219 3468/2063/3218
f 3540/2228/3367 3469/2512/3568 3468/2063/3218 3538/2244/3381
f 3543/2513/3569 3473/2230/3369 3470/2229/3368 3541/2514/3570
f 3470/2229/3368 3540/2228/3367 3538/2244/3381 3467/2240/3377
f 3541/2514/3570 3470/2229/3368 3467/2240/3377 3537/2239/3376
f 3471/2490/3552 3541/2514/3570 3537/2239/3376 3466/2277/3409
f 3532/2227/3366 3462/2324/3446 3457/2325/3447 3528/2224/3363
f 3457/2325/3447 3527/2262/3396 3522/2073/3226 3474/2511/3567
f 3528/2224/3363 3457/2325/3447 3474/2511/3567 3544/2231/3370
f 3473/2230/3369 3458/2225/3364 3528/2224/3363 3544/2231/3370
f 3531/2515/3571 3461/2226/3365 3458/2225/3364 3529/2516/3572
f 3035/1908/3074 3027/1902/3069 3045/2061/3216 3136/2208/3351
f 3529/2516/3572 3458/2225/3364 3473/2230/3369 3543/2513/3569
f 3529/2516/3572 3459/2485/3548 3460/2489/3551 3531/2515/3571
f 3526/2441/3532 3486/2501/3562 3478/2492/3554 3548/2442/3533
f 3472/2486/3549 3459/2485/3548 3529/2516/3572 3543/2513/3569
f 3550/2496/3557 3480/2232/3371 3475/2234/3373 3546/2517/3573
f 3475/2234/3373 3545/2233/3372 3518/2263/3397 3462/2324/3446
f 3546/2517/3573 3475/2234/3373 3462/2324/3446 3532/2227/3366
f 3549/2500/3561 3479/2498/3559 3476/2518/3574 3547/2519/3575
f 3476/2518/3574 3546/2517/3573 3532/2227/3366 3461/2226/3365
f 3547/2519/3575 3476/2518/3574 3461/2226/3365 3531/2515/3571
f 3525/2398/3506 3483/2397/3505 3486/2510/3562 3526/2488/3532
f 3477/2491/3553 3547/2519/3575 3531/2515/3571 3460/2489/3551
f 3481/2503/3563 3463/2065/3220 3533/1939/3103 3551/1938/3102
f 3534/2243/3380 3463/2065/3220 3481/2503/3563 3552/2504/3564
f 3482/2507/3565 3464/2241/3378 3534/2243/3380 3552/2504/3564
f 3535/2242/3379 3464/2241/3378 3482/2507/3565 3553/2508/3566
f 3483/2397/3505 3465/2276/3408 3535/2242/3379 3553/2508/3566
f 3546/2517/3573 3476/2518/3574 3479/2498/3559 3550/2496/3557
f 3564/2435/3530 3562/2453/3539 3565/2454/3540 3567/2198/3342
f 3541/2514/3570 3471/2490/3552 3472/2486/3549 3543/2513/3569
f 3547/2519/3575 3477/2491/3553 3478/2492/3554 3549/2500/3561
f 3565/2454/3540 3566/2197/3341 3569/2200/3344 3568/2520/3576
f 3557/1880/3047 3039/1879/3046 3173/1870/3037
f 3122/2192/3337 3125/2178/3324 3131/2179/3325 3130/2193/3192
f 3545/2233/3372 3524/1986/3146 3052/1959/3123 3051/1917/3083
f 3559/2317/3439 3560/1887/3054 3563/2434/3529 3562/2453/3539
f 3618/1885/3052 3616/2316/3438 3559/2317/3439 3561/1886/3053
f 3560/1887/3054 3561/1886/3053 3564/2435/3530 3563/2434/3529
f 3567/2198/3342 3565/2454/3540 3568/2520/3576 3570/2199/3343
f 3561/1886/3053 3559/2317/3439 3562/2453/3539 3564/2435/3530
f 3570/2199/3343 3568/2520/3576 3571/2521/3577 3573/2318/3440
f 3575/2481/3547 3576/2480/3546 3579/2522/3578 3578/2523/3579
f 3571/2521/3577 3572/2319/3441 3575/2481/3547 3574/2524/3580
f 3573/2318/3440 3571/2521/3577 3574/2524/3580 3576/2480/3546
f 3578/2523/3579 3579/2522/3578 3582/2525/3581 3581/2526/3582
f 3574/2524/3580 3575/2481/3547 3578/2523/3579 3577/2527/3583
f 3576/2480/3546 3574/2524/3580 3577/2527/3583 3579/2522/3578
f 3581/2526/3582 3582/2525/3581 3585/2528/3584 3584/2529/3585
f 3577/2527/3583 3578/2523/3579 3581/2526/3582 3580/2530/3586
f 3579/2522/3578 3577/2527/3583 3580/2530/3586 3582/2525/3581
f 3584/2529/3585 3585/2528/3584 3588/2531/3587 3587/2532/3588
f 3580/2530/3586 3581/2526/3582 3584/2529/3585 3583/2533/3589
f 3582/2525/3581 3580/2530/3586 3583/2533/3589 3585/2528/3584
f 3587/2532/3588 3588/2531/3587 3591/2534/3590 3590/2535/3591
f 3583/2533/3589 3584/2529/3585 3587/2532/3588 3586/2536/3592
f 3585/2528/3584 3583/2533/3589 3586/2536/3592 3588/2531/3587
f 3590/2535/3591 3591/2534/3590 3594/2537/3593 3593/2538/3594
f 3586/2536/3592 3587/2532/3588 3590/2535/3591 3589/2539/3595
f 3588/2531/3587 3586/2536/3592 3589/2539/3595 3591/2534/3590
f 3593/2538/3594 3594/2537/3593 3597/2540/3596 3596/2541/3597
f 3589/2539/3595 3590/2535/3591 3593/2538/3594 3592/2542/3598
f 3591/2534/3590 3589/2539/3595 3592/2542/3598 3594/2537/3593
f 3596/2541/3597 3597/2540/3596 3600/2543/3599 3599/2544/3600
f 3592/2542/3598 3593/2538/3594 3596/2541/3597 3595/2545/3601
f 3594/2537/3593 3592/2542/3598 3595/2545/3601 3597/2540/3596
f 3599/2544/3600 3600/2543/3599 3603/2546/3602 3602/2547/3603
f 3595/2545/3601 3596/2541/3597 3599/2544/3600 3598/2548/3604
f 3597/2540/3596 3595/2545/3601 3598/2548/3604 3600/2543/3599
f 3602/2547/3603 3603/2546/3602 3606/2549/3605 3605/2550/3606
f 3598/2548/3604 3599/2544/3600 3602/2547/3603 3601/2551/3607
f 3600/2543/3599 3598/2548/3604 3601/2551/3607 3603/2546/3602
f 3605/2550/3606 3606/2549/3605 3609/2552/3608 3608/2553/3609
f 3601/2551/3607 3602/2547/3603 3605/2550/3606 3604/2554/3610
f 3603/2546/3602 3601/2551/3607 3604/2554/3610 3606/2549/3605
f 3608/2553/3609 3609/2552/3608 3612/2555/3611 3611/2556/3612
f 3604/2554/3610 3605/2550/3606 3608/2553/3609 3607/2557/3613
f 3606/2549/3605 3604/2554/3610 3607/2557/3613 3609/2552/3608
f 3611/2556/3612 3612/2555/3611 3615/2558/3614 3614/2559/3615
f 3607/2557/3613 3608/2553/3609 3611/2556/3612 3610/2560/3616
f 3609/2552/3608 3607/2557/3613 3610/2560/3616 3612/2555/3611
f 3614/2559/3615 3615/2558/3614 3618/1885/3052 3617/1884/3051
f 3610/2560/3616 3611/2556/3612 3614/2559/3615 3613/2561/3617
f 3612/2555/3611 3610/2560/3616 3613/2561/3617 3615/2558/3614
f 3613/2561/3617 3614/2559/3615 3617/1884/3051 3616/2316/3438
f 3615/2558/3614 3613/2561/3617 3616/2316/3438 3618/1885/3052
f 3102/1958/3122 3101/2083/3236 3439/2054/3209 3442/2053/3208
f 3453/2310/3433 3455/2288/3416 3026/1865/3032 3034/1877/3044
f 3029/1874/3041 3037/1862/3029 3044/1928/3092 3042/1883/3050
f 3374/2260/3394 3365/2446/3536 3371/2452/3348 3380/2482/3346
f 3329/2493/3452 3323/2479/3401 3324/2326/3448 3330/2333/3453
f 3179/2562/3417 3174/2161/3307 3033/2159/3305 3175/2270/3402
f 3179/2562/3417 3180/1871/3038 3173/1870/3037 3174/2161/3307
f 3506/2047/3203 3168/2251/3388 3144/2078/3231 3491/2044/3200
f 3449/2475/3296 3445/2304/3427 3103/2030/3189 3191/2033/3067
f 3039/1879/3046 3558/1892/3059 3033/2159/3305
f 3183/1945/3109 3067/2062/3217 3078/2025/3184 3182/1946/3110
f 3568/2520/3576 3569/2200/3344 3572/2319/3441 3571/2521/3577
f 3513/2077/3230 3083/2058/3213 3084/2012/3171 3512/2060/3215
f 3043/1860/3027 3036/1863/3030 3035/1908/3074 3136/2208/3351
f 3326/2147/3293 3348/2447/3537 3349/2267/3399 3327/2148/3294
f 3049/1942/3106 3048/2235/3049 3075/2041/3197 3062/1943/3107
f 3185/2031/3190 3066/2027/3186 3080/2026/3185 3184/2019/3178
f 3514/1975/3139 3086/1960/3124 3082/1963/3127 3515/1915/3081
f 3158/2315/3437 3054/1967/3131 3199/1909/3075 3204/2028/3187
f 3522/2073/3226 3527/2262/3396 3057/2238/3375 3155/2074/3227
f 3474/2511/3567 3522/2073/3226 3539/2072/3225 3469/2512/3568
f 3796/1858/3618 3794/1861/3619 3636/1860/3620 3795/1859/3621
f 3795/1859/3621 3636/1860/3620 3629/1863/3622 3630/1862/3623
f 3623/1864/3624 3684/1867/3625 3780/1866/3626 3619/1865/3627
f 4043/1868/3628 3773/1871/3629 3766/1870/3630 4040/1869/3631
f 3624/1872/3632 3622/1874/3633 3630/1862/3623 3633/1873/3634
f 3781/1875/3635 3631/1878/3636 3627/1877/3637 3782/1876/3638
f 3632/1879/3639 3631/1878/3636 4150/1880/3640
f 3631/1878/3636 3623/1864/3624 3619/1865/3627 3627/1877/3637
f 3735/1881/3641 3635/1883/3642 3622/1874/3633 3641/1882/3643
f 4210/1884/3644 4153/1887/3645 4154/1886/3646 4211/1885/3647
f 3949/1888/3648 3946/1891/3649 3934/1890/3650 3935/1889/3651
f 3633/1873/3634 3632/1879/3639 4151/1892/3652
f 3733/1893/3653 3786/1896/3654 3681/1895/3655 3734/1894/3656
f 4041/1897/3657 4040/1869/3631 3766/1870/3630 3781/1875/3635
f 3625/1898/3658 3621/1899/3659 3624/1872/3632 3633/1873/3634
f 3784/1900/3660 3781/1875/3635 3782/1876/3638 3783/1901/3661
f 3620/1902/3662 3681/1895/3655 3684/1903/3625 3623/1864/3624
f 3704/1904/3663 4031/1907/3664 4026/1906/3665 3692/1905/3666
f 3628/1908/3667 3620/1902/3662 3623/1864/3624 3631/1878/3636
f 3632/1879/3639 3629/1863/3622 3628/1908/3667 3631/1878/3636
f 3633/1873/3634 3630/1862/3623 3629/1863/3622 3632/1879/3639
f 3792/1909/3668 3750/1912/3669 3648/1911/3670 3791/1910/3671
f 3738/1913/3672 4102/1916/3673 4108/1915/3674 3743/1914/3675
f 3644/1917/3676 3790/1920/3677 4098/1919/3678 4080/1918/3679
f 3756/1921/3680 3727/1924/3681 3728/1923/3682 3731/1922/3683
f 4031/1925/3664 3704/1927/3663 3621/1899/3659 4030/1926/3684
f 3635/1883/3642 3640/1930/3685 3639/1929/3686 3637/1928/3687
f 4087/1931/3688 4088/1933/3689 3743/1914/3675 3740/1932/3690
f 3630/1862/3623 3637/1928/3687 3796/1858/3618 3795/1859/3621
f 4086/1934/3691 4092/1937/3692 3742/1936/3693 3739/1935/3694
f 4144/1938/3695 3744/1941/3696 3745/1940/3697 4126/1939/3698
f 3704/1904/3663 3692/1905/3666 3655/1943/3699 3642/1942/3700
f 3774/1944/3701 3697/1947/3702 3775/1946/3703 3776/1945/3704
f 4082/1948/3705 4090/1951/3706 3646/1950/3707 3643/1949/3708
f 3646/1950/3707 4081/1952/3709 4080/1918/3679 3643/1949/3708
f 4093/1953/3710 4094/1954/3711 3745/1940/3697 3744/1941/3696
f 3763/1955/3712 3695/1958/3713 3661/1957/3714 3762/1956/3715
f 3645/1959/3716 3644/1917/3676 4080/1918/3679 4081/1952/3709
f 3679/1960/3717 3675/1963/3718 3657/1962/3719 3664/1961/3720
f 3752/1964/3721 3647/1967/3722 3760/1966/3723 3759/1965/3724
f 4101/1968/3725 3685/1971/3726 3687/1970/3727 4100/1969/3728
f 4147/1972/3729 3652/1973/3730 3744/1941/3696 4144/1938/3695
f 3678/1974/3731 4104/1976/3732 4107/1975/3733 3679/1960/3717
f 3685/1971/3726 3738/1978/3672 4089/1977/3734 4090/1951/3706
f 3678/1974/3731 3679/1960/3717 3664/1961/3720 3663/1979/3735
f 4089/1977/3734 3653/1980/3736 3646/1950/3707 4090/1951/3706
f 3653/1981/3736 3688/1983/3737 4093/1953/3710 4085/1982/3738
f 4147/1984/3729 4117/1986/3739 3645/1959/3716 3652/1985/3730
f 4095/1987/3740 4096/1990/3741 3747/1989/3742 3746/1988/3743
f 3665/1991/3744 3680/1994/3745 3755/1993/3746 3658/1992/3747
f 3702/1995/3748 3873/1998/3749 3869/1997/3750 3706/1996/3751
f 3736/1999/3752 3735/2001/3641 3667/2000/3753 3657/1962/3719
f 3674/2002/3754 3665/1991/3744 3658/1992/3747 3662/2003/3755
f 3640/1930/3685 3749/2004/3756 3750/1912/3669 3639/1929/3686
f 3667/2000/3753 3670/2005/3757 3664/1961/3720 3657/1962/3719
f 3692/1905/3666 3693/2007/3758 3770/2006/3759 3655/1943/3699
f 3769/2008/3760 3669/2010/3761 3770/2006/3759 3771/2009/3762
f 3670/2005/3757 3672/2011/3763 3663/1979/3735 3664/1961/3720
f 3677/2012/3764 3678/1974/3731 3663/1979/3735 3662/2003/3755
f 3844/2013/3765 3849/2016/3766 3854/2015/3767 3851/2014/3768
f 3672/2011/3763 3674/2002/3754 3662/2003/3755 3663/1979/3735
f 3698/2017/3769 3656/2020/3770 3777/2019/3771 3699/2018/3772
f 3924/2021/3773 3925/2024/3774 3918/2023/3775 3921/2022/3776
f 3775/1946/3703 3659/2027/3777 3673/2026/3778 3671/2025/3779
f 3639/1929/3686 3797/2028/3780 3796/1858/3618 3637/1928/3687
f 3779/2029/3781 3778/2031/3782 3659/2027/3777 3696/2030/3783
f 3673/2026/3778 3674/2002/3754 3672/2011/3763 3671/2025/3779
f 3783/2032/3661 3779/2029/3781 3696/2030/3783 3784/2033/3660
f 3775/1946/3703 3697/1947/3702 3696/2030/3783 3659/2027/3777
f 3830/2034/3784 3826/2037/3785 3713/2036/3786 3723/2035/3787
f 3671/2025/3779 3672/2011/3763 3670/2005/3757 3669/2010/3761
f 3698/2017/3769 4047/2040/3788 4045/2039/3789 3780/2038/3626
f 4150/1880/3640 3631/1878/3636 3781/1875/3635
f 3669/2010/3761 3668/2041/3790 3655/1943/3699 3770/2006/3759
f 4095/1987/3740 4094/1954/3711 3691/2043/3791 3690/2042/3792
f 3668/2041/3790 3669/2010/3761 3670/2005/3757 3667/2000/3753
f 4084/2044/3793 4099/2047/3794 3789/2046/3795 3649/2045/3796
f 3666/2048/3797 3683/2050/3798 3786/2049/3654 3665/1991/3744
f 4092/1937/3692 4091/2052/3799 3741/2051/3800 3742/1936/3693
f 3777/2019/3771 3656/2020/3770 3666/2048/3797 3673/2026/3778
f 4035/2053/3801 3903/2056/3802 3900/2055/3803 4032/2054/3804
f 3673/2026/3778 3666/2048/3797 3665/1991/3744 3674/2002/3754
f 4085/1982/3738 4093/1953/3710 3744/1941/3696 3652/1973/3730
f 3651/2057/3805 3676/2058/3806 3658/1992/3747 3755/1993/3746
f 3654/2059/3807 3736/1999/3752 3657/1962/3719 3675/1963/3718
f 3677/2012/3764 4105/2060/3808 4104/1976/3732 3678/1974/3731
f 3681/1895/3655 3620/1902/3662 3638/2061/3809 3734/1894/3656
f 4107/1975/3733 4104/1976/3732 3741/2051/3800 3740/1932/3690
f 3671/2025/3779 3669/2010/3761 3769/2008/3760 3660/2062/3810
f 4091/2052/3799 4087/1931/3688 3740/1932/3690 3741/2051/3800
f 4104/1976/3732 4105/2060/3808 3742/1936/3693 3741/2051/3800
f 4061/2063/3811 4056/2065/3812 4126/1939/3698 4113/2064/3813
f 4091/2052/3799 3690/2042/3792 3691/2043/3791 4087/1931/3688
f 4096/1990/3741 4095/1987/3740 3690/2042/3792 3689/2066/3814
f 4088/1933/3689 4089/2067/3734 3738/1913/3672 3743/1914/3675
f 4094/1954/3711 4093/1953/3710 3688/1983/3737 3691/2043/3791
f 4092/1937/3692 3689/2066/3814 3690/2042/3792 4091/2052/3799
f 3688/1983/3737 3653/1981/3736 4089/2067/3734 4088/1933/3689
f 3862/2068/3815 3845/2071/3816 3849/2070/3766 3866/2069/3817
f 4132/2072/3818 3747/1989/3742 3748/2074/3819 4115/2073/3820
f 4087/1931/3688 3691/2043/3791 3688/1983/3737 4088/1933/3689
f 3783/1901/3661 3782/1876/3638 3627/1877/3637 3785/2075/3821
f 4103/2076/3822 4106/2077/3823 3676/2058/3806 3651/2057/3805
f 4103/2076/3822 3737/2078/3824 3739/1935/3694 4106/2077/3823
f 3835/2079/3825 3836/2082/3826 3842/2081/3827 3841/2080/3828
f 3774/1944/3701 3776/1945/3704 3660/2062/3810 3694/2083/3829
f 3779/2029/3781 3699/2018/3772 3777/2019/3771 3778/2031/3782
f 3769/2008/3760 3695/1958/3713 3694/2083/3829 3660/2062/3810
f 3847/2084/3830 3844/2013/3765 3851/2014/3768 3850/2085/3831
f 4028/2086/3832 3861/2089/3833 3860/2088/3834 4027/2087/3835
f 3864/2090/3836 3847/2084/3830 3848/2092/3837 3865/2091/3838
f 3850/2085/3831 3855/2093/3839 3848/2092/3837 3847/2084/3830
f 3901/2094/3840 3898/2097/3841 3875/2096/3842 3876/2095/3843
f 3876/2095/3843 3885/2100/3844 3881/2099/3845 3878/2098/3846
f 3904/2101/3847 3889/2104/3848 3886/2103/3849 3907/2102/3850
f 3840/2105/3851 3833/2106/3852 3835/2079/3825 3841/2080/3828
f 3842/2107/3827 3836/2110/3826 3834/2109/3853 3838/2108/3854
f 3862/2068/3815 3866/2069/3817 3837/2112/3855 3832/2111/3856
f 3957/2113/3857 4043/1868/3628 4040/1869/3631 3954/2114/3858
f 3871/2115/3859 3701/2118/3860 3700/2117/3861 3868/2116/3862
f 3962/2119/3863 3961/2122/3864 3969/2121/3865 3966/2120/3866
f 3870/2123/3867 3707/2124/3868 3701/2118/3860 3871/2115/3859
f 3861/2125/3833 3856/2126/3869 3851/2014/3768 3854/2015/3767
f 3707/2127/3868 3870/2130/3867 3872/2129/3870 3703/2128/3871
f 3873/1998/3749 3702/1995/3748 3703/2128/3871 3872/2129/3870
f 3706/1996/3751 3707/2127/3868 3703/2128/3871 3702/1995/3748
f 3706/2131/3751 3869/2132/3750 3868/2116/3862 3700/2117/3861
f 3985/2133/3872 4006/2136/3873 4005/2135/3874 3984/2134/3875
f 4001/2137/3876 3987/2140/3877 3986/2139/3878 3998/2138/3879
f 3857/2141/3880 3860/2088/3834 3853/2143/3881 3852/2142/3882
f 3843/2144/3883 3839/2145/3884 3832/2111/3856 3837/2112/3855
f 3840/2105/3851 3841/2080/3828 3873/1998/3749 3872/2129/3870
f 3871/2115/3859 3868/2116/3862 3838/2108/3854 3839/2145/3884
f 3926/2146/3885 3927/2149/3886 3920/2148/3887 3919/2147/3888
f 4042/2150/3889 3956/2152/3890 3955/2151/3891 4041/1897/3657
f 3960/2153/3892 3963/2156/3893 3829/2155/3894 3824/2154/3895
f 4033/2157/3896 3764/2160/3897 3626/2159/3898 4036/2158/3899
f 3767/2161/3900 3626/2159/3898 3632/1879/3639 3766/1870/3630
f 3754/2162/3901 3734/1894/3656 3638/2061/3809 3725/2163/3902
f 3959/2164/3903 3962/2119/3863 3966/2120/3866 3968/2165/3904
f 3720/2166/3905 3822/2169/3906 3817/2168/3907 3708/2167/3908
f 3972/2170/3909 3970/2172/3910 3960/2153/3892 3965/2171/3911
f 3821/2173/3912 3818/2176/3913 3709/2175/3914 3717/2174/3915
f 3824/2154/3895 3829/2155/3894 3718/2178/3916 3714/2177/3917
f 3724/2179/3918 3723/2035/3787 3713/2036/3786 3719/2180/3919
f 3826/2037/3785 3828/2181/3920 3719/2180/3919 3713/2036/3786
f 3980/2182/3921 3977/2185/3922 3975/2184/3923 3983/2183/3924
f 3822/2169/3906 3972/2170/3909 3968/2165/3904 3817/2168/3907
f 3968/2165/3904 3972/2170/3909 3965/2171/3911 3959/2164/3903
f 3831/2186/3925 3722/2189/3926 3712/2188/3927 3827/2187/3928
f 3719/2180/3919 3828/2181/3920 3827/2187/3928 3712/2188/3927
f 3830/2190/3784 3723/2193/3787 3715/2192/3929 3825/2191/3930
f 3725/2163/3902 3717/2174/3915 3709/2175/3914 3754/2162/3901
f 3818/2176/3913 3823/2195/3931 3721/2194/3932 3709/2175/3914
f 3724/2179/3918 3719/2180/3919 3712/2188/3927 3722/2189/3926
f 3649/2045/3796 3789/2046/3795 4098/1919/3678 4083/2196/3933
f 4159/2197/3934 4162/2200/3935 4163/2199/3936 4160/2198/3937
f 3825/2191/3930 3715/2192/3929 3718/2178/3916 3829/2155/3894
f 3717/2174/3915 3725/2163/3902 3726/2201/3938 3708/2167/3908
f 3821/2173/3912 3717/2174/3915 3708/2167/3908 3817/2168/3907
f 3969/2121/3865 3973/2202/3939 3823/2195/3931 3818/2176/3913
f 3824/2154/3895 3714/2177/3917 3722/2189/3926 3831/2186/3925
f 3714/2177/3917 3718/2178/3916 3724/2179/3918 3722/2189/3926
f 4096/1990/3741 4097/2203/3940 3748/2074/3819 3747/1989/3742
f 3973/2202/3939 3969/2121/3865 3961/2122/3864 3964/2204/3941
f 3970/2172/3910 3971/2205/3942 3963/2156/3893 3960/2153/3892
f 3624/1872/3632 3642/2206/3700 3641/1882/3643 3622/1874/3633
f 3793/2207/3943 3634/2209/3944 3638/2061/3809 3729/2208/3945
f 3726/2201/3938 3725/2163/3902 3638/2061/3809 3634/2209/3944
f 3780/2038/3626 3684/1867/3625 3656/2020/3770 3698/2017/3769
f 3727/1924/3681 3720/2166/3905 3708/2167/3908 3726/2201/3938
f 4008/2210/3946 4004/2213/3947 3983/2212/3924 3981/2211/3948
f 3787/2214/3949 3755/1993/3746 3680/1994/3745 3753/2215/3950
f 3730/2216/3951 3710/2217/3952 3720/2166/3905 3727/1924/3681
f 3786/1896/3654 3683/2218/3798 3684/1903/3625 3681/1895/3655
f 3859/2219/3953 3858/2220/3954 3855/2093/3839 3850/2085/3831
f 4084/2044/3793 4086/1934/3691 3739/1935/3694 3737/2078/3824
f 4096/1990/3741 3689/2066/3814 3686/2221/3955 4097/2203/3940
f 3749/2004/3756 3640/1930/3685 3736/2223/3752 3654/2222/3807
f 4151/1892/3652 3626/2159/3898 3764/2160/3897
f 3736/2223/3752 3640/1930/3685 3635/1883/3642 3735/1881/3641
f 3621/1899/3659 3704/1927/3663 3642/2206/3700 3624/1872/3632
f 4098/1919/3678 3789/2046/3795 3643/1949/3708 4080/1918/3679
f 4030/1926/3684 4027/2087/3835 3860/2088/3834 3857/2141/3880
f 4121/2224/3956 4125/2227/3957 4054/2226/3958 4051/2225/3959
f 4133/2228/3960 4137/2231/3961 4066/2230/3962 4063/2229/3963
f 3686/2221/3955 4086/1934/3691 4084/2044/3793 3649/2045/3796
f 4102/1916/3673 3654/2059/3807 3675/1963/3718 4108/1915/3674
f 3742/1936/3693 4105/2060/3808 4106/2077/3823 3739/1935/3694
f 4094/1954/3711 4095/1987/3740 3746/1988/3743 3745/1940/3697
f 3743/1914/3675 4108/1915/3674 4107/1975/3733 3740/1932/3690
f 3749/2004/3756 3654/2222/3807 3648/1911/3670 3750/1912/3669
f 4073/2232/3964 4068/2234/3965 4138/2233/3966 4117/1986/3739
f 4099/2047/3794 4082/1948/3705 3643/1949/3708 3789/2046/3795
f 3641/2235/3643 3668/2041/3790 3667/2000/3753 3735/2001/3641
f 3692/1905/3666 4026/1906/3665 4029/2236/3967 3693/2007/3758
f 3654/2059/3807 4102/2237/3673 4101/1968/3725 3648/1911/3670
f 3685/1971/3726 4090/1951/3706 4082/1948/3705 3687/1970/3727
f 3650/2238/3968 3748/2074/3819 4097/2203/3940 4083/2196/3933
f 4126/1939/3698 3745/1940/3697 3746/1988/3743 4113/2064/3813
f 4130/2239/3969 4128/2242/3970 4057/2241/3971 4060/2240/3972
f 4113/2064/3813 3746/1988/3743 3747/1989/3742 4132/2072/3818
f 4127/2243/3973 4131/2244/3974 4060/2240/3972 4057/2241/3971
f 3750/1912/3669 3792/1909/3668 3797/2028/3780 3639/1929/3686
f 3758/2245/3975 3732/2247/3976 3730/2216/3951 3757/2246/3977
f 3686/2221/3955 3689/2066/3814 4092/1937/3692 4086/1934/3691
f 3716/2248/3978 3820/2250/3979 3819/2249/3980 3710/2217/3952
f 3790/1920/3677 3650/2238/3968 4083/2196/3933 4098/1919/3678
f 4082/1948/3705 4099/2047/3794 3761/2251/3981 3687/1970/3727
f 4097/2203/3940 3686/2221/3955 3649/2045/3796 4083/2196/3933
f 3705/2252/3982 4028/2086/3832 4027/2087/3835 3625/1898/3658
f 3771/2009/3762 3770/2006/3759 3693/2007/3758 3661/1957/3714
f 3727/1924/3681 3756/1921/3680 3757/2246/3977 3730/2216/3951
f 3732/2247/3976 3716/2248/3978 3710/2217/3952 3730/2216/3951
f 3758/2245/3975 3787/2214/3949 3753/2215/3950 3732/2247/3976
f 4109/2253/3983 4103/2076/3822 3651/2057/3805 3760/1966/3723
f 3753/2215/3950 3711/2254/3984 3716/2248/3978 3732/2247/3976
f 3787/2214/3949 3758/2245/3975 3759/1965/3724 3788/2255/3985
f 3665/1991/3744 3786/2049/3654 3733/2256/3653 3680/1994/3745
f 3680/1994/3745 3733/2256/3653 3682/2257/3986 3753/2215/3950
f 3651/2057/3805 3755/1993/3746 3787/2214/3949 3788/2255/3985
f 3682/2257/3986 3721/2258/3932 3711/2254/3984 3753/2215/3950
f 3754/2162/3901 3709/2175/3914 3721/2194/3932 3682/2259/3986
f 3733/1893/3653 3734/1894/3656 3754/2162/3901 3682/2259/3986
f 3758/2245/3975 3757/2246/3977 3752/1964/3721 3759/1965/3724
f 4030/1926/3684 3621/1899/3659 3625/1898/3658 4027/2087/3835
f 3967/2260/3987 3971/2205/3942 3820/2250/3979 3816/2261/3988
f 4120/2262/3989 3650/2238/3968 3790/1920/3677 4111/2263/3990
f 3757/2246/3977 3756/1921/3680 3731/1922/3683 3752/1964/3721
f 3839/2145/3884 3838/2108/3854 3834/2109/3853 3832/2111/3856
f 3693/2007/3758 4029/2236/3967 4028/2265/3832 3705/2264/3982
f 3771/2009/3762 3661/1957/3714 3695/1958/3713 3769/2008/3760
f 3759/1965/3724 3760/1966/3723 3651/2057/3805 3788/2255/3985
f 3955/2151/3891 3927/2149/3886 3926/2146/3885 3954/2114/3858
f 3762/1956/3715 3661/1957/3714 3693/2007/3758 3705/2264/3982
f 3625/1898/3658 3633/1873/3634 3764/2160/3897 3765/2266/3991
f 3920/2148/3887 3916/2269/3992 3943/2268/3993 3942/2267/3994
f 3768/2270/3995 4034/2271/3996 4036/2158/3899 3626/2159/3898
f 3877/2272/3997 3874/2275/3998 3884/2274/3999 3883/2273/4000
f 4128/2242/3970 4130/2239/3969 4059/2277/4001 4058/2276/4002
f 3885/2100/3844 3882/2280/4003 3908/2279/4004 3906/2278/4005
f 3880/2281/4006 3884/2274/3999 3874/2275/3998 3879/2282/4007
f 3763/1955/3712 4037/2283/4008 4035/2053/3801 3695/1958/3713
f 3882/2280/4003 3875/2096/3842 3877/2285/3997 3883/2284/4000
f 3765/2266/3991 3764/2160/3897 3763/2287/3712 3762/2286/3715
f 3780/1866/3626 4045/2289/3789 4048/2288/4009 3619/1865/3627
f 3762/2286/3715 3705/2252/3982 3625/1898/3658 3765/2266/3991
f 3656/2020/3770 3684/1867/3625 3683/2218/3798 3666/2048/3797
f 3653/1980/3736 4085/2290/3738 4081/1952/3709 3646/1950/3707
f 3779/2029/3781 3783/2032/3661 3785/2291/3821 3699/2018/3772
f 3694/2083/3829 4032/2054/3804 4034/2293/3996 3768/2292/3995
f 3774/1944/3701 3694/2083/3829 3768/2292/3995 3772/2294/4010
f 4015/2295/4011 3813/2298/4012 3812/2297/4013 4013/2296/4014
f 4129/2299/4015 4022/2302/4016 4021/2301/4017 4112/2300/4018
f 3959/2164/3903 3965/2171/3911 3831/2186/3925 3827/2187/3928
f 4039/2303/4019 4038/2304/4020 3696/2030/3783 3697/1947/3702
f 4041/1897/3657 3781/1875/3635 3784/1900/3660 4042/2150/3889
f 3801/2305/4021 3803/2308/4022 3798/2307/4023 3799/2306/4024
f 4131/2244/3974 4127/2243/3973 4056/2065/3812 4061/2063/3811
f 4049/2309/4025 3785/2075/3821 3627/1877/3637 4046/2310/4026
f 4044/2311/4027 3699/2018/3772 3785/2291/3821 4049/2312/4025
f 3986/2139/3878 3987/2140/3877 3994/2314/4028 3992/2313/4029
f 4102/2237/3673 3738/1978/3672 3685/1971/3726 4101/1968/3725
f 4109/2253/3983 4100/1969/3728 3687/1970/3727 3761/2251/3981
f 3752/1964/3721 3731/1922/3683 3751/2315/4030 3647/1967/3722
f 3797/2028/3780 3751/2315/4030 3794/1861/3619 3796/1858/3618
f 4109/2253/3983 3761/2251/3981 3737/2078/3824 4103/2076/3822
f 3791/1910/3671 4100/1969/3728 4109/2253/3983 3760/1966/3723
f 4209/2316/4031 4152/2317/4032 4153/1887/3645 4210/1884/3644
f 3793/2207/3943 3729/2208/3945 3636/1860/3620 3794/1861/3619
f 3792/1909/3668 3791/1910/3671 3760/1966/3723 3647/1967/3722
f 4111/2263/3990 3790/1920/3677 3644/1917/3676 4138/2233/3966
f 3676/2058/3806 3677/2012/3764 3662/2003/3755 3658/1992/3747
f 4101/1968/3725 4100/1969/3728 3791/1910/3671 3648/1911/3670
f 4162/2200/3935 4165/2319/4033 4166/2318/4034 4163/2199/3936
f 3892/2320/4035 3896/2323/4036 3887/2322/4037 3890/2321/4038
f 4151/1892/3652 3764/2160/3897 3633/1873/3634
f 3954/2114/3858 4040/1869/3631 4041/1897/3657 3955/2151/3891
f 4055/2324/4039 4050/2325/4040 4120/2262/3989 4111/2263/3990
f 3917/2326/4041 3921/2022/3776 3945/2328/4042 3940/2327/4043
f 3900/2055/3803 3874/2275/3998 3877/2272/3997 3902/2329/4044
f 3927/2149/3886 3922/2330/4045 3916/2269/3992 3920/2148/3887
f 3926/2146/3885 3919/2147/3888 3918/2332/3775 3925/2331/3774
f 3923/2333/4046 3924/2021/3773 3921/2022/3776 3917/2326/4041
f 4045/2039/3789 4047/2040/3788 3998/2138/3879 4002/2334/4047
f 3934/1890/3650 3939/2337/4048 3932/2336/4049 3933/2335/4050
f 3934/1890/3650 3933/2335/4050 3928/2338/4051 3935/1889/3651
f 3936/2339/4052 3938/2342/4053 3931/2341/4054 3930/2340/4055
f 3936/2339/4052 3930/2340/4055 3929/2344/4056 3937/2343/4057
f 3894/2345/4058 3889/2348/3848 3891/2347/4059 3895/2346/4060
f 3906/2278/4005 3891/2347/4059 3889/2348/3848 3904/2349/3847
f 3802/2350/4061 3803/2353/4022 3801/2352/4021 3800/2351/4062
f 3949/1888/3648 3803/2353/4022 3802/2350/4061 3946/1891/3649
f 3950/2354/4063 3801/2305/4021 3799/2306/4024 3947/2355/4064
f 3843/2356/3883 3837/2357/3855 3833/2106/3852 3840/2105/3851
f 3947/2355/4064 3799/2306/4024 3798/2307/4023 3948/2358/4065
f 3948/2358/4065 3798/2307/4023 3803/2308/4022 3949/2359/3648
f 3951/2360/4066 3800/2351/4062 3801/2352/4021 3950/2361/4063
f 3946/1891/3649 3802/2350/4061 3800/2351/4062 3951/2360/4066
f 3897/2362/4067 3893/2364/4068 3888/2363/4069 3886/2103/3849
f 3697/1947/3702 3774/1944/3701 3772/2294/4010 3773/2365/3629
f 4046/2310/4026 4048/2288/4009 3999/2367/4070 4003/2366/4071
f 3988/2368/4072 3989/2371/4073 3995/2370/4074 3993/2369/4075
f 4035/2053/3801 4037/2283/4008 3899/2372/4076 3903/2056/3802
f 3894/2373/4058 3897/2362/4067 3886/2103/3849 3889/2104/3848
f 3896/2323/4036 3895/2346/4060 3891/2347/4059 3887/2322/4037
f 3814/2374/4077 3815/2377/4078 3811/2376/4079 3810/2375/4080
f 3996/2378/4081 3991/2379/4082 3988/2368/4072 3993/2369/4075
f 3913/2380/4083 3806/2383/4084 3808/2382/4085 3910/2381/4086
f 3984/2134/3875 3981/2211/3948 3978/2385/4087 3976/2384/4088
f 3980/2182/3921 4007/2388/4089 4009/2387/4090 3982/2386/4091
f 3914/2389/4092 3805/2392/4093 3809/2391/4094 3911/2390/4095
f 3915/2393/4096 3804/2394/4097 3805/2392/4093 3914/2389/4092
f 3928/2395/4051 3931/2341/4054 3938/2342/4053 3935/2396/3651
f 4112/2300/4018 4118/2398/4098 4076/2397/4099 4058/2276/4002
f 4110/2399/4100 4018/2402/4101 4024/2401/4102 4135/2400/4103
f 3911/2403/4095 3809/2406/4094 3807/2405/4104 3912/2404/4105
f 3910/2407/4086 3808/2408/4085 3804/2394/4097 3915/2393/4096
f 3912/2404/4105 3807/2405/4104 3806/2383/4084 3913/2380/4083
f 4116/2409/4106 4016/2412/4107 4025/2411/4108 4123/2410/4109
f 4014/2413/4110 3810/2375/4080 3811/2376/4079 4011/2414/4111
f 3863/2415/4112 3865/2418/3838 3848/2417/3837 3846/2416/4113
f 3806/2383/4084 3807/2405/4104 3809/2406/4094 3808/2382/4085
f 3995/2419/4074 3989/2420/4073 3986/2139/3878 3992/2313/4029
f 4044/2311/4027 4049/2312/4025 4000/2421/4114 4001/2137/3876
f 3982/2386/4091 3985/2424/3872 3974/2423/4115 3979/2422/4116
f 4005/2135/3874 4006/2136/3873 3997/2425/4117 3996/2378/4081
f 3997/2426/4117 3994/2314/4028 3987/2140/3877 3990/2427/4118
f 3996/2378/4081 3997/2425/4117 3990/2428/4118 3991/2379/4082
f 4011/2414/4111 3811/2376/4079 3815/2377/4078 4012/2429/4119
f 3816/2261/3988 3820/2250/3979 3716/2248/3978 3711/2254/3984
f 3751/2315/4030 3731/1922/3683 3728/1923/3682 3794/1861/3619
f 4135/2400/4103 4024/2401/4102 4023/2431/4120 4114/2430/4121
f 3880/2281/4006 3879/2282/4007 3878/2433/3846 3881/2432/3845
f 3982/2386/4091 3979/2422/4116 3977/2185/3922 3980/2182/3921
f 4156/2434/4122 4159/2197/3934 4160/2198/3937 4157/2435/4123
f 4013/2296/4014 3812/2297/4013 3814/2437/4077 4010/2436/4124
f 4010/2438/4124 3814/2374/4077 3810/2375/4080 4014/2413/4110
f 4012/2439/4119 3815/2440/4078 3813/2298/4012 4015/2295/4011
f 4119/2441/4125 4019/2444/4126 4017/2443/4127 4141/2442/4128
f 3794/1861/3619 3728/1923/3682 3634/2209/3944 3793/2207/3943
f 3813/2298/4012 3815/2440/4078 3814/2437/4077 3812/2297/4013
f 4123/2410/4109 4025/2411/4108 4018/2402/4101 4110/2399/4100
f 3823/2445/3931 3816/2261/3988 3711/2254/3984 3721/2258/3932
f 3971/2205/3942 3967/2260/3987 3958/2446/4129 3963/2156/3893
f 3941/2447/4130 3932/2336/4049 3929/2449/4056 3944/2448/4131
f 4009/2387/4090 4006/2450/3873 3985/2424/3872 3982/2386/4091
f 3968/2165/3904 3966/2120/3866 3821/2173/3912 3817/2168/3907
f 4007/2388/4089 4004/2451/3947 3995/2419/4074 3992/2313/4029
f 3819/2249/3980 3822/2169/3906 3720/2166/3905 3710/2217/3952
f 3727/1924/3681 3726/2201/3938 3634/2209/3944 3728/1923/3682
f 3966/2120/3866 3969/2121/3865 3818/2176/3913 3821/2173/3912
f 3958/2446/4129 3964/2452/3941 3830/2190/3784 3825/2191/3930
f 3831/2186/3925 3965/2171/3911 3960/2153/3892 3824/2154/3895
f 3868/2116/3862 3869/2132/3750 3842/2107/3827 3838/2108/3854
f 4155/2453/4132 4158/2454/4133 4159/2197/3934 4156/2434/4122
f 4011/2414/4111 4012/2429/4119 3974/2455/4115 3976/2384/4088
f 3830/2034/3784 3964/2204/3941 3961/2122/3864 3826/2037/3785
f 3963/2156/3893 3958/2446/4129 3825/2191/3930 3829/2155/3894
f 3962/2119/3863 3959/2164/3903 3827/2187/3928 3828/2181/3920
f 4114/2430/4121 4023/2431/4120 4022/2302/4016 4129/2299/4015
f 3981/2211/3948 3983/2212/3924 3975/2456/3923 3978/2385/4087
f 3860/2088/3834 3861/2089/3833 3854/2457/3767 3853/2143/3881
f 3853/2143/3881 3854/2457/3767 3849/2070/3766 3845/2071/3816
f 3848/2417/3837 3855/2458/3839 3852/2142/3882 3846/2416/4113
f 3866/2459/3817 3867/2460/4134 3833/2106/3852 3837/2357/3855
f 3701/2118/3860 3707/2124/3868 3706/2131/3751 3700/2117/3861
f 3853/2143/3881 3845/2071/3816 3846/2416/4113 3852/2142/3882
f 3864/2090/3836 3865/2091/3838 3836/2082/3826 3835/2079/3825
f 3836/2110/3826 3865/2418/3838 3863/2415/4112 3834/2109/3853
f 3867/2460/4134 3864/2090/3836 3835/2079/3825 3833/2106/3852
f 3911/2403/4095 3912/2404/4105 3897/2362/4067 3894/2373/4058
f 3863/2415/4112 3862/2068/3815 3832/2111/3856 3834/2109/3853
f 3903/2056/3802 3879/2282/4007 3874/2275/3998 3900/2055/3803
f 3855/2458/3839 3858/2461/3954 3857/2141/3880 3852/2142/3882
f 3859/2219/3953 3850/2085/3831 3851/2014/3768 3856/2126/3869
f 4028/2265/3832 4029/2236/3967 3856/2126/3869 3861/2125/3833
f 4029/2236/3967 4026/1906/3665 3859/2219/3953 3856/2126/3869
f 4026/1906/3665 4031/1907/3664 3858/2220/3954 3859/2219/3953
f 3858/2461/3954 4031/1925/3664 4030/1926/3684 3857/2141/3880
f 3881/2099/3845 3885/2100/3844 3906/2278/4005 3904/2349/3847
f 3863/2415/4112 3846/2416/4113 3845/2071/3816 3862/2068/3815
f 3864/2090/3836 3867/2460/4134 3844/2013/3765 3847/2084/3830
f 3867/2460/4134 3866/2459/3817 3849/2016/3766 3844/2013/3765
f 3870/2130/3867 3843/2356/3883 3840/2105/3851 3872/2129/3870
f 3876/2095/3843 3875/2096/3842 3882/2280/4003 3885/2100/3844
f 3869/1997/3750 3873/1998/3749 3841/2080/3828 3842/2081/3827
f 3907/2102/3850 3909/2462/4135 3884/2274/3999 3880/2281/4006
f 3870/2123/3867 3871/2115/3859 3839/2145/3884 3843/2144/3883
f 3898/2097/3841 3902/2463/4044 3877/2285/3997 3875/2096/3842
f 4033/2157/3896 4036/2158/3899 3898/2097/3841 3901/2094/3840
f 3899/2464/4076 3901/2094/3840 3876/2095/3843 3878/2098/3846
f 4034/2293/3996 4032/2054/3804 3900/2055/3803 3902/2329/4044
f 3905/2465/4136 3890/2321/4038 3887/2322/4037 3908/2279/4004
f 3953/2466/4137 3924/2021/3773 3923/2333/4046 3952/2467/4138
f 3906/2278/4005 3908/2279/4004 3887/2322/4037 3891/2347/4059
f 3952/2467/4138 4038/2304/4020 4039/2303/4019 3953/2466/4137
f 3905/2468/4136 3909/2462/4135 3888/2363/4069 3890/2469/4038
f 3888/2363/4069 3909/2462/4135 3907/2102/3850 3886/2103/3849
f 4037/2470/4008 4033/2157/3896 3901/2094/3840 3899/2464/4076
f 3883/2273/4000 3884/2274/3999 3909/2462/4135 3905/2468/4136
f 4036/2158/3899 4034/2271/3996 3902/2463/4044 3898/2097/3841
f 3914/2389/4092 3911/2390/4095 3894/2345/4058 3895/2346/4060
f 3907/2102/3850 3880/2281/4006 3881/2432/3845 3904/2101/3847
f 4037/2470/4008 3763/2287/3712 3764/2160/3897 4033/2157/3896
f 3908/2279/4004 3882/2280/4003 3883/2284/4000 3905/2465/4136
f 3903/2056/3802 3899/2372/4076 3878/2433/3846 3879/2282/4007
f 3781/1875/3635 3766/1870/3630 4150/1880/3640
f 3913/2380/4083 3910/2381/4086 3892/2471/4035 3893/2364/4068
f 3912/2404/4105 3913/2380/4083 3893/2364/4068 3897/2362/4067
f 3910/2407/4086 3915/2393/4096 3896/2323/4036 3892/2320/4035
f 3915/2393/4096 3914/2389/4092 3895/2346/4060 3896/2323/4036
f 3805/2392/4093 3804/2394/4097 3808/2408/4085 3809/2391/4094
f 3954/2114/3858 3926/2146/3885 3925/2331/3774 3957/2113/3857
f 3955/2151/3891 3956/2152/3890 3922/2330/4045 3927/2149/3886
f 3953/2466/4137 4039/2303/4019 4043/2473/3628 3957/2472/3857
f 3942/2267/3994 3933/2335/4050 3932/2336/4049 3941/2447/4130
f 3953/2466/4137 3957/2472/3857 3925/2024/3774 3924/2021/3773
f 3956/2474/3890 4042/2475/3889 4038/2304/4020 3952/2467/4138
f 3929/2449/4056 3932/2336/4049 3939/2337/4048 3937/2476/4057
f 3940/2327/4043 3931/2341/4054 3928/2395/4051 3943/2477/3993
f 3940/2327/4043 3945/2328/4042 3930/2340/4055 3931/2341/4054
f 3930/2340/4055 3945/2328/4042 3944/2478/4131 3929/2344/4056
f 4008/2210/3946 4005/2135/3874 3996/2378/4081 3993/2369/4075
f 3942/2267/3994 3943/2268/3993 3928/2338/4051 3933/2335/4050
f 3892/2471/4035 3890/2469/4038 3888/2363/4069 3893/2364/4068
f 3950/2354/4063 3947/2355/4064 3936/2339/4052 3937/2343/4057
f 3943/2477/3993 3916/2479/3992 3917/2326/4041 3940/2327/4043
f 3945/2328/4042 3921/2022/3776 3918/2023/3775 3944/2478/4131
f 3944/2448/4131 3918/2332/3775 3919/2147/3888 3941/2447/4130
f 3946/1891/3649 3951/2360/4066 3939/2337/4048 3934/1890/3650
f 3951/2360/4066 3950/2361/4063 3937/2476/4057 3939/2337/4048
f 3947/2355/4064 3948/2358/4065 3938/2342/4053 3936/2339/4052
f 3948/2358/4065 3949/2359/3648 3935/2396/3651 3938/2342/4053
f 4047/2040/3788 4044/2311/4027 4001/2137/3876 3998/2138/3879
f 4081/1952/3709 4085/2290/3738 3652/1985/3730 3645/1959/3716
f 4165/2319/4033 4168/2481/4139 4169/2480/4140 4166/2318/4034
f 3961/2122/3864 3962/2119/3863 3828/2181/3920 3826/2037/3785
f 3823/2445/3931 3973/2482/3939 3967/2260/3987 3816/2261/3988
f 4014/2413/4110 4011/2414/4111 3976/2384/4088 3978/2385/4087
f 3970/2172/3910 3972/2170/3909 3822/2169/3906 3819/2249/3980
f 3820/2250/3979 3971/2205/3942 3970/2172/3910 3819/2249/3980
f 4003/2366/4071 3991/2379/4082 3990/2428/4118 4000/2483/4114
f 4141/2442/4128 4017/2443/4127 4016/2412/4107 4116/2409/4106
f 4010/2438/4124 4014/2413/4110 3978/2385/4087 3975/2456/3923
f 4002/2484/4047 3989/2371/4073 3988/2368/4072 3999/2367/4070
f 4012/2439/4119 4015/2295/4011 3979/2422/4116 3974/2423/4115
f 4013/2296/4014 4010/2436/4124 3975/2184/3923 3977/2185/3922
f 4110/2399/4100 4135/2400/4103 4065/2486/4141 4052/2485/4142
f 3979/2422/4116 4015/2295/4011 4013/2296/4014 3977/2185/3922
f 4112/2300/4018 4021/2301/4017 4020/2487/4143 4118/2398/4098
f 4004/2451/3947 4007/2388/4089 3980/2182/3921 3983/2183/3924
f 4005/2135/3874 4008/2210/3946 3981/2211/3948 3984/2134/3875
f 4118/2398/4098 4020/2487/4143 4019/2444/4126 4119/2488/4125
f 4001/2137/3876 4000/2421/4114 3990/2427/4118 3987/2140/3877
f 4002/2334/4047 3998/2138/3879 3986/2139/3878 3989/2420/4073
f 4003/2366/4071 3999/2367/4070 3988/2368/4072 3991/2379/4082
f 4048/2288/4009 4045/2289/3789 4002/2484/4047 3999/2367/4070
f 4049/2309/4025 4046/2310/4026 4003/2366/4071 4000/2483/4114
f 3985/2133/3872 3984/2134/3875 3976/2384/4088 3974/2455/4115
f 4006/2450/3873 4009/2387/4090 3994/2314/4028 3997/2426/4117
f 4009/2387/4090 4007/2388/4089 3992/2313/4029 3994/2314/4028
f 4004/2213/3947 4008/2210/3946 3993/2369/4075 3995/2370/4074
f 4123/2410/4109 4110/2399/4100 4052/2485/4142 4053/2489/4144
f 4114/2430/4121 4129/2299/4015 4059/2277/4001 4064/2490/4145
f 4129/2299/4015 4112/2300/4018 4058/2276/4002 4059/2277/4001
f 4116/2409/4106 4123/2410/4109 4053/2489/4144 4070/2491/4146
f 4135/2400/4103 4114/2430/4121 4064/2490/4145 4065/2486/4141
f 4141/2442/4128 4116/2409/4106 4070/2491/4146 4071/2492/4147
f 4039/2303/4019 3697/1947/3702 3773/2365/3629 4043/2473/3628
f 3952/2467/4138 3923/2333/4046 3922/2493/4045 3956/2474/3890
f 4077/2494/4148 4073/2232/3964 4117/1986/3739 4147/1984/3729
f 3699/2018/3772 4044/2311/4027 4047/2040/3788 3698/2017/3769
f 4148/2495/4149 4143/2496/4150 4073/2232/3964 4077/2494/4148
f 4078/2497/4151 4072/2498/4152 4143/2496/4150 4148/2495/4149
f 4149/2499/4153 4142/2500/4154 4072/2498/4152 4078/2497/4151
f 4079/2501/4155 4071/2492/4147 4142/2500/4154 4149/2499/4153
f 4077/2502/4148 4147/1972/3729 4144/1938/3695 4074/2503/4156
f 4145/2504/4157 4148/2505/4149 4077/2502/4148 4074/2503/4156
f 4078/2506/4151 4148/2505/4149 4145/2504/4157 4075/2507/4158
f 4146/2508/4159 4149/2509/4153 4078/2506/4151 4075/2507/4158
f 4079/2510/4155 4149/2509/4153 4146/2508/4159 4076/2397/4099
f 4137/2231/3961 4133/2228/3960 4062/2512/4160 4067/2511/4161
f 4062/2512/4160 4061/2063/3811 4113/2064/3813 4132/2072/3818
f 4133/2228/3960 4131/2244/3974 4061/2063/3811 4062/2512/4160
f 4136/2513/4162 4134/2514/4163 4063/2229/3963 4066/2230/3962
f 4063/2229/3963 4060/2240/3972 4131/2244/3974 4133/2228/3960
f 4134/2514/4163 4130/2239/3969 4060/2240/3972 4063/2229/3963
f 4064/2490/4145 4059/2277/4001 4130/2239/3969 4134/2514/4163
f 4125/2227/3957 4121/2224/3956 4050/2325/4040 4055/2324/4039
f 4050/2325/4040 4067/2511/4161 4115/2073/3820 4120/2262/3989
f 4121/2224/3956 4137/2231/3961 4067/2511/4161 4050/2325/4040
f 4066/2230/3962 4137/2231/3961 4121/2224/3956 4051/2225/3959
f 4124/2515/4164 4122/2516/4165 4051/2225/3959 4054/2226/3958
f 3628/1908/3667 3729/2208/3945 3638/2061/3809 3620/1902/3662
f 4122/2516/4165 4136/2513/4162 4066/2230/3962 4051/2225/3959
f 4122/2516/4165 4124/2515/4164 4053/2489/4144 4052/2485/4142
f 4119/2441/4125 4141/2442/4128 4071/2492/4147 4079/2501/4155
f 4065/2486/4141 4136/2513/4162 4122/2516/4165 4052/2485/4142
f 4143/2496/4150 4139/2517/4166 4068/2234/3965 4073/2232/3964
f 4068/2234/3965 4055/2324/4039 4111/2263/3990 4138/2233/3966
f 4139/2517/4166 4125/2227/3957 4055/2324/4039 4068/2234/3965
f 4142/2500/4154 4140/2519/4167 4069/2518/4168 4072/2498/4152
f 4069/2518/4168 4054/2226/3958 4125/2227/3957 4139/2517/4166
f 4140/2519/4167 4124/2515/4164 4054/2226/3958 4069/2518/4168
f 4118/2398/4098 4119/2488/4125 4079/2510/4155 4076/2397/4099
f 4070/2491/4146 4053/2489/4144 4124/2515/4164 4140/2519/4167
f 4074/2503/4156 4144/1938/3695 4126/1939/3698 4056/2065/3812
f 4127/2243/3973 4145/2504/4157 4074/2503/4156 4056/2065/3812
f 4075/2507/4158 4145/2504/4157 4127/2243/3973 4057/2241/3971
f 4128/2242/3970 4146/2508/4159 4075/2507/4158 4057/2241/3971
f 4076/2397/4099 4146/2508/4159 4128/2242/3970 4058/2276/4002
f 4139/2517/4166 4143/2496/4150 4072/2498/4152 4069/2518/4168
f 4157/2435/4123 4160/2198/3937 4158/2454/4133 4155/2453/4132
f 4134/2514/4163 4136/2513/4162 4065/2486/4141 4064/2490/4145
f 4140/2519/4167 4142/2500/4154 4071/2492/4147 4070/2491/4146
f 4158/2454/4133 4161/2520/4169 4162/2200/3935 4159/2197/3934
f 4150/1880/3640 3766/1870/3630 3632/1879/3639
f 3715/2192/3929 3723/2193/3787 3724/2179/3918 3718/2178/3916
f 4138/2233/3966 3644/1917/3676 3645/1959/3716 4117/1986/3739
f 4152/2317/4032 4155/2453/4132 4156/2434/4122 4153/1887/3645
f 4211/1885/3647 4154/1886/3646 4152/2317/4032 4209/2316/4031
f 4153/1887/3645 4156/2434/4122 4157/2435/4123 4154/1886/3646
f 4160/2198/3937 4163/2199/3936 4161/2520/4169 4158/2454/4133
f 4154/1886/3646 4157/2435/4123 4155/2453/4132 4152/2317/4032
f 4163/2199/3936 4166/2318/4034 4164/2521/4170 4161/2520/4169
f 4168/2481/4139 4171/2523/4171 4172/2522/4172 4169/2480/4140
f 4164/2521/4170 4167/2524/4173 4168/2481/4139 4165/2319/4033
f 4166/2318/4034 4169/2480/4140 4167/2524/4173 4164/2521/4170
f 4171/2523/4171 4174/2526/4174 4175/2525/4175 4172/2522/4172
f 4167/2524/4173 4170/2527/4176 4171/2523/4171 4168/2481/4139
f 4169/2480/4140 4172/2522/4172 4170/2527/4176 4167/2524/4173
f 4174/2526/4174 4177/2529/4177 4178/2528/4178 4175/2525/4175
f 4170/2527/4176 4173/2530/4179 4174/2526/4174 4171/2523/4171
f 4172/2522/4172 4175/2525/4175 4173/2530/4179 4170/2527/4176
f 4177/2529/4177 4180/2532/4180 4181/2531/4181 4178/2528/4178
f 4173/2530/4179 4176/2533/4182 4177/2529/4177 4174/2526/4174
f 4175/2525/4175 4178/2528/4178 4176/2533/4182 4173/2530/4179
f 4180/2532/4180 4183/2535/4183 4184/2534/4184 4181/2531/4181
f 4176/2533/4182 4179/2536/4185 4180/2532/4180 4177/2529/4177
f 4178/2528/4178 4181/2531/4181 4179/2536/4185 4176/2533/4182
f 4183/2535/4183 4186/2538/4186 4187/2537/4187 4184/2534/4184
f 4179/2536/4185 4182/2539/4188 4183/2535/4183 4180/2532/4180
f 4181/2531/4181 4184/2534/4184 4182/2539/4188 4179/2536/4185
f 4186/2538/4186 4189/2541/4189 4190/2540/4190 4187/2537/4187
f 4182/2539/4188 4185/2542/4191 4186/2538/4186 4183/2535/4183
f 4184/2534/4184 4187/2537/4187 4185/2542/4191 4182/2539/4188
f 4189/2541/4189 4192/2544/4192 4193/2543/4193 4190/2540/4190
f 4185/2542/4191 4188/2545/4194 4189/2541/4189 4186/2538/4186
f 4187/2537/4187 4190/2540/4190 4188/2545/4194 4185/2542/4191
f 4192/2544/4192 4195/2547/4195 4196/2546/4196 4193/2543/4193
f 4188/2545/4194 4191/2548/4197 4192/2544/4192 4189/2541/4189
f 4190/2540/4190 4193/2543/4193 4191/2548/4197 4188/2545/4194
f 4195/2547/4195 4198/2550/4198 4199/2549/4199 4196/2546/4196
f 4191/2548/4197 4194/2551/4200 4195/2547/4195 4192/2544/4192
f 4193/2543/4193 4196/2546/4196 4194/2551/4200 4191/2548/4197
f 4198/2550/4198 4201/2553/4201 4202/2552/4202 4199/2549/4199
f 4194/2551/4200 4197/2554/4203 4198/2550/4198 4195/2547/4195
f 4196/2546/4196 4199/2549/4199 4197/2554/4203 4194/2551/4200
f 4201/2553/4201 4204/2556/4204 4205/2555/4205 4202/2552/4202
f 4197/2554/4203 4200/2557/4206 4201/2553/4201 4198/2550/4198
f 4199/2549/4199 4202/2552/4202 4200/2557/4206 4197/2554/4203
f 4204/2556/4204 4207/2559/4207 4208/2558/4208 4205/2555/4205
f 4200/2557/4206 4203/2560/4209 4204/2556/4204 4201/2553/4201
f 4202/2552/4202 4205/2555/4205 4203/2560/4209 4200/2557/4206
f 4207/2559/4207 4210/1884/3644 4211/1885/3647 4208/2558/4208
f 4203/2560/4209 4206/2561/4210 4207/2559/4207 4204/2556/4204
f 4205/2555/4205 4208/2558/4208 4206/2561/4210 4203/2560/4209
f 4206/2561/4210 4209/2316/4031 4210/1884/3644 4207/2559/4207
f 4208/2558/4208 4211/1885/3647 4209/2316/4031 4206/2561/4210
f 3695/1958/3713 4035/2053/3801 4032/2054/3804 3694/2083/3829
f 4046/2310/4026 3627/1877/3637 3619/1865/3627 4048/2288/4009
f 3622/1874/3633 3635/1883/3642 3637/1928/3687 3630/1862/3623
f 3967/2260/3987 3973/2482/3939 3964/2452/3941 3958/2446/4129
f 3922/2493/4045 3923/2333/4046 3917/2326/4041 3916/2479/3992
f 3772/2562/4010 3768/2270/3995 3626/2159/3898 3767/2161/3900
f 3772/2562/4010 3767/2161/3900 3766/1870/3630 3773/1871/3629
f 4099/2047/3794 4084/2044/3793 3737/2078/3824 3761/2251/3981
f 4042/2475/3889 3784/2033/3660 3696/2030/3783 4038/2304/4020
f 3632/1879/3639 3626/2159/3898 4151/1892/3652
f 3776/1945/3704 3775/1946/3703 3671/2025/3779 3660/2062/3810
f 4161/2520/4169 4164/2521/4170 4165/2319/4033 4162/2200/3935
f 4106/2077/3823 4105/2060/3808 3677/2012/3764 3676/2058/3806
f 3636/1860/3620 3729/2208/3945 3628/1908/3667 3629/1863/3622
f 3919/2147/3888 3920/2148/3887 3942/2267/3994 3941/2447/4130
f 3642/1942/3700 3655/1943/3699 3668/2041/3790 3641/2235/3643
f 3778/2031/3782 3777/2019/3771 3673/2026/3778 3659/2027/3777
f 4107/1975/3733 4108/1915/3674 3675/1963/3718 3679/1960/3717
f 3751/2315/4030 3797/2028/3780 3792/1909/3668 3647/1967/3722
f 4115/2073/3820 3748/2074/3819 3650/2238/3968 4120/2262/3989
f 4067/2511/4161 4062/2512/4160 4132/2072/3818 4115/2073/3820
